{"type":"FeatureCollection","features":[{"type":"Feature","id":"BDI","properties":{"name":"Burundi","iso3":"BDI"},"geometry":{"type":"Polygon","coordinates":[[[29.339998,-4.499983],[29.276384,-3.293907],[29.024926,-2.839258],[29.632176,-2.917858],[29.938359,-2.348487],[30.469696,-2.413858],[30.527677,-2.807632],[30.743013,-3.034285],[30.752263,-3.35933],[30.50556,-3.568567],[30.116333,-4.090138],[29.753512,-4.452389],[29.339998,-4.499983]]]}},{"type":"Feature","id":"LUX","properties":{"name":"Luxembourg","iso3":"LUX"},"geometry":{"type":"Polygon","coordinates":[[[6.043073,50.128052],[6.242751,49.902226],[6.18632,49.463803],[5.897759,49.442667],[5.674052,49.529484],[5.782417,50.090328],[6.043073,50.128052]]]}},{"type":"Feature","id":"ISR","properties":{"name":"Israel","iso3":"ISR"},"geometry":{"type":"Polygon","coordinates":[[[35.719918,32.709192],[35.545665,32.393992],[35.18393,32.532511],[34.974641,31.866582],[35.225892,31.754341],[34.970507,31.616778],[34.927408,31.353435],[35.397561,31.489086],[35.420918,31.100066],[34.922603,29.501326],[34.265433,31.219361],[34.556372,31.548824],[34.488107,31.605539],[34.752587,32.072926],[34.955417,32.827376],[35.098457,33.080539],[35.126053,33.0909],[35.460709,33.08904],[35.552797,33.264275],[35.821101,33.277426],[35.836397,32.868123],[35.700798,32.716014],[35.719918,32.709192]]]}},{"type":"Feature","id":"GAB","properties":{"name":"Gabon","iso3":"GAB"},"geometry":{"type":"Polygon","coordinates":[[[11.093773,-3.978827],[10.066135,-2.969483],[9.405245,-2.144313],[8.797996,-1.111301],[8.830087,-0.779074],[9.04842,-0.459351],[9.291351,0.268666],[9.492889,1.01012],[9.830284,1.067894],[11.285079,1.057662],[11.276449,2.261051],[11.751665,2.326758],[12.35938,2.192812],[12.951334,2.321616],[13.075822,2.267097],[13.003114,1.830896],[13.282631,1.314184],[14.026669,1.395677],[14.276266,1.19693],[13.843321,0.038758],[14.316418,-0.552627],[14.425456,-1.333407],[14.29921,-1.998276],[13.992407,-2.470805],[13.109619,-2.42874],[12.575284,-1.948511],[12.495703,-2.391688],[11.820964,-2.514161],[11.478039,-2.765619],[11.855122,-3.426871],[11.093773,-3.978827]]]}},{"type":"Feature","id":"TGO","properties":{"name":"Togo","iso3":"TGO"},"geometry":{"type":"Polygon","coordinates":[[[1.865241,6.142158],[1.060122,5.928837],[0.836931,6.279979],[0.570384,6.914359],[0.490957,7.411744],[0.712029,8.312465],[0.461192,8.677223],[0.365901,9.465004],[0.36758,10.191213],[-0.049785,10.706918],[0.023803,11.018682],[0.899563,10.997339],[0.772336,10.470808],[1.077795,10.175607],[1.425061,9.825395],[1.463043,9.334624],[1.664478,9.12859],[1.618951,6.832038],[1.865241,6.142158]]]}},{"type":"Feature","id":"LAO","properties":{"name":"Laos","iso3":"LAO"},"geometry":{"type":"Polygon","coordinates":[[[105.218777,14.273212],[105.544338,14.723934],[105.589039,15.570316],[104.779321,16.441865],[104.716947,17.428859],[103.956477,18.240954],[103.200192,18.309632],[102.998706,17.961695],[102.413005,17.932782],[102.113592,18.109102],[101.059548,17.512497],[101.035931,18.408928],[101.282015,19.462585],[100.606294,19.508344],[100.548881,20.109238],[100.115988,20.41785],[100.329101,20.786122],[101.180005,21.436573],[101.270026,21.201652],[101.80312,21.174367],[101.652018,22.318199],[102.170436,22.464753],[102.754896,21.675137],[103.203861,20.766562],[104.435,20.758733],[104.822574,19.886642],[104.183388,19.624668],[103.896532,19.265181],[105.094598,18.666975],[105.925762,17.485315],[106.556008,16.604284],[107.312706,15.908538],[107.564525,15.202173],[107.382727,14.202441],[106.496373,14.570584],[106.043946,13.881091],[105.218777,14.273212]]]}},{"type":"Feature","id":"KWT","properties":{"name":"Kuwait","iso3":"KWT"},"geometry":{"type":"Polygon","coordinates":[[[47.974519,29.975819],[48.183189,29.534477],[48.093943,29.306299],[48.416094,28.552004],[47.708851,28.526063],[47.459822,29.002519],[46.568713,29.099025],[47.302622,30.05907],[47.974519,29.975819]]]}},{"type":"Feature","id":"CYP","properties":{"name":"Cyprus","iso3":"CYP"},"geometry":{"type":"Polygon","coordinates":[[[33.973617,35.058506],[34.004881,34.978098],[32.979827,34.571869],[32.490296,34.701655],[32.256667,35.103232],[32.73178,35.140026],[32.919572,35.087833],[33.190977,35.173125],[33.383833,35.162712],[33.455922,35.101424],[33.475817,35.000345],[33.525685,35.038688],[33.675392,35.017863],[33.86644,35.093595],[33.973617,35.058506]]]}},{"type":"Feature","id":"JPN","properties":{"name":"Japan","iso3":"JPN"},"geometry":{"type":"MultiPolygon","coordinates":[[[[134.638428,34.149234],[134.766379,33.806335],[134.203416,33.201178],[133.79295,33.521985],[133.280268,33.28957],[133.014858,32.704567],[132.363115,32.989382],[132.371176,33.463642],[132.924373,34.060299],[133.492968,33.944621],[133.904106,34.364931],[134.638428,34.149234]]],[[[140.976388,37.142074],[140.59977,36.343983],[140.774074,35.842877],[140.253279,35.138114],[138.975528,34.6676],[137.217599,34.606286],[135.792983,33.464805],[135.120983,33.849071],[135.079435,34.596545],[133.340316,34.375938],[132.156771,33.904933],[130.986145,33.885761],[132.000036,33.149992],[131.33279,31.450355],[130.686318,31.029579],[130.20242,31.418238],[130.447676,32.319475],[129.814692,32.61031],[129.408463,33.296056],[130.353935,33.604151],[130.878451,34.232743],[131.884229,34.749714],[132.617673,35.433393],[134.608301,35.731618],[135.677538,35.527134],[136.723831,37.304984],[137.390612,36.827391],[138.857602,37.827485],[139.426405,38.215962],[140.05479,39.438807],[139.883379,40.563312],[140.305783,41.195005],[141.368973,41.37856],[141.914263,39.991616],[141.884601,39.180865],[140.959489,38.174001],[140.976388,37.142074]]],[[[143.910162,44.1741],[144.613427,43.960883],[145.320825,44.384733],[145.543137,43.262088],[144.059662,42.988358],[143.18385,41.995215],[141.611491,42.678791],[141.067286,41.584594],[139.955106,41.569556],[139.817544,42.563759],[140.312087,43.333273],[141.380549,43.388825],[141.671952,44.772125],[141.967645,45.551483],[143.14287,44.510358],[143.910162,44.1741]]]]}},{"type":"Feature","id":"LBY","properties":{"name":"Libya","iso3":"LBY"},"geometry":{"type":"Polygon","coordinates":[[[14.8513,22.86295],[14.143871,22.491289],[13.581425,23.040506],[11.999506,23.471668],[11.560669,24.097909],[10.771364,24.562532],[10.303847,24.379313],[9.948261,24.936954],[9.910693,25.365455],[9.319411,26.094325],[9.716286,26.512206],[9.629056,27.140953],[9.756128,27.688259],[9.683885,28.144174],[9.859998,28.95999],[9.805634,29.424638],[9.48214,30.307556],[9.970017,30.539325],[10.056575,30.961831],[9.950225,31.37607],[10.636901,31.761421],[10.94479,32.081815],[11.432253,32.368903],[11.488787,33.136996],[12.66331,32.79278],[13.08326,32.87882],[13.91868,32.71196],[15.24563,32.26508],[15.71394,31.37626],[16.61162,31.18218],[18.02109,30.76357],[19.08641,30.26639],[19.57404,30.52582],[20.05335,30.98576],[19.82033,31.75179],[20.13397,32.2382],[20.85452,32.7068],[21.54298,32.8432],[22.89576,32.63858],[23.2368,32.19149],[23.60913,32.18726],[23.9275,32.01667],[24.92114,31.89936],[25.16482,31.56915],[24.80287,31.08929],[24.95762,30.6616],[24.70007,30.04419],[25,29.238655],[25,25.6825],[25,22],[25,20.00304],[23.85,20],[23.83766,19.58047],[19.84926,21.49509],[15.86085,23.40972],[14.8513,22.86295]]]}},{"type":"Feature","id":"MDG","properties":{"name":"Madagascar","iso3":"MDG"},"geometry":{"type":"Polygon","coordinates":[[[49.543519,-12.469833],[49.808981,-12.895285],[50.056511,-13.555761],[50.217431,-14.758789],[50.476537,-15.226512],[50.377111,-15.706069],[50.200275,-16.000263],[49.860606,-15.414253],[49.672607,-15.710204],[49.863344,-16.451037],[49.774564,-16.875042],[49.498612,-17.106036],[49.435619,-17.953064],[49.041792,-19.118781],[48.548541,-20.496888],[47.930749,-22.391501],[47.547723,-23.781959],[47.095761,-24.94163],[46.282478,-25.178463],[45.409508,-25.601434],[44.833574,-25.346101],[44.03972,-24.988345],[43.763768,-24.460677],[43.697778,-23.574116],[43.345654,-22.776904],[43.254187,-22.057413],[43.433298,-21.336475],[43.893683,-21.163307],[43.89637,-20.830459],[44.374325,-20.072366],[44.464397,-19.435454],[44.232422,-18.961995],[44.042976,-18.331387],[43.963084,-17.409945],[44.312469,-16.850496],[44.446517,-16.216219],[44.944937,-16.179374],[45.502732,-15.974373],[45.872994,-15.793454],[46.312243,-15.780018],[46.882183,-15.210182],[47.70513,-14.594303],[48.005215,-14.091233],[47.869047,-13.663869],[48.293828,-13.784068],[48.84506,-13.089175],[48.863509,-12.487868],[49.194651,-12.040557],[49.543519,-12.469833]]]}},{"type":"Feature","id":"BGR","properties":{"name":"Bulgaria","iso3":"BGR"},"geometry":{"type":"Polygon","coordinates":[[[22.65715,44.234923],[22.944832,43.823785],[23.332302,43.897011],[24.100679,43.741051],[25.569272,43.688445],[26.065159,43.943494],[27.2424,44.175986],[27.970107,43.812468],[28.558081,43.707462],[28.039095,43.293172],[27.673898,42.577892],[27.99672,42.007359],[27.135739,42.141485],[26.117042,41.826905],[26.106138,41.328899],[25.197201,41.234486],[24.492645,41.583896],[23.692074,41.309081],[22.952377,41.337994],[22.881374,41.999297],[22.380526,42.32026],[22.545012,42.461362],[22.436595,42.580321],[22.604801,42.898519],[22.986019,43.211161],[22.500157,43.642814],[22.410446,44.008063],[22.65715,44.234923]]]}},{"type":"Feature","id":"TKM","properties":{"name":"Turkmenistan","iso3":"TKM"},"geometry":{"type":"Polygon","coordinates":[[[61.210817,35.650072],[61.123071,36.491597],[60.377638,36.527383],[59.234762,37.412988],[58.436154,37.522309],[57.330434,38.029229],[56.619366,38.121394],[56.180375,37.935127],[55.511578,37.964117],[54.800304,37.392421],[53.921598,37.198918],[53.735511,37.906136],[53.880929,38.952093],[53.101028,39.290574],[53.357808,39.975286],[52.693973,40.033629],[52.915251,40.876523],[53.858139,40.631034],[54.736845,40.951015],[54.008311,41.551211],[53.721713,42.123191],[52.91675,41.868117],[52.814689,41.135371],[52.50246,41.783316],[52.944293,42.116034],[54.079418,42.324109],[54.755345,42.043971],[55.455251,41.259859],[55.968191,41.308642],[57.096391,41.32231],[56.932215,41.826026],[57.78653,42.170553],[58.629011,42.751551],[59.976422,42.223082],[60.083341,41.425146],[60.465953,41.220327],[61.547179,41.26637],[61.882714,41.084857],[62.37426,40.053886],[63.518015,39.363257],[64.170223,38.892407],[65.215999,38.402695],[66.54615,37.974685],[66.518607,37.362784],[66.217385,37.39379],[65.745631,37.661164],[65.588948,37.305217],[64.746105,37.111818],[64.546479,36.312073],[63.982896,36.007957],[63.193538,35.857166],[62.984662,35.404041],[62.230651,35.270664],[61.210817,35.650072]]]}},{"type":"Feature","id":"CHE","properties":{"name":"Switzerland","iso3":"CHE"},"geometry":{"type":"Polygon","coordinates":[[[9.594226,47.525058],[9.632932,47.347601],[9.47997,47.10281],[9.932448,46.920728],[10.442701,46.893546],[10.363378,46.483571],[9.922837,46.314899],[9.182882,46.440215],[8.966306,46.036932],[8.489952,46.005151],[8.31663,46.163642],[7.755992,45.82449],[7.273851,45.776948],[6.843593,45.991147],[6.5001,46.429673],[6.022609,46.27299],[6.037389,46.725779],[6.768714,47.287708],[6.736571,47.541801],[7.192202,47.449766],[7.466759,47.620582],[8.317301,47.61358],[8.522612,47.830828],[9.594226,47.525058]]]}},{"type":"Feature","id":"TTO","properties":{"name":"Trinidad and Tobago","iso3":"TTO"},"geometry":{"type":"Polygon","coordinates":[[[-61.68,10.76],[-61.105,10.89],[-60.895,10.855],[-60.935,10.11],[-61.77,10],[-61.95,10.09],[-61.66,10.365],[-61.68,10.76]]]}},{"type":"Feature","id":"CHN","properties":{"name":"China","iso3":"CHN"},"geometry":{"type":"MultiPolygon","coordinates":[[[[110.339188,18.678395],[109.47521,18.197701],[108.655208,18.507682],[108.626217,19.367888],[109.119056,19.821039],[110.211599,20.101254],[110.786551,20.077534],[111.010051,19.69593],[110.570647,19.255879],[110.339188,18.678395]]],[[[127.657407,49.76027],[129.397818,49.4406],[130.582293,48.729687],[130.987282,47.790132],[132.506672,47.78897],[133.373596,48.183442],[135.026311,48.47823],[134.500814,47.57844],[134.112362,47.212467],[133.769644,46.116927],[133.097127,45.144066],[131.883454,45.321162],[131.025212,44.967953],[131.288555,44.11152],[131.144688,42.92999],[130.633866,42.903015],[130.640016,42.395009],[129.994267,42.985387],[129.596669,42.424982],[128.052215,41.994285],[128.208433,41.466772],[127.343783,41.503152],[126.869083,41.816569],[126.182045,41.107336],[125.079942,40.569824],[124.265625,39.928493],[122.86757,39.637788],[122.131388,39.170452],[121.054554,38.897471],[121.585995,39.360854],[121.376757,39.750261],[122.168595,40.422443],[121.640359,40.94639],[120.768629,40.593388],[119.639602,39.898056],[119.023464,39.252333],[118.042749,39.204274],[117.532702,38.737636],[118.059699,38.061476],[118.87815,37.897325],[118.911636,37.448464],[119.702802,37.156389],[120.823457,37.870428],[121.711259,37.481123],[122.357937,37.454484],[122.519995,36.930614],[121.104164,36.651329],[120.637009,36.11144],[119.664562,35.609791],[119.151208,34.909859],[120.227525,34.360332],[120.620369,33.376723],[121.229014,32.460319],[121.908146,31.692174],[121.891919,30.949352],[121.264257,30.676267],[121.503519,30.142915],[122.092114,29.83252],[121.938428,29.018022],[121.684439,28.225513],[121.125661,28.135673],[120.395473,27.053207],[119.585497,25.740781],[118.656871,24.547391],[117.281606,23.624501],[115.890735,22.782873],[114.763827,22.668074],[114.152547,22.22376],[113.80678,22.54834],[113.241078,22.051367],[111.843592,21.550494],[110.785466,21.397144],[110.444039,20.341033],[109.889861,20.282457],[109.627655,21.008227],[109.864488,21.395051],[108.522813,21.715212],[108.05018,21.55238],[107.04342,21.811899],[106.567273,22.218205],[106.725403,22.794268],[105.811247,22.976892],[105.329209,23.352063],[104.476858,22.81915],[103.504515,22.703757],[102.706992,22.708795],[102.170436,22.464753],[101.652018,22.318199],[101.80312,21.174367],[101.270026,21.201652],[101.180005,21.436573],[101.150033,21.849984],[100.416538,21.558839],[99.983489,21.742937],[99.240899,22.118314],[99.531992,22.949039],[98.898749,23.142722],[98.660262,24.063286],[97.60472,23.897405],[97.724609,25.083637],[98.671838,25.918703],[98.712094,26.743536],[98.68269,27.508812],[98.246231,27.747221],[97.911988,28.335945],[97.327114,28.261583],[96.248833,28.411031],[96.586591,28.83098],[96.117679,29.452802],[95.404802,29.031717],[94.56599,29.277438],[93.413348,28.640629],[92.503119,27.896876],[91.696657,27.771742],[91.258854,28.040614],[90.730514,28.064954],[90.015829,28.296439],[89.47581,28.042759],[88.814248,27.299316],[88.730326,28.086865],[88.120441,27.876542],[86.954517,27.974262],[85.82332,28.203576],[85.011638,28.642774],[84.23458,28.839894],[83.898993,29.320226],[83.337115,29.463732],[82.327513,30.115268],[81.525804,30.422717],[81.111256,30.183481],[79.721367,30.882715],[78.738894,31.515906],[78.458446,32.618164],[79.176129,32.48378],[79.208892,32.994395],[78.811086,33.506198],[78.912269,34.321936],[77.837451,35.49401],[76.192848,35.898403],[75.896897,36.666806],[75.158028,37.133031],[74.980002,37.41999],[74.829986,37.990007],[74.864816,38.378846],[74.257514,38.606507],[73.928852,38.505815],[73.675379,39.431237],[73.960013,39.660008],[73.822244,39.893973],[74.776862,40.366425],[75.467828,40.562072],[76.526368,40.427946],[76.904484,41.066486],[78.187197,41.185316],[78.543661,41.582243],[80.11943,42.123941],[80.25999,42.349999],[80.18015,42.920068],[80.866206,43.180362],[79.966106,44.917517],[81.947071,45.317027],[82.458926,45.53965],[83.180484,47.330031],[85.16429,47.000956],[85.720484,47.452969],[85.768233,48.455751],[86.598776,48.549182],[87.35997,49.214981],[87.751264,49.297198],[88.013832,48.599463],[88.854298,48.069082],[90.280826,47.693549],[90.970809,46.888146],[90.585768,45.719716],[90.94554,45.286073],[92.133891,45.115076],[93.480734,44.975472],[94.688929,44.352332],[95.306875,44.241331],[95.762455,43.319449],[96.349396,42.725635],[97.451757,42.74889],[99.515817,42.524691],[100.845866,42.663804],[101.83304,42.514873],[103.312278,41.907468],[104.522282,41.908347],[104.964994,41.59741],[106.129316,42.134328],[107.744773,42.481516],[109.243596,42.519446],[110.412103,42.871234],[111.129682,43.406834],[111.829588,43.743118],[111.667737,44.073176],[111.348377,44.457442],[111.873306,45.102079],[112.436062,45.011646],[113.463907,44.808893],[114.460332,45.339817],[115.985096,45.727235],[116.717868,46.388202],[117.421701,46.672733],[118.874326,46.805412],[119.66327,46.69268],[119.772824,47.048059],[118.866574,47.74706],[118.064143,48.06673],[117.295507,47.697709],[116.308953,47.85341],[115.742837,47.726545],[115.485282,48.135383],[116.191802,49.134598],[116.678801,49.888531],[117.879244,49.510983],[119.288461,50.142883],[119.279366,50.582908],[120.18205,51.643566],[120.738191,51.964115],[120.725789,52.516226],[120.177089,52.753886],[121.003085,53.251401],[122.245748,53.431726],[123.571507,53.458804],[125.068211,53.161045],[125.946349,52.792799],[126.564399,51.784255],[126.939157,51.353894],[127.287456,50.739797],[127.657407,49.76027]]]]}},{"type":"Feature","id":"THA","properties":{"name":"Thailand","iso3":"THA"},"geometry":{"type":"Polygon","coordinates":[[[102.584932,12.186595],[101.687158,12.64574],[100.83181,12.627085],[100.978467,13.412722],[100.097797,13.406856],[100.018733,12.307001],[99.478921,10.846367],[99.153772,9.963061],[99.222399,9.239255],[99.873832,9.207862],[100.279647,8.295153],[100.459274,7.429573],[101.017328,6.856869],[101.623079,6.740622],[102.141187,6.221636],[101.814282,5.810808],[101.154219,5.691384],[101.075516,6.204867],[100.259596,6.642825],[100.085757,6.464489],[99.690691,6.848213],[99.519642,7.343454],[98.988253,7.907993],[98.503786,8.382305],[98.339662,7.794512],[98.150009,8.350007],[98.25915,8.973923],[98.553551,9.93296],[99.038121,10.960546],[99.587286,11.892763],[99.196354,12.804748],[99.212012,13.269294],[99.097755,13.827503],[98.430819,14.622028],[98.192074,15.123703],[98.537376,15.308497],[98.903348,16.177824],[98.493761,16.837836],[97.859123,17.567946],[97.375896,18.445438],[97.797783,18.62708],[98.253724,19.708203],[98.959676,19.752981],[99.543309,20.186598],[100.115988,20.41785],[100.548881,20.109238],[100.606294,19.508344],[101.282015,19.462585],[101.035931,18.408928],[101.059548,17.512497],[102.113592,18.109102],[102.413005,17.932782],[102.998706,17.961695],[103.200192,18.309632],[103.956477,18.240954],[104.716947,17.428859],[104.779321,16.441865],[105.589039,15.570316],[105.544338,14.723934],[105.218777,14.273212],[104.281418,14.416743],[102.988422,14.225721],[102.348099,13.394247],[102.584932,12.186595]]]}},{"type":"Feature","id":"RWA","properties":{"name":"Rwanda","iso3":"RWA"},"geometry":{"type":"Polygon","coordinates":[[[30.419105,-1.134659],[30.816135,-1.698914],[30.758309,-2.28725],[30.469696,-2.413858],[29.938359,-2.348487],[29.632176,-2.917858],[29.024926,-2.839258],[29.117479,-2.292211],[29.254835,-2.21511],[29.291887,-1.620056],[29.579466,-1.341313],[29.821519,-1.443322],[30.419105,-1.134659]]]}},{"type":"Feature","id":"LVA","properties":{"name":"Latvia","iso3":"LVA"},"geometry":{"type":"Polygon","coordinates":[[[21.0558,56.031076],[21.090424,56.783873],[21.581866,57.411871],[22.524341,57.753374],[23.318453,57.006236],[24.12073,57.025693],[24.312863,57.793424],[25.164594,57.970157],[25.60281,57.847529],[26.463532,57.476389],[27.288185,57.474528],[27.770016,57.244258],[27.855282,56.759326],[28.176709,56.16913],[27.10246,55.783314],[26.494331,55.615107],[25.533047,56.100297],[25.000934,56.164531],[24.860684,56.372528],[23.878264,56.273671],[22.201157,56.337802],[21.0558,56.031076]]]}},{"type":"Feature","id":"CHL","properties":{"name":"Chile","iso3":"CHL"},"geometry":{"type":"MultiPolygon","coordinates":[[[[-68.63401,-52.63637],[-68.63335,-54.8695],[-67.56244,-54.87001],[-66.95992,-54.89681],[-67.29103,-55.30124],[-68.14863,-55.61183],[-68.639991,-55.580018],[-69.2321,-55.49906],[-69.95809,-55.19843],[-71.00568,-55.05383],[-72.2639,-54.49514],[-73.2852,-53.95752],[-74.66253,-52.83749],[-73.8381,-53.04743],[-72.43418,-53.7154],[-71.10773,-54.07433],[-70.59178,-53.61583],[-70.26748,-52.93123],[-69.34565,-52.5183],[-68.63401,-52.63637]]],[[[-68.219913,-21.494347],[-67.82818,-22.872919],[-67.106674,-22.735925],[-66.985234,-22.986349],[-67.328443,-24.025303],[-68.417653,-24.518555],[-68.386001,-26.185016],[-68.5948,-26.506909],[-68.295542,-26.89934],[-69.001235,-27.521214],[-69.65613,-28.459141],[-70.01355,-29.367923],[-69.919008,-30.336339],[-70.535069,-31.36501],[-70.074399,-33.09121],[-69.814777,-33.273886],[-69.817309,-34.193571],[-70.388049,-35.169688],[-70.364769,-36.005089],[-71.121881,-36.658124],[-71.118625,-37.576827],[-70.814664,-38.552995],[-71.413517,-38.916022],[-71.680761,-39.808164],[-71.915734,-40.832339],[-71.746804,-42.051386],[-72.148898,-42.254888],[-71.915424,-43.408565],[-71.464056,-43.787611],[-71.793623,-44.207172],[-71.329801,-44.407522],[-71.222779,-44.784243],[-71.659316,-44.973689],[-71.552009,-45.560733],[-71.917258,-46.884838],[-72.447355,-47.738533],[-72.331161,-48.244238],[-72.648247,-48.878618],[-73.415436,-49.318436],[-73.328051,-50.378785],[-72.975747,-50.74145],[-72.309974,-50.67701],[-72.329404,-51.425956],[-71.914804,-52.009022],[-69.498362,-52.142761],[-68.571545,-52.299444],[-69.461284,-52.291951],[-69.94278,-52.537931],[-70.845102,-52.899201],[-71.006332,-53.833252],[-71.429795,-53.856455],[-72.557943,-53.53141],[-73.702757,-52.835069],[-73.702757,-52.83507],[-74.946763,-52.262754],[-75.260026,-51.629355],[-74.976632,-51.043396],[-75.479754,-50.378372],[-75.608015,-48.673773],[-75.18277,-47.711919],[-74.126581,-46.939253],[-75.644395,-46.647643],[-74.692154,-45.763976],[-74.351709,-44.103044],[-73.240356,-44.454961],[-72.717804,-42.383356],[-73.3889,-42.117532],[-73.701336,-43.365776],[-74.331943,-43.224958],[-74.017957,-41.794813],[-73.677099,-39.942213],[-73.217593,-39.258689],[-73.505559,-38.282883],[-73.588061,-37.156285],[-73.166717,-37.12378],[-72.553137,-35.50884],[-71.861732,-33.909093],[-71.43845,-32.418899],[-71.668721,-30.920645],[-71.370083,-30.095682],[-71.489894,-28.861442],[-70.905124,-27.64038],[-70.724954,-25.705924],[-70.403966,-23.628997],[-70.091246,-21.393319],[-70.16442,-19.756468],[-70.372572,-18.347975],[-69.858444,-18.092694],[-69.590424,-17.580012],[-69.100247,-18.260125],[-68.966818,-18.981683],[-68.442225,-19.405068],[-68.757167,-20.372658],[-68.219913,-21.494347]]]]}},{"type":"Feature","id":"ECU","properties":{"name":"Ecuador","iso3":"ECU"},"geometry":{"type":"Polygon","coordinates":[[[-80.302561,-3.404856],[-79.770293,-2.657512],[-79.986559,-2.220794],[-80.368784,-2.685159],[-80.967765,-2.246943],[-80.764806,-1.965048],[-80.933659,-1.057455],[-80.58337,-0.906663],[-80.399325,-0.283703],[-80.020898,0.36034],[-80.09061,0.768429],[-79.542762,0.982938],[-78.855259,1.380924],[-77.855061,0.809925],[-77.668613,0.825893],[-77.424984,0.395687],[-76.57638,0.256936],[-76.292314,0.416047],[-75.801466,0.084801],[-75.373223,-0.152032],[-75.233723,-0.911417],[-75.544996,-1.56161],[-76.635394,-2.608678],[-77.837905,-3.003021],[-78.450684,-3.873097],[-78.639897,-4.547784],[-79.205289,-4.959129],[-79.624979,-4.454198],[-80.028908,-4.346091],[-80.442242,-4.425724],[-80.469295,-4.059287],[-80.184015,-3.821162],[-80.302561,-3.404856]]]}},{"type":"Feature","id":"PAN","properties":{"name":"Panama","iso3":"PAN"},"geometry":{"type":"Polygon","coordinates":[[[-77.881571,7.223771],[-78.214936,7.512255],[-78.429161,8.052041],[-78.182096,8.319182],[-78.435465,8.387705],[-78.622121,8.718124],[-79.120307,8.996092],[-79.557877,8.932375],[-79.760578,8.584515],[-80.164481,8.333316],[-80.382659,8.298409],[-80.480689,8.090308],[-80.00369,7.547524],[-80.276671,7.419754],[-80.421158,7.271572],[-80.886401,7.220541],[-81.059543,7.817921],[-81.189716,7.647906],[-81.519515,7.70661],[-81.721311,8.108963],[-82.131441,8.175393],[-82.390934,8.292362],[-82.820081,8.290864],[-82.850958,8.073823],[-82.965783,8.225028],[-82.913176,8.423517],[-82.829771,8.626295],[-82.868657,8.807266],[-82.719183,8.925709],[-82.927155,9.07433],[-82.932891,9.476812],[-82.546196,9.566135],[-82.187123,9.207449],[-82.207586,8.995575],[-81.808567,8.950617],[-81.714154,9.031955],[-81.439287,8.786234],[-80.947302,8.858504],[-80.521901,9.111072],[-79.9146,9.312765],[-79.573303,9.61161],[-79.021192,9.552931],[-79.05845,9.454565],[-78.500888,9.420459],[-78.055928,9.24773],[-77.729514,8.946844],[-77.353361,8.670505],[-77.474723,8.524286],[-77.242566,7.935278],[-77.431108,7.638061],[-77.753414,7.70984],[-77.881571,7.223771]]]}},{"type":"Feature","id":"PRT","properties":{"name":"Portugal","iso3":"PRT"},"geometry":{"type":"Polygon","coordinates":[[[-9.034818,41.880571],[-8.671946,42.134689],[-8.263857,42.280469],[-8.013175,41.790886],[-7.422513,41.792075],[-7.251309,41.918346],[-6.668606,41.883387],[-6.389088,41.381815],[-6.851127,41.111083],[-6.86402,40.330872],[-7.026413,40.184524],[-7.066592,39.711892],[-7.498632,39.629571],[-7.098037,39.030073],[-7.374092,38.373059],[-7.029281,38.075764],[-7.166508,37.803894],[-7.537105,37.428904],[-7.453726,37.097788],[-7.855613,36.838269],[-8.382816,36.97888],[-8.898857,36.868809],[-8.746101,37.651346],[-8.839998,38.266243],[-9.287464,38.358486],[-9.526571,38.737429],[-9.446989,39.392066],[-9.048305,39.755093],[-8.977353,40.159306],[-8.768684,40.760639],[-8.790853,41.184334],[-8.990789,41.543459],[-9.034818,41.880571]]]}},{"type":"Feature","id":"SLE","properties":{"name":"Sierra Leone","iso3":"SLE"},"geometry":{"type":"Polygon","coordinates":[[[-11.438779,6.785917],[-11.708195,6.860098],[-12.428099,7.262942],[-12.949049,7.798646],[-13.124025,8.163946],[-13.24655,8.903049],[-12.711958,9.342712],[-12.596719,9.620188],[-12.425929,9.835834],[-12.150338,9.858572],[-11.917277,10.046984],[-11.117481,10.045873],[-10.839152,9.688246],[-10.622395,9.26791],[-10.65477,8.977178],[-10.494315,8.715541],[-10.505477,8.348896],[-10.230094,8.406206],[-10.695595,7.939464],[-11.146704,7.396706],[-11.199802,7.105846],[-11.438779,6.785917]]]}},{"type":"Feature","id":"HND","properties":{"name":"Honduras","iso3":"HND"},"geometry":{"type":"Polygon","coordinates":[[[-87.316654,12.984686],[-87.489409,13.297535],[-87.793111,13.38448],[-87.723503,13.78505],[-87.859515,13.893312],[-88.065343,13.964626],[-88.503998,13.845486],[-88.541231,13.980155],[-88.843073,14.140507],[-89.058512,14.340029],[-89.353326,14.424133],[-89.145535,14.678019],[-89.22522,14.874286],[-89.154811,15.066419],[-88.68068,15.346247],[-88.225023,15.727722],[-88.121153,15.688655],[-87.901813,15.864458],[-87.61568,15.878799],[-87.522921,15.797279],[-87.367762,15.84694],[-86.903191,15.756713],[-86.440946,15.782835],[-86.119234,15.893449],[-86.001954,16.005406],[-85.683317,15.953652],[-85.444004,15.885749],[-85.182444,15.909158],[-84.983722,15.995923],[-84.52698,15.857224],[-84.368256,15.835158],[-84.063055,15.648244],[-83.773977,15.424072],[-83.410381,15.270903],[-83.147219,14.995829],[-83.489989,15.016267],[-83.628585,14.880074],[-83.975721,14.749436],[-84.228342,14.748764],[-84.449336,14.621614],[-84.649582,14.666805],[-84.820037,14.819587],[-84.924501,14.790493],[-85.052787,14.551541],[-85.148751,14.560197],[-85.165365,14.35437],[-85.514413,14.079012],[-85.698665,13.960078],[-85.801295,13.836055],[-86.096264,14.038187],[-86.312142,13.771356],[-86.520708,13.778487],[-86.755087,13.754845],[-86.733822,13.263093],[-86.880557,13.254204],[-87.005769,13.025794],[-87.316654,12.984686]]]}},{"type":"Feature","id":"GNB","properties":{"name":"Guinea-Bissau","iso3":"GNB"},"geometry":{"type":"Polygon","coordinates":[[[-15.130311,11.040412],[-15.66418,11.458474],[-16.085214,11.524594],[-16.314787,11.806515],[-16.308947,11.958702],[-16.613838,12.170911],[-16.677452,12.384852],[-16.147717,12.547762],[-15.816574,12.515567],[-15.548477,12.62817],[-13.700476,12.586183],[-13.718744,12.247186],[-13.828272,12.142644],[-13.743161,11.811269],[-13.9008,11.678719],[-14.121406,11.677117],[-14.382192,11.509272],[-14.685687,11.527824],[-15.130311,11.040412]]]}},{"type":"Feature","id":"KHM","properties":{"name":"Cambodia","iso3":"KHM"},"geometry":{"type":"Polygon","coordinates":[[[103.49728,10.632555],[103.09069,11.153661],[102.584932,12.186595],[102.348099,13.394247],[102.988422,14.225721],[104.281418,14.416743],[105.218777,14.273212],[106.043946,13.881091],[106.496373,14.570584],[107.382727,14.202441],[107.614548,13.535531],[107.491403,12.337206],[105.810524,11.567615],[106.24967,10.961812],[105.199915,10.88931],[104.334335,10.486544],[103.49728,10.632555]]]}},{"type":"Feature","id":"ZAF","properties":{"name":"South Africa","iso3":"ZAF"},"geometry":{"type":"Polygon","coordinates":[[[31.521001,-29.257387],[31.325561,-29.401978],[30.901763,-29.909957],[30.622813,-30.423776],[30.055716,-31.140269],[28.925553,-32.172041],[28.219756,-32.771953],[27.464608,-33.226964],[26.419452,-33.61495],[25.909664,-33.66704],[25.780628,-33.944646],[25.172862,-33.796851],[24.677853,-33.987176],[23.594043,-33.794474],[22.988189,-33.916431],[22.574157,-33.864083],[21.542799,-34.258839],[20.689053,-34.417175],[20.071261,-34.795137],[19.616405,-34.819166],[19.193278,-34.462599],[18.855315,-34.444306],[18.424643,-33.997873],[18.377411,-34.136521],[18.244499,-33.867752],[18.25008,-33.281431],[17.92519,-32.611291],[18.24791,-32.429131],[18.221762,-31.661633],[17.566918,-30.725721],[17.064416,-29.878641],[17.062918,-29.875954],[16.344977,-28.576705],[16.824017,-28.082162],[17.218929,-28.355943],[17.387497,-28.783514],[17.836152,-28.856378],[18.464899,-29.045462],[19.002127,-28.972443],[19.894734,-28.461105],[19.895768,-24.76779],[20.165726,-24.917962],[20.758609,-25.868136],[20.66647,-26.477453],[20.889609,-26.828543],[21.605896,-26.726534],[22.105969,-26.280256],[22.579532,-25.979448],[22.824271,-25.500459],[23.312097,-25.26869],[23.73357,-25.390129],[24.211267,-25.670216],[25.025171,-25.71967],[25.664666,-25.486816],[25.765849,-25.174845],[25.941652,-24.696373],[26.485753,-24.616327],[26.786407,-24.240691],[27.11941,-23.574323],[28.017236,-22.827754],[29.432188,-22.091313],[29.839037,-22.102216],[30.322883,-22.271612],[30.659865,-22.151567],[31.191409,-22.25151],[31.670398,-23.658969],[31.930589,-24.369417],[31.752408,-25.484284],[31.837778,-25.843332],[31.333158,-25.660191],[31.04408,-25.731452],[30.949667,-26.022649],[30.676609,-26.398078],[30.685962,-26.743845],[31.282773,-27.285879],[31.86806,-27.177927],[32.071665,-26.73382],[32.83012,-26.742192],[32.580265,-27.470158],[32.462133,-28.301011],[32.203389,-28.752405],[31.521001,-29.257387]],[[28.978263,-28.955597],[28.5417,-28.647502],[28.074338,-28.851469],[27.532511,-29.242711],[26.999262,-29.875954],[27.749397,-30.645106],[28.107205,-30.545732],[28.291069,-30.226217],[28.8484,-30.070051],[29.018415,-29.743766],[29.325166,-29.257387],[28.978263,-28.955597]]]}},{"type":"Feature","id":"HTI","properties":{"name":"Haiti","iso3":"HTI"},"geometry":{"type":"Polygon","coordinates":[[[-73.189791,19.915684],[-72.579673,19.871501],[-71.712361,19.714456],[-71.624873,19.169838],[-71.701303,18.785417],[-71.945112,18.6169],[-71.687738,18.31666],[-71.708305,18.044997],[-72.372476,18.214961],[-72.844411,18.145611],[-73.454555,18.217906],[-73.922433,18.030993],[-74.458034,18.34255],[-74.369925,18.664908],[-73.449542,18.526053],[-72.694937,18.445799],[-72.334882,18.668422],[-72.79165,19.101625],[-72.784105,19.483591],[-73.415022,19.639551],[-73.189791,19.915684]]]}},{"type":"Feature","id":"ZMB","properties":{"name":"Zambia","iso3":"ZMB"},"geometry":{"type":"Polygon","coordinates":[[[32.759375,-9.230599],[33.231388,-9.676722],[33.485688,-10.525559],[33.31531,-10.79655],[33.114289,-11.607198],[33.306422,-12.435778],[32.991764,-12.783871],[32.688165,-13.712858],[33.214025,-13.97186],[30.179481,-14.796099],[30.274256,-15.507787],[29.516834,-15.644678],[28.947463,-16.043051],[28.825869,-16.389749],[28.467906,-16.4684],[27.598243,-17.290831],[27.044427,-17.938026],[26.706773,-17.961229],[26.381935,-17.846042],[25.264226,-17.73654],[25.084443,-17.661816],[25.07695,-17.578823],[24.682349,-17.353411],[24.033862,-17.295843],[23.215048,-17.523116],[22.562478,-16.898451],[21.887843,-16.08031],[21.933886,-12.898437],[24.016137,-12.911046],[23.930922,-12.565848],[24.079905,-12.191297],[23.904154,-11.722282],[24.017894,-11.237298],[23.912215,-10.926826],[24.257155,-10.951993],[24.314516,-11.262826],[24.78317,-11.238694],[25.418118,-11.330936],[25.75231,-11.784965],[26.553088,-11.92444],[27.16442,-11.608748],[27.388799,-12.132747],[28.155109,-12.272481],[28.523562,-12.698604],[28.934286,-13.248958],[29.699614,-13.257227],[29.616001,-12.178895],[29.341548,-12.360744],[28.642417,-11.971569],[28.372253,-11.793647],[28.49607,-10.789884],[28.673682,-9.605925],[28.449871,-9.164918],[28.734867,-8.526559],[29.002912,-8.407032],[30.346086,-8.238257],[30.740015,-8.340007],[31.157751,-8.594579],[31.556348,-8.762049],[32.191865,-8.930359],[32.759375,-9.230599]]]}},{"type":"Feature","id":"GBR","properties":{"name":"United Kingdom","iso3":"GBR"},"geometry":{"type":"MultiPolygon","coordinates":[[[[-5.661949,54.554603],[-6.197885,53.867565],[-6.95373,54.073702],[-7.572168,54.059956],[-7.366031,54.595841],[-7.572168,55.131622],[-6.733847,55.17286],[-5.661949,54.554603]]],[[[-3.005005,58.635],[-4.073828,57.553025],[-3.055002,57.690019],[-1.959281,57.6848],[-2.219988,56.870017],[-3.119003,55.973793],[-2.085009,55.909998],[-2.005676,55.804903],[-1.114991,54.624986],[-0.430485,54.464376],[0.184981,53.325014],[0.469977,52.929999],[1.681531,52.73952],[1.559988,52.099998],[1.050562,51.806761],[1.449865,51.289428],[0.550334,50.765739],[-0.787517,50.774989],[-2.489998,50.500019],[-2.956274,50.69688],[-3.617448,50.228356],[-4.542508,50.341837],[-5.245023,49.96],[-5.776567,50.159678],[-4.30999,51.210001],[-3.414851,51.426009],[-3.422719,51.426848],[-4.984367,51.593466],[-5.267296,51.9914],[-4.222347,52.301356],[-4.770013,52.840005],[-4.579999,53.495004],[-3.093831,53.404547],[-3.09208,53.404441],[-2.945009,53.985],[-3.614701,54.600937],[-3.630005,54.615013],[-4.844169,54.790971],[-5.082527,55.061601],[-4.719112,55.508473],[-5.047981,55.783986],[-5.586398,55.311146],[-5.644999,56.275015],[-6.149981,56.78501],[-5.786825,57.818848],[-5.009999,58.630013],[-4.211495,58.550845],[-3.005005,58.635]]]]}},{"type":"Feature","id":"NER","properties":{"name":"Niger","iso3":"NER"},"geometry":{"type":"Polygon","coordinates":[[[2.154474,11.94015],[2.177108,12.625018],[1.024103,12.851826],[0.993046,13.33575],[0.429928,13.988733],[0.295646,14.444235],[0.374892,14.928908],[1.015783,14.968182],[1.385528,15.323561],[2.749993,15.409525],[3.638259,15.56812],[3.723422,16.184284],[4.27021,16.852227],[4.267419,19.155265],[5.677566,19.601207],[8.572893,21.565661],[11.999506,23.471668],[13.581425,23.040506],[14.143871,22.491289],[14.8513,22.86295],[15.096888,21.308519],[15.471077,21.048457],[15.487148,20.730415],[15.903247,20.387619],[15.685741,19.95718],[15.300441,17.92795],[15.247731,16.627306],[13.972202,15.684366],[13.540394,14.367134],[13.956699,13.996691],[13.954477,13.353449],[14.595781,13.330427],[14.495787,12.859396],[14.213531,12.802035],[14.181336,12.483657],[13.995353,12.461565],[13.318702,13.556356],[13.083987,13.596147],[12.302071,13.037189],[11.527803,13.32898],[10.989593,13.387323],[10.701032,13.246918],[10.114814,13.277252],[9.524928,12.851102],[9.014933,12.826659],[7.804671,13.343527],[7.330747,13.098038],[6.820442,13.115091],[6.445426,13.492768],[5.443058,13.865924],[4.368344,13.747482],[4.107946,13.531216],[3.967283,12.956109],[3.680634,12.552903],[3.61118,11.660167],[2.848643,12.235636],[2.490164,12.233052],[2.154474,11.94015]]]}},{"type":"Feature","id":"TUR","properties":{"name":"Türkiye","iso3":"TUR"},"geometry":{"type":"MultiPolygon","coordinates":[[[[36.913127,41.335358],[38.347665,40.948586],[39.512607,41.102763],[40.373433,41.013673],[41.554084,41.535656],[42.619549,41.583173],[43.582746,41.092143],[43.752658,40.740201],[43.656436,40.253564],[44.400009,40.005],[44.79399,39.713003],[44.109225,39.428136],[44.421403,38.281281],[44.225756,37.971584],[44.772699,37.170445],[44.293452,37.001514],[43.942259,37.256228],[42.779126,37.385264],[42.349591,37.229873],[41.212089,37.074352],[40.673259,37.091276],[39.52258,36.716054],[38.699891,36.712927],[38.167727,36.90121],[37.066761,36.623036],[36.739494,36.81752],[36.685389,36.259699],[36.41755,36.040617],[36.149763,35.821535],[35.782085,36.274995],[36.160822,36.650606],[35.550936,36.565443],[34.714553,36.795532],[34.026895,36.21996],[32.509158,36.107564],[31.699595,36.644275],[30.621625,36.677865],[30.391096,36.262981],[29.699976,36.144357],[28.732903,36.676831],[27.641187,36.658822],[27.048768,37.653361],[26.318218,38.208133],[26.8047,38.98576],[26.170785,39.463612],[27.28002,40.420014],[28.819978,40.460011],[29.240004,41.219991],[31.145934,41.087622],[32.347979,41.736264],[33.513283,42.01896],[35.167704,42.040225],[36.913127,41.335358]]],[[[27.192377,40.690566],[26.358009,40.151994],[26.043351,40.617754],[26.056942,40.824123],[26.294602,40.936261],[26.604196,41.562115],[26.117042,41.826905],[27.135739,42.141485],[27.99672,42.007359],[28.115525,41.622886],[28.988443,41.299934],[28.806438,41.054962],[27.619017,40.999823],[27.192377,40.690566]]]]}},{"type":"Feature","id":"VUT","properties":{"name":"Vanuatu","iso3":"VUT"},"geometry":{"type":"MultiPolygon","coordinates":[[[[167.844877,-16.466333],[167.515181,-16.59785],[167.180008,-16.159995],[167.216801,-15.891846],[167.844877,-16.466333]]],[[[167.107712,-14.93392],[167.270028,-15.740021],[167.001207,-15.614602],[166.793158,-15.668811],[166.649859,-15.392704],[166.629137,-14.626497],[167.107712,-14.93392]]]]}},{"type":"Feature","id":"FIN","properties":{"name":"Finland","iso3":"FIN"},"geometry":{"type":"Polygon","coordinates":[[[28.59193,69.064777],[28.445944,68.364613],[29.977426,67.698297],[29.054589,66.944286],[30.21765,65.80598],[29.54443,64.948672],[30.444685,64.204453],[30.035872,63.552814],[31.516092,62.867687],[31.139991,62.357693],[30.211107,61.780028],[28.069998,60.503517],[26.255173,60.423961],[24.496624,60.057316],[22.869695,59.846373],[22.290764,60.391921],[21.322244,60.72017],[21.544866,61.705329],[21.059211,62.607393],[21.536029,63.189735],[22.442744,63.81781],[24.730512,64.902344],[25.398068,65.111427],[25.294043,65.534346],[23.903379,66.006927],[23.56588,66.396051],[23.539473,67.936009],[21.978535,68.616846],[20.645593,69.106247],[21.244936,69.370443],[22.356238,68.841741],[23.66205,68.891247],[24.735679,68.649557],[25.689213,69.092114],[26.179622,69.825299],[27.732292,70.164193],[29.015573,69.766491],[28.59193,69.064777]]]}},{"type":"Feature","id":"TLS","properties":{"name":"Timor-Leste","iso3":"TLS"},"geometry":{"type":"Polygon","coordinates":[[[124.968682,-8.89279],[125.086246,-8.656887],[125.947072,-8.432095],[126.644704,-8.398247],[126.957243,-8.273345],[127.335928,-8.397317],[126.967992,-8.668256],[125.925885,-9.106007],[125.08852,-9.393173],[125.07002,-9.089987],[124.968682,-8.89279]]]}},{"type":"Feature","id":"BRA","properties":{"name":"Brazil","iso3":"BRA"},"geometry":{"type":"Polygon","coordinates":[[[-57.625133,-30.216295],[-56.2909,-28.852761],[-55.162286,-27.881915],[-54.490725,-27.474757],[-53.648735,-26.923473],[-53.628349,-26.124865],[-54.13005,-25.547639],[-54.625291,-25.739255],[-54.428946,-25.162185],[-54.293476,-24.5708],[-54.29296,-24.021014],[-54.652834,-23.839578],[-55.027902,-24.001274],[-55.400747,-23.956935],[-55.517639,-23.571998],[-55.610683,-22.655619],[-55.797958,-22.35693],[-56.473317,-22.0863],[-56.88151,-22.282154],[-57.937156,-22.090176],[-57.870674,-20.732688],[-58.166392,-20.176701],[-57.853802,-19.969995],[-57.949997,-19.400004],[-57.676009,-18.96184],[-57.498371,-18.174188],[-57.734558,-17.552468],[-58.280804,-17.27171],[-58.388058,-16.877109],[-58.24122,-16.299573],[-60.15839,-16.258284],[-60.542966,-15.09391],[-60.251149,-15.077219],[-60.264326,-14.645979],[-60.459198,-14.354007],[-60.503304,-13.775955],[-61.084121,-13.479384],[-61.713204,-13.489202],[-62.127081,-13.198781],[-62.80306,-13.000653],[-63.196499,-12.627033],[-64.316353,-12.461978],[-65.402281,-11.56627],[-65.321899,-10.895872],[-65.444837,-10.511451],[-65.338435,-9.761988],[-66.646908,-9.931331],[-67.173801,-10.306812],[-68.048192,-10.712059],[-68.271254,-11.014521],[-68.786158,-11.03638],[-69.529678,-10.951734],[-70.093752,-11.123972],[-70.548686,-11.009147],[-70.481894,-9.490118],[-71.302412,-10.079436],[-72.184891,-10.053598],[-72.563033,-9.520194],[-73.226713,-9.462213],[-73.015383,-9.032833],[-73.571059,-8.424447],[-73.987235,-7.52383],[-73.723401,-7.340999],[-73.724487,-6.918595],[-73.120027,-6.629931],[-73.219711,-6.089189],[-72.964507,-5.741251],[-72.891928,-5.274561],[-71.748406,-4.593983],[-70.928843,-4.401591],[-70.794769,-4.251265],[-69.893635,-4.298187],[-69.444102,-1.556287],[-69.420486,-1.122619],[-69.577065,-0.549992],[-70.020656,-0.185156],[-70.015566,0.541414],[-69.452396,0.706159],[-69.252434,0.602651],[-69.218638,0.985677],[-69.804597,1.089081],[-69.816973,1.714805],[-67.868565,1.692455],[-67.53781,2.037163],[-67.259998,1.719999],[-67.065048,1.130112],[-66.876326,1.253361],[-66.325765,0.724452],[-65.548267,0.789254],[-65.354713,1.095282],[-64.611012,1.328731],[-64.199306,1.492855],[-64.083085,1.916369],[-63.368788,2.2009],[-63.422867,2.411068],[-64.269999,2.497006],[-64.408828,3.126786],[-64.368494,3.79721],[-64.816064,4.056445],[-64.628659,4.148481],[-63.888343,4.02053],[-63.093198,3.770571],[-62.804533,4.006965],[-62.08543,4.162124],[-60.966893,4.536468],[-60.601179,4.918098],[-60.733574,5.200277],[-60.213683,5.244486],[-59.980959,5.014061],[-60.111002,4.574967],[-59.767406,4.423503],[-59.53804,3.958803],[-59.815413,3.606499],[-59.974525,2.755233],[-59.718546,2.24963],[-59.646044,1.786894],[-59.030862,1.317698],[-58.540013,1.268088],[-58.429477,1.463942],[-58.11345,1.507195],[-57.660971,1.682585],[-57.335823,1.948538],[-56.782704,1.863711],[-56.539386,1.899523],[-55.995698,1.817667],[-55.9056,2.021996],[-56.073342,2.220795],[-55.973322,2.510364],[-55.569755,2.421506],[-55.097587,2.523748],[-54.524754,2.311849],[-54.088063,2.105557],[-53.778521,2.376703],[-53.554839,2.334897],[-53.418465,2.053389],[-52.939657,2.124858],[-52.556425,2.504705],[-52.249338,3.241094],[-51.657797,4.156232],[-51.317146,4.203491],[-51.069771,3.650398],[-50.508875,1.901564],[-49.974076,1.736483],[-49.947101,1.04619],[-50.699251,0.222984],[-50.388211,-0.078445],[-48.620567,-0.235489],[-48.584497,-1.237805],[-47.824956,-0.581618],[-46.566584,-0.941028],[-44.905703,-1.55174],[-44.417619,-2.13775],[-44.581589,-2.691308],[-43.418791,-2.38311],[-41.472657,-2.912018],[-39.978665,-2.873054],[-38.500383,-3.700652],[-37.223252,-4.820946],[-36.452937,-5.109404],[-35.597796,-5.149504],[-35.235389,-5.464937],[-34.89603,-6.738193],[-34.729993,-7.343221],[-35.128212,-8.996401],[-35.636967,-9.649282],[-37.046519,-11.040721],[-37.683612,-12.171195],[-38.423877,-13.038119],[-38.673887,-13.057652],[-38.953276,-13.79337],[-38.882298,-15.667054],[-39.161092,-17.208407],[-39.267339,-17.867746],[-39.583521,-18.262296],[-39.760823,-19.599113],[-40.774741,-20.904512],[-40.944756,-21.937317],[-41.754164,-22.370676],[-41.988284,-22.97007],[-43.074704,-22.967693],[-44.647812,-23.351959],[-45.352136,-23.796842],[-46.472093,-24.088969],[-47.648972,-24.885199],[-48.495458,-25.877025],[-48.641005,-26.623698],[-48.474736,-27.175912],[-48.66152,-28.186135],[-48.888457,-28.674115],[-49.587329,-29.224469],[-50.696874,-30.984465],[-51.576226,-31.777698],[-52.256081,-32.24537],[-52.7121,-33.196578],[-53.373662,-33.768378],[-53.650544,-33.202004],[-53.209589,-32.727666],[-53.787952,-32.047243],[-54.572452,-31.494511],[-55.60151,-30.853879],[-55.973245,-30.883076],[-56.976026,-30.109686],[-57.625133,-30.216295]]]}},{"type":"Feature","id":"IRN","properties":{"name":"Iran","iso3":"IRN"},"geometry":{"type":"Polygon","coordinates":[[[53.921598,37.198918],[54.800304,37.392421],[55.511578,37.964117],[56.180375,37.935127],[56.619366,38.121394],[57.330434,38.029229],[58.436154,37.522309],[59.234762,37.412988],[60.377638,36.527383],[61.123071,36.491597],[61.210817,35.650072],[60.803193,34.404102],[60.52843,33.676446],[60.9637,33.528832],[60.536078,32.981269],[60.863655,32.18292],[60.941945,31.548075],[61.699314,31.379506],[61.781222,30.73585],[60.874248,29.829239],[61.369309,29.303276],[61.771868,28.699334],[62.72783,28.259645],[62.755426,27.378923],[63.233898,27.217047],[63.316632,26.756532],[61.874187,26.239975],[61.497363,25.078237],[59.616134,25.380157],[58.525761,25.609962],[57.397251,25.739902],[56.970766,26.966106],[56.492139,27.143305],[55.72371,26.964633],[54.71509,26.480658],[53.493097,26.812369],[52.483598,27.580849],[51.520763,27.86569],[50.852948,28.814521],[50.115009,30.147773],[49.57685,29.985715],[48.941333,30.31709],[48.567971,29.926778],[48.014568,30.452457],[48.004698,30.985137],[47.685286,30.984853],[47.849204,31.709176],[47.334661,32.469155],[46.109362,33.017287],[45.416691,33.967798],[45.64846,34.748138],[46.151788,35.093259],[46.07634,35.677383],[45.420618,35.977546],[44.77267,37.17045],[44.225756,37.971584],[44.421403,38.281281],[44.109225,39.428136],[44.79399,39.713003],[44.952688,39.335765],[45.457722,38.874139],[46.143623,38.741201],[46.50572,38.770605],[47.685079,39.508364],[48.060095,39.582235],[48.355529,39.288765],[48.010744,38.794015],[48.634375,38.270378],[48.883249,38.320245],[49.199612,37.582874],[50.147771,37.374567],[50.842354,36.872814],[52.264025,36.700422],[53.82579,36.965031],[53.921598,37.198918]]]}},{"type":"Feature","id":"CAF","properties":{"name":"Central African Republic","iso3":"CAF"},"geometry":{"type":"Polygon","coordinates":[[[15.27946,7.421925],[16.106232,7.497088],[16.290562,7.754307],[16.456185,7.734774],[16.705988,7.508328],[17.96493,7.890914],[18.389555,8.281304],[18.911022,8.630895],[18.81201,8.982915],[19.094008,9.074847],[20.059685,9.012706],[21.000868,9.475985],[21.723822,10.567056],[22.231129,10.971889],[22.864165,11.142395],[22.977544,10.714463],[23.554304,10.089255],[23.55725,9.681218],[23.394779,9.265068],[23.459013,8.954286],[23.805813,8.666319],[24.567369,8.229188],[25.114932,7.825104],[25.124131,7.500085],[25.796648,6.979316],[26.213418,6.546603],[26.465909,5.946717],[27.213409,5.550953],[27.374226,5.233944],[27.044065,5.127853],[26.402761,5.150875],[25.650455,5.256088],[25.278798,5.170408],[25.128833,4.927245],[24.805029,4.897247],[24.410531,5.108784],[23.297214,4.609693],[22.84148,4.710126],[22.704124,4.633051],[22.405124,4.02916],[21.659123,4.224342],[20.927591,4.322786],[20.290679,4.691678],[19.467784,5.031528],[18.932312,4.709506],[18.542982,4.201785],[18.453065,3.504386],[17.8099,3.560196],[17.133042,3.728197],[16.537058,3.198255],[16.012852,2.26764],[15.907381,2.557389],[15.862732,3.013537],[15.405396,3.335301],[15.03622,3.851367],[14.950953,4.210389],[14.478372,4.732605],[14.558936,5.030598],[14.459407,5.451761],[14.53656,6.226959],[14.776545,6.408498],[15.27946,7.421925]]]}},{"type":"Feature","id":"VNM","properties":{"name":"Vietnam","iso3":"VNM"},"geometry":{"type":"Polygon","coordinates":[[[108.05018,21.55238],[106.715068,20.696851],[105.881682,19.75205],[105.662006,19.058165],[106.426817,18.004121],[107.361954,16.697457],[108.269495,16.079742],[108.877107,15.276691],[109.33527,13.426028],[109.200136,11.666859],[108.36613,11.008321],[107.220929,10.364484],[106.405113,9.53084],[105.158264,8.59976],[104.795185,9.241038],[105.076202,9.918491],[104.334335,10.486544],[105.199915,10.88931],[106.24967,10.961812],[105.810524,11.567615],[107.491403,12.337206],[107.614548,13.535531],[107.382727,14.202441],[107.564525,15.202173],[107.312706,15.908538],[106.556008,16.604284],[105.925762,17.485315],[105.094598,18.666975],[103.896532,19.265181],[104.183388,19.624668],[104.822574,19.886642],[104.435,20.758733],[103.203861,20.766562],[102.754896,21.675137],[102.170436,22.464753],[102.706992,22.708795],[103.504515,22.703757],[104.476858,22.81915],[105.329209,23.352063],[105.811247,22.976892],[106.725403,22.794268],[106.567273,22.218205],[107.04342,21.811899],[108.05018,21.55238]]]}},{"type":"Feature","id":"NOR","properties":{"name":"Norway","iso3":"NOR"},"geometry":{"type":"MultiPolygon","coordinates":[[[[28.165547,71.185474],[31.293418,70.453788],[30.005435,70.186259],[31.101079,69.55808],[29.399581,69.156916],[28.59193,69.064777],[29.015573,69.766491],[27.732292,70.164193],[26.179622,69.825299],[25.689213,69.092114],[24.735679,68.649557],[23.66205,68.891247],[22.356238,68.841741],[21.244936,69.370443],[20.645593,69.106247],[20.025269,69.065139],[19.87856,68.407194],[17.993868,68.567391],[17.729182,68.010552],[16.768879,68.013937],[16.108712,67.302456],[15.108411,66.193867],[13.55569,64.787028],[13.919905,64.445421],[13.571916,64.049114],[12.579935,64.066219],[11.930569,63.128318],[11.992064,61.800362],[12.631147,61.293572],[12.300366,60.117933],[11.468272,59.432393],[11.027369,58.856149],[10.356557,59.469807],[8.382,58.313288],[7.048748,58.078884],[5.665835,58.588155],[5.308234,59.663232],[4.992078,61.970998],[5.9129,62.614473],[8.553411,63.454008],[10.527709,64.486038],[12.358347,65.879726],[14.761146,67.810642],[16.435927,68.563205],[19.184028,69.817444],[21.378416,70.255169],[23.023742,70.202072],[24.546543,71.030497],[26.37005,70.986262],[28.165547,71.185474]]],[[[24.72412,77.85385],[22.49032,77.44493],[20.72601,77.67704],[21.41611,77.93504],[20.8119,78.25463],[22.88426,78.45494],[23.28134,78.07954],[24.72412,77.85385]]],[[[18.25183,79.70175],[21.54383,78.95611],[19.02737,78.5626],[18.47172,77.82669],[17.59441,77.63796],[17.1182,76.80941],[15.91315,76.77045],[13.76259,77.38035],[14.66956,77.73565],[13.1706,78.02493],[11.22231,78.8693],[10.44453,79.65239],[13.17077,80.01046],[13.71852,79.66039],[15.14282,79.67431],[15.52255,80.01608],[16.99085,80.05086],[18.25183,79.70175]]],[[[25.447625,80.40734],[27.407506,80.056406],[25.924651,79.517834],[23.024466,79.400012],[20.075188,79.566823],[19.897266,79.842362],[18.462264,79.85988],[17.368015,80.318896],[20.455992,80.598156],[21.907945,80.357679],[22.919253,80.657144],[25.447625,80.40734]]]]}},{"type":"Feature","id":"MNG","properties":{"name":"Mongolia","iso3":"MNG"},"geometry":{"type":"Polygon","coordinates":[[[87.751264,49.297198],[88.805567,49.470521],[90.713667,50.331812],[92.234712,50.802171],[93.104219,50.49529],[94.147566,50.480537],[94.815949,50.013433],[95.814028,49.977467],[97.259728,49.726061],[98.231762,50.422401],[97.82574,51.010995],[98.861491,52.047366],[99.981732,51.634006],[100.88948,51.516856],[102.065223,51.259921],[102.255909,50.510561],[103.676545,50.089966],[104.621552,50.275329],[105.886591,50.406019],[106.888804,50.274296],[107.868176,49.793705],[108.475167,49.282548],[109.402449,49.292961],[110.662011,49.130128],[111.581231,49.377968],[112.89774,49.543565],[114.362456,50.248303],[114.96211,50.140247],[115.485695,49.805177],[116.678801,49.888531],[116.191802,49.134598],[115.485282,48.135383],[115.742837,47.726545],[116.308953,47.85341],[117.295507,47.697709],[118.064143,48.06673],[118.866574,47.74706],[119.772824,47.048059],[119.66327,46.69268],[118.874326,46.805412],[117.421701,46.672733],[116.717868,46.388202],[115.985096,45.727235],[114.460332,45.339817],[113.463907,44.808893],[112.436062,45.011646],[111.873306,45.102079],[111.348377,44.457442],[111.667737,44.073176],[111.829588,43.743118],[111.129682,43.406834],[110.412103,42.871234],[109.243596,42.519446],[107.744773,42.481516],[106.129316,42.134328],[104.964994,41.59741],[104.522282,41.908347],[103.312278,41.907468],[101.83304,42.514873],[100.845866,42.663804],[99.515817,42.524691],[97.451757,42.74889],[96.349396,42.725635],[95.762455,43.319449],[95.306875,44.241331],[94.688929,44.352332],[93.480734,44.975472],[92.133891,45.115076],[90.94554,45.286073],[90.585768,45.719716],[90.970809,46.888146],[90.280826,47.693549],[88.854298,48.069082],[88.013832,48.599463],[87.751264,49.297198]]]}},{"type":"Feature","id":"CAN","properties":{"name":"Canada","iso3":"CAN"},"geometry":{"type":"MultiPolygon","coordinates":[[[[-63.6645,46.55001],[-62.9393,46.41587],[-62.01208,46.44314],[-62.50391,46.03339],[-62.87433,45.96818],[-64.1428,46.39265],[-64.39261,46.72747],[-64.01486,47.03601],[-63.6645,46.55001]]],[[[-61.806305,49.10506],[-62.29318,49.08717],[-63.58926,49.40069],[-64.51912,49.87304],[-64.17322,49.95718],[-62.85829,49.70641],[-61.835585,49.28855],[-61.806305,49.10506]]],[[[-123.510002,48.510011],[-124.012891,48.370846],[-125.655013,48.825005],[-125.954994,49.179996],[-126.850004,49.53],[-127.029993,49.814996],[-128.059336,49.994959],[-128.444584,50.539138],[-128.358414,50.770648],[-127.308581,50.552574],[-126.695001,50.400903],[-125.755007,50.295018],[-125.415002,49.950001],[-124.920768,49.475275],[-123.922509,49.062484],[-123.510002,48.510011]]],[[[-56.134036,50.68701],[-56.795882,49.812309],[-56.143105,50.150117],[-55.471492,49.935815],[-55.822401,49.587129],[-54.935143,49.313011],[-54.473775,49.556691],[-53.476549,49.249139],[-53.786014,48.516781],[-53.086134,48.687804],[-52.958648,48.157164],[-52.648099,47.535548],[-53.069158,46.655499],[-53.521456,46.618292],[-54.178936,46.807066],[-53.961869,47.625207],[-54.240482,47.752279],[-55.400773,46.884994],[-55.997481,46.91972],[-55.291219,47.389562],[-56.250799,47.632545],[-57.325229,47.572807],[-59.266015,47.603348],[-59.419494,47.899454],[-58.796586,48.251525],[-59.231625,48.523188],[-58.391805,49.125581],[-57.35869,50.718274],[-56.73865,51.287438],[-55.870977,51.632094],[-55.406974,51.588273],[-55.600218,51.317075],[-56.134036,50.68701]]],[[[-132.710008,54.040009],[-131.74999,54.120004],[-132.04948,52.984621],[-131.179043,52.180433],[-131.57783,52.182371],[-132.180428,52.639707],[-132.549992,53.100015],[-133.054611,53.411469],[-133.239664,53.85108],[-133.180004,54.169975],[-132.710008,54.040009]]],[[[-79.26582,62.158675],[-79.65752,61.63308],[-80.09956,61.7181],[-80.36215,62.01649],[-80.315395,62.085565],[-79.92939,62.3856],[-79.52002,62.36371],[-79.26582,62.158675]]],[[[-81.89825,62.7108],[-83.06857,62.15922],[-83.77462,62.18231],[-83.99367,62.4528],[-83.25048,62.91409],[-81.87699,62.90458],[-81.89825,62.7108]]],[[[-85.161308,65.657285],[-84.975764,65.217518],[-84.464012,65.371772],[-83.882626,65.109618],[-82.787577,64.766693],[-81.642014,64.455136],[-81.55344,63.979609],[-80.817361,64.057486],[-80.103451,63.725981],[-80.99102,63.411246],[-82.547178,63.651722],[-83.108798,64.101876],[-84.100417,63.569712],[-85.523405,63.052379],[-85.866769,63.637253],[-87.221983,63.541238],[-86.35276,64.035833],[-86.224886,64.822917],[-85.883848,65.738778],[-85.161308,65.657285]]],[[[-75.86588,67.14886],[-76.98687,67.09873],[-77.2364,67.58809],[-76.81166,68.14856],[-75.89521,68.28721],[-75.1145,68.01036],[-75.10333,67.58202],[-75.21597,67.44425],[-75.86588,67.14886]]],[[[-95.647681,69.10769],[-96.269521,68.75704],[-97.617401,69.06003],[-98.431801,68.9507],[-99.797401,69.40003],[-98.917401,69.71003],[-98.218261,70.14354],[-97.157401,69.86003],[-96.557401,69.68003],[-96.257401,69.49003],[-95.647681,69.10769]]],[[[-90.5471,69.49766],[-90.55151,68.47499],[-89.21515,69.25873],[-88.01966,68.61508],[-88.31749,67.87338],[-87.35017,67.19872],[-86.30607,67.92146],[-85.57664,68.78456],[-85.52197,69.88211],[-84.10081,69.80539],[-82.62258,69.65826],[-81.28043,69.16202],[-81.2202,68.66567],[-81.96436,68.13253],[-81.25928,67.59716],[-81.38653,67.11078],[-83.34456,66.41154],[-84.73542,66.2573],[-85.76943,66.55833],[-86.0676,66.05625],[-87.03143,65.21297],[-87.32324,64.77563],[-88.48296,64.09897],[-89.91444,64.03273],[-90.70398,63.61017],[-90.77004,62.96021],[-91.93342,62.83508],[-93.15698,62.02469],[-94.24153,60.89865],[-94.62931,60.11021],[-94.6846,58.94882],[-93.21502,58.78212],[-92.76462,57.84571],[-92.29703,57.08709],[-90.89769,57.28468],[-89.03953,56.85172],[-88.03978,56.47162],[-87.32421,55.99914],[-86.07121,55.72383],[-85.01181,55.3026],[-83.36055,55.24489],[-82.27285,55.14832],[-82.4362,54.28227],[-82.12502,53.27703],[-81.40075,52.15788],[-79.91289,51.20842],[-79.14301,51.53393],[-78.60191,52.56208],[-79.12421,54.14145],[-79.82958,54.66772],[-78.22874,55.13645],[-77.0956,55.83741],[-76.54137,56.53423],[-76.62319,57.20263],[-77.30226,58.05209],[-78.51688,58.80458],[-77.33676,59.85261],[-77.77272,60.75788],[-78.10687,62.31964],[-77.41067,62.55053],[-75.69621,62.2784],[-74.6682,62.18111],[-73.83988,62.4438],[-72.90853,62.10507],[-71.67708,61.52535],[-71.37369,61.13717],[-69.59042,61.06141],[-69.62033,60.22125],[-69.2879,58.95736],[-68.37455,58.80106],[-67.64976,58.21206],[-66.20178,58.76731],[-65.24517,59.87071],[-64.58352,60.33558],[-63.80475,59.4426],[-62.50236,58.16708],[-61.39655,56.96745],[-61.79866,56.33945],[-60.46853,55.77548],[-59.56962,55.20407],[-57.97508,54.94549],[-57.3332,54.6265],[-56.93689,53.78032],[-56.15811,53.64749],[-55.75632,53.27036],[-55.68338,52.14664],[-56.40916,51.7707],[-57.12691,51.41972],[-58.77482,51.0643],[-60.03309,50.24277],[-61.72366,50.08046],[-63.86251,50.29099],[-65.36331,50.2982],[-66.39905,50.22897],[-67.23631,49.51156],[-68.51114,49.06836],[-69.95362,47.74488],[-71.10458,46.82171],[-70.25522,46.98606],[-68.65,48.3],[-66.55243,49.1331],[-65.05626,49.23278],[-64.17099,48.74248],[-65.11545,48.07085],[-64.79854,46.99297],[-64.47219,46.23849],[-63.17329,45.73902],[-61.52072,45.88377],[-60.51815,47.00793],[-60.4486,46.28264],[-59.80287,45.9204],[-61.03988,45.26525],[-63.25471,44.67014],[-64.24656,44.26553],[-65.36406,43.54523],[-66.1234,43.61867],[-66.16173,44.46512],[-64.42549,45.29204],[-66.02605,45.25931],[-67.13741,45.13753],[-67.79134,45.70281],[-67.79046,47.06636],[-68.23444,47.35486],[-68.905,47.185],[-69.237216,47.447781],[-69.99997,46.69307],[-70.305,45.915],[-70.66,45.46],[-71.08482,45.30524],[-71.405,45.255],[-71.50506,45.0082],[-73.34783,45.00738],[-74.867,45.00048],[-75.31821,44.81645],[-76.375,44.09631],[-76.5,44.018459],[-76.820034,43.628784],[-77.737885,43.629056],[-78.72028,43.625089],[-79.171674,43.466339],[-79.01,43.27],[-78.92,42.965],[-78.939362,42.863611],[-80.247448,42.3662],[-81.277747,42.209026],[-82.439278,41.675105],[-82.690089,41.675105],[-83.02981,41.832796],[-83.142,41.975681],[-83.12,42.08],[-82.9,42.43],[-82.43,42.98],[-82.137642,43.571088],[-82.337763,44.44],[-82.550925,45.347517],[-83.592851,45.816894],[-83.469551,45.994686],[-83.616131,46.116927],[-83.890765,46.116927],[-84.091851,46.275419],[-84.14212,46.512226],[-84.3367,46.40877],[-84.6049,46.4396],[-84.543749,46.538684],[-84.779238,46.637102],[-84.87608,46.900083],[-85.652363,47.220219],[-86.461991,47.553338],[-87.439793,47.94],[-88.378114,48.302918],[-89.272917,48.019808],[-89.6,48.01],[-90.83,48.27],[-91.64,48.14],[-92.61,48.45],[-93.63087,48.60926],[-94.32914,48.67074],[-94.64,48.84],[-94.81758,49.38905],[-95.15609,49.38425],[-95.15907,49],[-97.22872,49.0007],[-100.65,49],[-104.04826,48.99986],[-107.05,49],[-110.05,49],[-113,49],[-116.04818,49],[-117.03121,49],[-120,49],[-122.84,49],[-122.97421,49.002538],[-124.91024,49.98456],[-125.62461,50.41656],[-127.43561,50.83061],[-127.99276,51.71583],[-127.85032,52.32961],[-129.12979,52.75538],[-129.30523,53.56159],[-130.51497,54.28757],[-130.53611,54.80278],[-129.98,55.285],[-130.00778,55.91583],[-131.70781,56.55212],[-132.73042,57.69289],[-133.35556,58.41028],[-134.27111,58.86111],[-134.945,59.27056],[-135.47583,59.78778],[-136.47972,59.46389],[-137.4525,58.905],[-138.34089,59.56211],[-139.039,60],[-140.013,60.27682],[-140.99778,60.30639],[-140.9925,66.00003],[-140.986,69.712],[-139.12052,69.47102],[-137.54636,68.99002],[-136.50358,68.89804],[-135.62576,69.31512],[-134.41464,69.62743],[-132.92925,69.50534],[-131.43136,69.94451],[-129.79471,70.19369],[-129.10773,69.77927],[-128.36156,70.01286],[-128.13817,70.48384],[-127.44712,70.37721],[-125.75632,69.48058],[-124.42483,70.1584],[-124.28968,69.39969],[-123.06108,69.56372],[-122.6835,69.85553],[-121.47226,69.79778],[-119.94288,69.37786],[-117.60268,69.01128],[-116.22643,68.84151],[-115.2469,68.90591],[-113.89794,68.3989],[-115.30489,67.90261],[-113.49727,67.68815],[-110.798,67.80612],[-109.94619,67.98104],[-108.8802,67.38144],[-107.79239,67.88736],[-108.81299,68.31164],[-108.16721,68.65392],[-106.95,68.7],[-106.15,68.8],[-105.34282,68.56122],[-104.33791,68.018],[-103.22115,68.09775],[-101.45433,67.64689],[-99.90195,67.80566],[-98.4432,67.78165],[-98.5586,68.40394],[-97.66948,68.57864],[-96.11991,68.23939],[-96.12588,67.29338],[-95.48943,68.0907],[-94.685,68.06383],[-94.23282,69.06903],[-95.30408,69.68571],[-96.47131,70.08976],[-96.39115,71.19482],[-95.2088,71.92053],[-93.88997,71.76015],[-92.87818,71.31869],[-91.51964,70.19129],[-92.40692,69.69997],[-90.5471,69.49766]]],[[[-114.16717,73.12145],[-114.66634,72.65277],[-112.44102,72.9554],[-111.05039,72.4504],[-109.92035,72.96113],[-109.00654,72.63335],[-108.18835,71.65089],[-107.68599,72.06548],[-108.39639,73.08953],[-107.51645,73.23598],[-106.52259,73.07601],[-105.40246,72.67259],[-104.77484,71.6984],[-104.46476,70.99297],[-102.78537,70.49776],[-100.98078,70.02432],[-101.08929,69.58447],[-102.73116,69.50402],[-102.09329,69.11962],[-102.43024,68.75282],[-104.24,68.91],[-105.96,69.18],[-107.12254,69.11922],[-109,68.78],[-111.534149,68.630059],[-113.3132,68.53554],[-113.85496,69.00744],[-115.22,69.28],[-116.10794,69.16821],[-117.34,69.96],[-116.67473,70.06655],[-115.13112,70.2373],[-113.72141,70.19237],[-112.4161,70.36638],[-114.35,70.6],[-116.48684,70.52045],[-117.9048,70.54056],[-118.43238,70.9092],[-116.11311,71.30918],[-117.65568,71.2952],[-119.40199,71.55859],[-118.56267,72.30785],[-117.86642,72.70594],[-115.18909,73.31459],[-114.16717,73.12145]]],[[[-104.5,73.42],[-105.38,72.76],[-106.94,73.46],[-106.6,73.6],[-105.26,73.64],[-104.5,73.42]]],[[[-76.34,73.102685],[-76.251404,72.826385],[-77.314438,72.855545],[-78.39167,72.876656],[-79.486252,72.742203],[-79.775833,72.802902],[-80.876099,73.333183],[-80.833885,73.693184],[-80.353058,73.75972],[-78.064438,73.651932],[-76.34,73.102685]]],[[[-86.562179,73.157447],[-85.774371,72.534126],[-84.850112,73.340278],[-82.31559,73.750951],[-80.600088,72.716544],[-80.748942,72.061907],[-78.770639,72.352173],[-77.824624,72.749617],[-75.605845,72.243678],[-74.228616,71.767144],[-74.099141,71.33084],[-72.242226,71.556925],[-71.200015,70.920013],[-68.786054,70.525024],[-67.91497,70.121948],[-66.969033,69.186087],[-68.805123,68.720198],[-66.449866,68.067163],[-64.862314,67.847539],[-63.424934,66.928473],[-61.851981,66.862121],[-62.163177,66.160251],[-63.918444,64.998669],[-65.14886,65.426033],[-66.721219,66.388041],[-68.015016,66.262726],[-68.141287,65.689789],[-67.089646,65.108455],[-65.73208,64.648406],[-65.320168,64.382737],[-64.669406,63.392927],[-65.013804,62.674185],[-66.275045,62.945099],[-68.783186,63.74567],[-67.369681,62.883966],[-66.328297,62.280075],[-66.165568,61.930897],[-68.877367,62.330149],[-71.023437,62.910708],[-72.235379,63.397836],[-71.886278,63.679989],[-73.378306,64.193963],[-74.834419,64.679076],[-74.818503,64.389093],[-77.70998,64.229542],[-78.555949,64.572906],[-77.897281,65.309192],[-76.018274,65.326969],[-73.959795,65.454765],[-74.293883,65.811771],[-73.944912,66.310578],[-72.651167,67.284576],[-72.92606,67.726926],[-73.311618,68.069437],[-74.843307,68.554627],[-76.869101,68.894736],[-76.228649,69.147769],[-77.28737,69.76954],[-78.168634,69.826488],[-78.957242,70.16688],[-79.492455,69.871808],[-81.305471,69.743185],[-84.944706,69.966634],[-87.060003,70.260001],[-88.681713,70.410741],[-89.51342,70.762038],[-88.467721,71.218186],[-89.888151,71.222552],[-90.20516,72.235074],[-89.436577,73.129464],[-88.408242,73.537889],[-85.826151,73.803816],[-86.562179,73.157447]]],[[[-100.35642,73.84389],[-99.16387,73.63339],[-97.38,73.76],[-97.12,73.47],[-98.05359,72.99052],[-96.54,72.56],[-96.72,71.66],[-98.35966,71.27285],[-99.32286,71.35639],[-100.01482,71.73827],[-102.5,72.51],[-102.48,72.83],[-100.43836,72.70588],[-101.54,73.36],[-100.35642,73.84389]]],[[[-93.196296,72.771992],[-94.269047,72.024596],[-95.409856,72.061881],[-96.033745,72.940277],[-96.018268,73.43743],[-95.495793,73.862417],[-94.503658,74.134907],[-92.420012,74.100025],[-90.509793,73.856732],[-92.003965,72.966244],[-93.196296,72.771992]]],[[[-120.46,71.383602],[-123.09219,70.90164],[-123.62,71.34],[-125.928949,71.868688],[-125.5,72.292261],[-124.80729,73.02256],[-123.94,73.68],[-124.91775,74.29275],[-121.53788,74.44893],[-120.10978,74.24135],[-117.55564,74.18577],[-116.58442,73.89607],[-115.51081,73.47519],[-116.76794,73.22292],[-119.22,72.52],[-120.46,71.82],[-120.46,71.383602]]],[[[-93.612756,74.979997],[-94.156909,74.592347],[-95.608681,74.666864],[-96.820932,74.927623],[-96.288587,75.377828],[-94.85082,75.647218],[-93.977747,75.29649],[-93.612756,74.979997]]],[[[-98.5,76.72],[-97.735585,76.25656],[-97.704415,75.74344],[-98.16,75],[-99.80874,74.89744],[-100.88366,75.05736],[-100.86292,75.64075],[-102.50209,75.5638],[-102.56552,76.3366],[-101.48973,76.30537],[-99.98349,76.64634],[-98.57699,76.58859],[-98.5,76.72]]],[[[-108.21141,76.20168],[-107.81943,75.84552],[-106.92893,76.01282],[-105.881,75.9694],[-105.70498,75.47951],[-106.31347,75.00527],[-109.7,74.85],[-112.22307,74.41696],[-113.74381,74.39427],[-113.87135,74.72029],[-111.79421,75.1625],[-116.31221,75.04343],[-117.7104,75.2222],[-116.34602,76.19903],[-115.40487,76.47887],[-112.59056,76.14134],[-110.81422,75.54919],[-109.0671,75.47321],[-110.49726,76.42982],[-109.5811,76.79417],[-108.54859,76.67832],[-108.21141,76.20168]]],[[[-94.684086,77.097878],[-93.573921,76.776296],[-91.605023,76.778518],[-90.741846,76.449597],[-90.969661,76.074013],[-89.822238,75.847774],[-89.187083,75.610166],[-87.838276,75.566189],[-86.379192,75.482421],[-84.789625,75.699204],[-82.753445,75.784315],[-81.128531,75.713983],[-80.057511,75.336849],[-79.833933,74.923127],[-80.457771,74.657304],[-81.948843,74.442459],[-83.228894,74.564028],[-86.097452,74.410032],[-88.15035,74.392307],[-89.764722,74.515555],[-92.422441,74.837758],[-92.768285,75.38682],[-92.889906,75.882655],[-93.893824,76.319244],[-95.962457,76.441381],[-97.121379,76.751078],[-96.745123,77.161389],[-94.684086,77.097878]]],[[[-116.198587,77.645287],[-116.335813,76.876962],[-117.106051,76.530032],[-118.040412,76.481172],[-119.899318,76.053213],[-121.499995,75.900019],[-122.854924,76.116543],[-122.854925,76.116543],[-121.157535,76.864508],[-119.103939,77.51222],[-117.570131,77.498319],[-116.198587,77.645287]]],[[[-93.840003,77.519997],[-94.295608,77.491343],[-96.169654,77.555111],[-96.436304,77.834629],[-94.422577,77.820005],[-93.720656,77.634331],[-93.840003,77.519997]]],[[[-110.186938,77.697015],[-112.051191,77.409229],[-113.534279,77.732207],[-112.724587,78.05105],[-111.264443,78.152956],[-109.854452,77.996325],[-110.186938,77.697015]]],[[[-109.663146,78.601973],[-110.881314,78.40692],[-112.542091,78.407902],[-112.525891,78.550555],[-111.50001,78.849994],[-110.963661,78.804441],[-109.663146,78.601973]]],[[[-95.830295,78.056941],[-97.309843,77.850597],[-98.124289,78.082857],[-98.552868,78.458105],[-98.631984,78.87193],[-97.337231,78.831984],[-96.754399,78.765813],[-95.559278,78.418315],[-95.830295,78.056941]]],[[[-100.060192,78.324754],[-99.670939,77.907545],[-101.30394,78.018985],[-102.949809,78.343229],[-105.176133,78.380332],[-104.210429,78.67742],[-105.41958,78.918336],[-105.492289,79.301594],[-103.529282,79.165349],[-100.825158,78.800462],[-100.060192,78.324754]]],[[[-87.02,79.66],[-85.81435,79.3369],[-87.18756,79.0393],[-89.03535,78.28723],[-90.80436,78.21533],[-92.87669,78.34333],[-93.95116,78.75099],[-93.93574,79.11373],[-93.14524,79.3801],[-94.974,79.37248],[-96.07614,79.70502],[-96.70972,80.15777],[-96.01644,80.60233],[-95.32345,80.90729],[-94.29843,80.97727],[-94.73542,81.20646],[-92.40984,81.25739],[-91.13289,80.72345],[-89.45,80.509322],[-87.81,80.32],[-87.02,79.66]]],[[[-68.5,83.106322],[-65.82735,83.02801],[-63.68,82.9],[-61.85,82.6286],[-61.89388,82.36165],[-64.334,81.92775],[-66.75342,81.72527],[-67.65755,81.50141],[-65.48031,81.50657],[-67.84,80.9],[-69.4697,80.61683],[-71.18,79.8],[-73.2428,79.63415],[-73.88,79.430162],[-76.90773,79.32309],[-75.52924,79.19766],[-76.22046,79.01907],[-75.39345,78.52581],[-76.34354,78.18296],[-77.88851,77.89991],[-78.36269,77.50859],[-79.75951,77.20968],[-79.61965,76.98336],[-77.91089,77.022045],[-77.88911,76.777955],[-80.56125,76.17812],[-83.17439,76.45403],[-86.11184,76.29901],[-87.6,76.42],[-89.49068,76.47239],[-89.6161,76.95213],[-87.76739,77.17833],[-88.26,77.9],[-87.65,77.970222],[-84.97634,77.53873],[-86.34,78.18],[-87.96192,78.37181],[-87.15198,78.75867],[-85.37868,78.9969],[-85.09495,79.34543],[-86.50734,79.73624],[-86.93179,80.25145],[-84.19844,80.20836],[-83.408696,80.1],[-81.84823,80.46442],[-84.1,80.58],[-87.59895,80.51627],[-89.36663,80.85569],[-90.2,81.26],[-91.36786,81.5531],[-91.58702,81.89429],[-90.1,82.085],[-88.93227,82.11751],[-86.97024,82.27961],[-85.5,82.652273],[-84.260005,82.6],[-83.18,82.32],[-82.42,82.86],[-81.1,83.02],[-79.30664,83.13056],[-76.25,83.172059],[-75.71878,83.06404],[-72.83153,83.23324],[-70.665765,83.169781],[-68.5,83.106322]]]]}},{"type":"Feature","id":"MWI","properties":{"name":"Malawi","iso3":"MWI"},"geometry":{"type":"Polygon","coordinates":[[[34.559989,-11.52002],[34.280006,-12.280025],[34.559989,-13.579998],[34.907151,-13.565425],[35.267956,-13.887834],[35.686845,-14.611046],[35.771905,-15.896859],[35.339063,-16.10744],[35.03381,-16.8013],[34.381292,-16.18356],[34.307291,-15.478641],[34.517666,-15.013709],[34.459633,-14.61301],[34.064825,-14.35995],[33.7897,-14.451831],[33.214025,-13.97186],[32.688165,-13.712858],[32.991764,-12.783871],[33.306422,-12.435778],[33.114289,-11.607198],[33.31531,-10.79655],[33.485688,-10.525559],[33.231388,-9.676722],[32.759375,-9.230599],[33.739729,-9.417151],[33.940838,-9.693674],[34.280006,-10.16],[34.559989,-11.52002]]]}},{"type":"Feature","id":"KEN","properties":{"name":"Kenya","iso3":"KEN"},"geometry":{"type":"Polygon","coordinates":[[[40.993,-0.85829],[41.58513,-1.68325],[40.88477,-2.08255],[40.63785,-2.49979],[40.26304,-2.57309],[40.12119,-3.27768],[39.80006,-3.68116],[39.60489,-4.34653],[39.20222,-4.67677],[37.7669,-3.67712],[37.69869,-3.09699],[34.07262,-1.05982],[33.903711,-0.95],[33.893569,0.109814],[34.18,0.515],[34.6721,1.17694],[35.03599,1.90584],[34.59607,3.05374],[34.47913,3.5556],[34.005,4.249885],[34.620196,4.847123],[35.298007,5.506],[35.817448,5.338232],[35.817448,4.776966],[36.159079,4.447864],[36.855093,4.447864],[38.120915,3.598605],[38.43697,3.58851],[38.67114,3.61607],[38.89251,3.50074],[39.559384,3.42206],[39.85494,3.83879],[40.76848,4.25702],[41.1718,3.91909],[41.855083,3.918912],[40.98105,2.78452],[40.993,-0.85829]]]}},{"type":"Feature","id":"POL","properties":{"name":"Poland","iso3":"POL"},"geometry":{"type":"Polygon","coordinates":[[[15.016996,51.106674],[14.607098,51.745188],[14.685026,52.089947],[14.4376,52.62485],[14.074521,52.981263],[14.353315,53.248171],[14.119686,53.757029],[14.8029,54.050706],[16.363477,54.513159],[17.622832,54.851536],[18.620859,54.682606],[18.696255,54.438719],[19.66064,54.426084],[20.892245,54.312525],[22.731099,54.327537],[23.243987,54.220567],[23.484128,53.912498],[23.527536,53.470122],[23.804935,53.089731],[23.799199,52.691099],[23.199494,52.486977],[23.508002,52.023647],[23.527071,51.578454],[24.029986,50.705407],[23.922757,50.424881],[23.426508,50.308506],[22.51845,49.476774],[22.776419,49.027395],[22.558138,49.085738],[21.607808,49.470107],[20.887955,49.328772],[20.415839,49.431453],[19.825023,49.217125],[19.320713,49.571574],[18.909575,49.435846],[18.853144,49.49623],[18.392914,49.988629],[17.649445,50.049038],[17.554567,50.362146],[16.868769,50.473974],[16.719476,50.215747],[16.176253,50.422607],[16.238627,50.697733],[15.490972,50.78473],[15.016996,51.106674]]]}},{"type":"Feature","id":"LSO","properties":{"name":"Lesotho","iso3":"LSO"},"geometry":{"type":"Polygon","coordinates":[[[28.978263,-28.955597],[29.325166,-29.257387],[29.018415,-29.743766],[28.8484,-30.070051],[28.291069,-30.226217],[28.107205,-30.545732],[27.749397,-30.645106],[26.999262,-29.875954],[27.532511,-29.242711],[28.074338,-28.851469],[28.5417,-28.647502],[28.978263,-28.955597]]]}},{"type":"Feature","id":"BRN","properties":{"name":"Brunei","iso3":"BRN"},"geometry":{"type":"Polygon","coordinates":[[[114.204017,4.525874],[114.599961,4.900011],[115.45071,5.44773],[115.4057,4.955228],[115.347461,4.316636],[114.869557,4.348314],[114.659596,4.007637],[114.204017,4.525874]]]}},{"type":"Feature","id":"SUR","properties":{"name":"Suriname","iso3":"SUR"},"geometry":{"type":"Polygon","coordinates":[[[-57.147436,5.97315],[-55.949318,5.772878],[-55.84178,5.953125],[-55.03325,6.025291],[-53.958045,5.756548],[-54.478633,4.896756],[-54.399542,4.212611],[-54.006931,3.620038],[-54.181726,3.18978],[-54.269705,2.732392],[-54.524754,2.311849],[-55.097587,2.523748],[-55.569755,2.421506],[-55.973322,2.510364],[-56.073342,2.220795],[-55.9056,2.021996],[-55.995698,1.817667],[-56.539386,1.899523],[-57.150098,2.768927],[-57.281433,3.333492],[-57.601569,3.334655],[-58.044694,4.060864],[-57.86021,4.576801],[-57.914289,4.812626],[-57.307246,5.073567],[-57.147436,5.97315]]]}},{"type":"Feature","id":"ARE","properties":{"name":"United Arab Emirates","iso3":"ARE"},"geometry":{"type":"Polygon","coordinates":[[[51.579519,24.245497],[51.757441,24.294073],[51.794389,24.019826],[52.577081,24.177439],[53.404007,24.151317],[54.008001,24.121758],[54.693024,24.797892],[55.439025,25.439145],[56.070821,26.055464],[56.261042,25.714606],[56.396847,24.924732],[55.886233,24.920831],[55.804119,24.269604],[55.981214,24.130543],[55.528632,23.933604],[55.525841,23.524869],[55.234489,23.110993],[55.208341,22.70833],[55.006803,22.496948],[52.000733,23.001154],[51.617708,24.014219],[51.579519,24.245497]]]}},{"type":"Feature","id":"AUT","properties":{"name":"Austria","iso3":"AUT"},"geometry":{"type":"Polygon","coordinates":[[[16.979667,48.123497],[16.903754,47.714866],[16.340584,47.712902],[16.534268,47.496171],[16.202298,46.852386],[16.011664,46.683611],[15.137092,46.658703],[14.632472,46.431817],[13.806475,46.509306],[12.376485,46.767559],[12.153088,47.115393],[11.164828,46.941579],[11.048556,46.751359],[10.442701,46.893546],[9.932448,46.920728],[9.47997,47.10281],[9.632932,47.347601],[9.594226,47.525058],[9.896068,47.580197],[10.402084,47.302488],[10.544504,47.566399],[11.426414,47.523766],[12.141357,47.703083],[12.62076,47.672388],[12.932627,47.467646],[13.025851,47.637584],[12.884103,48.289146],[13.243357,48.416115],[13.595946,48.877172],[14.338898,48.555305],[14.901447,48.964402],[15.253416,49.039074],[16.029647,48.733899],[16.499283,48.785808],[16.960288,48.596982],[16.879983,48.470013],[16.979667,48.123497]]]}},{"type":"Feature","id":"SVN","properties":{"name":"Slovenia","iso3":"SVN"},"geometry":{"type":"Polygon","coordinates":[[[13.806475,46.509306],[14.632472,46.431817],[15.137092,46.658703],[16.011664,46.683611],[16.202298,46.852386],[16.370505,46.841327],[16.564808,46.503751],[15.768733,46.238108],[15.67153,45.834154],[15.323954,45.731783],[15.327675,45.452316],[14.935244,45.471695],[14.595109,45.634941],[14.411968,45.466166],[13.71506,45.500324],[13.93763,45.591016],[13.69811,46.016778],[13.806475,46.509306]]]}},{"type":"Feature","id":"VEN","properties":{"name":"Venezuela","iso3":"VEN"},"geometry":{"type":"Polygon","coordinates":[[[-71.331584,11.776284],[-71.360006,11.539994],[-71.94705,11.423282],[-71.620868,10.96946],[-71.633064,10.446494],[-72.074174,9.865651],[-71.695644,9.072263],[-71.264559,9.137195],[-71.039999,9.859993],[-71.350084,10.211935],[-71.400623,10.968969],[-70.155299,11.375482],[-70.293843,11.846822],[-69.943245,12.162307],[-69.5843,11.459611],[-68.882999,11.443385],[-68.233271,10.885744],[-68.194127,10.554653],[-67.296249,10.545868],[-66.227864,10.648627],[-65.655238,10.200799],[-64.890452,10.077215],[-64.329479,10.389599],[-64.318007,10.641418],[-63.079322,10.701724],[-61.880946,10.715625],[-62.730119,10.420269],[-62.388512,9.948204],[-61.588767,9.873067],[-60.830597,9.38134],[-60.671252,8.580174],[-60.150096,8.602757],[-59.758285,8.367035],[-60.550588,7.779603],[-60.637973,7.415],[-60.295668,7.043911],[-60.543999,6.856584],[-61.159336,6.696077],[-61.139415,6.234297],[-61.410303,5.959068],[-60.733574,5.200277],[-60.601179,4.918098],[-60.966893,4.536468],[-62.08543,4.162124],[-62.804533,4.006965],[-63.093198,3.770571],[-63.888343,4.02053],[-64.628659,4.148481],[-64.816064,4.056445],[-64.368494,3.79721],[-64.408828,3.126786],[-64.269999,2.497006],[-63.422867,2.411068],[-63.368788,2.2009],[-64.083085,1.916369],[-64.199306,1.492855],[-64.611012,1.328731],[-65.354713,1.095282],[-65.548267,0.789254],[-66.325765,0.724452],[-66.876326,1.253361],[-67.181294,2.250638],[-67.447092,2.600281],[-67.809938,2.820655],[-67.303173,3.318454],[-67.337564,3.542342],[-67.621836,3.839482],[-67.823012,4.503937],[-67.744697,5.221129],[-67.521532,5.55687],[-67.34144,6.095468],[-67.695087,6.267318],[-68.265052,6.153268],[-68.985319,6.206805],[-69.38948,6.099861],[-70.093313,6.960376],[-70.674234,7.087785],[-71.960176,6.991615],[-72.198352,7.340431],[-72.444487,7.423785],[-72.479679,7.632506],[-72.360901,8.002638],[-72.439862,8.405275],[-72.660495,8.625288],[-72.78873,9.085027],[-73.304952,9.152],[-73.027604,9.73677],[-72.905286,10.450344],[-72.614658,10.821975],[-72.227575,11.108702],[-71.973922,11.608672],[-71.331584,11.776284]]]}},{"type":"Feature","id":"LBR","properties":{"name":"Liberia","iso3":"LBR"},"geometry":{"type":"Polygon","coordinates":[[[-7.712159,4.364566],[-7.974107,4.355755],[-9.004794,4.832419],[-9.91342,5.593561],[-10.765384,6.140711],[-11.438779,6.785917],[-11.199802,7.105846],[-11.146704,7.396706],[-10.695595,7.939464],[-10.230094,8.406206],[-10.016567,8.428504],[-9.755342,8.541055],[-9.33728,7.928534],[-9.403348,7.526905],[-9.208786,7.313921],[-8.926065,7.309037],[-8.722124,7.711674],[-8.439298,7.686043],[-8.485446,7.395208],[-8.385452,6.911801],[-8.60288,6.467564],[-8.311348,6.193033],[-7.993693,6.12619],[-7.570153,5.707352],[-7.539715,5.313345],[-7.635368,5.188159],[-7.712159,4.364566]]]}},{"type":"Feature","id":"NAM","properties":{"name":"Namibia","iso3":"NAM"},"geometry":{"type":"Polygon","coordinates":[[[16.344977,-28.576705],[15.601818,-27.821247],[15.210472,-27.090956],[14.989711,-26.117372],[14.743214,-25.39292],[14.408144,-23.853014],[14.385717,-22.656653],[14.257714,-22.111208],[13.868642,-21.699037],[13.352498,-20.872834],[12.826845,-19.673166],[12.608564,-19.045349],[11.794919,-18.069129],[11.734199,-17.301889],[12.215461,-17.111668],[12.814081,-16.941343],[13.462362,-16.971212],[14.058501,-17.423381],[14.209707,-17.353101],[18.263309,-17.309951],[18.956187,-17.789095],[21.377176,-17.930636],[23.215048,-17.523116],[24.033862,-17.295843],[24.682349,-17.353411],[25.07695,-17.578823],[25.084443,-17.661816],[24.520705,-17.887125],[24.217365,-17.889347],[23.579006,-18.281261],[23.196858,-17.869038],[21.65504,-18.219146],[20.910641,-18.252219],[20.881134,-21.814327],[19.895458,-21.849157],[19.895768,-24.76779],[19.894734,-28.461105],[19.002127,-28.972443],[18.464899,-29.045462],[17.836152,-28.856378],[17.387497,-28.783514],[17.218929,-28.355943],[16.824017,-28.082162],[16.344977,-28.576705]]]}},{"type":"Feature","id":"AZE","properties":{"name":"Azerbaijan","iso3":"AZE"},"geometry":{"type":"MultiPolygon","coordinates":[[[[45.001987,39.740004],[45.298145,39.471751],[45.739978,39.473999],[45.735379,39.319719],[46.143623,38.741201],[45.457722,38.874139],[44.952688,39.335765],[44.79399,39.713003],[45.001987,39.740004]]],[[[47.373315,41.219732],[47.815666,41.151416],[47.987283,41.405819],[48.584353,41.80887],[49.110264,41.282287],[49.618915,40.572924],[50.08483,40.526157],[50.392821,40.256561],[49.569202,40.176101],[49.395259,39.399482],[49.223228,39.049219],[48.856532,38.815486],[48.883249,38.320245],[48.634375,38.270378],[48.010744,38.794015],[48.355529,39.288765],[48.060095,39.582235],[47.685079,39.508364],[46.50572,38.770605],[46.483499,39.464155],[46.034534,39.628021],[45.610012,39.899994],[45.891907,40.218476],[45.359175,40.561504],[45.560351,40.81229],[45.179496,40.985354],[44.97248,41.248129],[45.217426,41.411452],[45.962601,41.123873],[46.501637,41.064445],[46.637908,41.181673],[46.145432,41.722802],[46.404951,41.860675],[46.686071,41.827137],[47.373315,41.219732]]]]}},{"type":"Feature","id":"CMR","properties":{"name":"Cameroon","iso3":"CMR"},"geometry":{"type":"Polygon","coordinates":[[[13.075822,2.267097],[12.951334,2.321616],[12.35938,2.192812],[11.751665,2.326758],[11.276449,2.261051],[9.649158,2.283866],[9.795196,3.073404],[9.404367,3.734527],[8.948116,3.904129],[8.744924,4.352215],[8.488816,4.495617],[8.500288,4.771983],[8.757533,5.479666],[9.233163,6.444491],[9.522706,6.453482],[10.118277,7.03877],[10.497375,7.055358],[11.058788,6.644427],[11.745774,6.981383],[11.839309,7.397042],[12.063946,7.799808],[12.218872,8.305824],[12.753672,8.717763],[12.955468,9.417772],[13.1676,9.640626],[13.308676,10.160362],[13.57295,10.798566],[14.415379,11.572369],[14.468192,11.904752],[14.577178,12.085361],[14.181336,12.483657],[14.213531,12.802035],[14.495787,12.859396],[14.893386,12.219048],[14.960152,11.555574],[14.923565,10.891325],[15.467873,9.982337],[14.909354,9.992129],[14.627201,9.920919],[14.171466,10.021378],[13.954218,9.549495],[14.544467,8.965861],[14.979996,8.796104],[15.120866,8.38215],[15.436092,7.692812],[15.27946,7.421925],[14.776545,6.408498],[14.53656,6.226959],[14.459407,5.451761],[14.558936,5.030598],[14.478372,4.732605],[14.950953,4.210389],[15.03622,3.851367],[15.405396,3.335301],[15.862732,3.013537],[15.907381,2.557389],[16.012852,2.26764],[15.940919,1.727673],[15.146342,1.964015],[14.337813,2.227875],[13.075822,2.267097]]]}},{"type":"Feature","id":"ISL","properties":{"name":"Iceland","iso3":"ISL"},"geometry":{"type":"Polygon","coordinates":[[[-14.508695,66.455892],[-14.739637,65.808748],[-13.609732,65.126671],[-14.909834,64.364082],[-17.794438,63.678749],[-18.656246,63.496383],[-19.972755,63.643635],[-22.762972,63.960179],[-21.778484,64.402116],[-23.955044,64.89113],[-22.184403,65.084968],[-22.227423,65.378594],[-24.326184,65.611189],[-23.650515,66.262519],[-22.134922,66.410469],[-20.576284,65.732112],[-19.056842,66.276601],[-17.798624,65.993853],[-16.167819,66.526792],[-14.508695,66.455892]]]}},{"type":"Feature","id":"DOM","properties":{"name":"Dominican Republic","iso3":"DOM"},"geometry":{"type":"Polygon","coordinates":[[[-71.712361,19.714456],[-71.587304,19.884911],[-70.806706,19.880286],[-70.214365,19.622885],[-69.950815,19.648],[-69.76925,19.293267],[-69.222126,19.313214],[-69.254346,19.015196],[-68.809412,18.979074],[-68.317943,18.612198],[-68.689316,18.205142],[-69.164946,18.422648],[-69.623988,18.380713],[-69.952934,18.428307],[-70.133233,18.245915],[-70.517137,18.184291],[-70.669298,18.426886],[-70.99995,18.283329],[-71.40021,17.598564],[-71.657662,17.757573],[-71.708305,18.044997],[-71.687738,18.31666],[-71.945112,18.6169],[-71.701303,18.785417],[-71.624873,19.169838],[-71.712361,19.714456]]]}},{"type":"Feature","id":"ERI","properties":{"name":"Eritrea","iso3":"ERI"},"geometry":{"type":"Polygon","coordinates":[[[42.35156,12.54223],[42.00975,12.86582],[41.59856,13.45209],[41.155194,13.77332],[40.8966,14.11864],[40.026219,14.519579],[39.34061,14.53155],[39.0994,14.74064],[38.51295,14.50547],[37.90607,14.95943],[37.59377,14.2131],[36.42951,14.42211],[36.323189,14.822481],[36.75386,16.291874],[36.85253,16.95655],[37.16747,17.26314],[37.904,17.42754],[38.41009,17.998307],[38.990623,16.840626],[39.26611,15.922723],[39.814294,15.435647],[41.179275,14.49108],[41.734952,13.921037],[42.276831,13.343992],[42.589576,13.000421],[43.081226,12.699639],[42.779642,12.455416],[42.35156,12.54223]]]}},{"type":"Feature","id":"DEU","properties":{"name":"Germany","iso3":"DEU"},"geometry":{"type":"Polygon","coordinates":[[[9.921906,54.983104],[9.93958,54.596642],[10.950112,54.363607],[10.939467,54.008693],[11.956252,54.196486],[12.51844,54.470371],[13.647467,54.075511],[14.119686,53.757029],[14.353315,53.248171],[14.074521,52.981263],[14.4376,52.62485],[14.685026,52.089947],[14.607098,51.745188],[15.016996,51.106674],[14.570718,51.002339],[14.307013,51.117268],[14.056228,50.926918],[13.338132,50.733234],[12.966837,50.484076],[12.240111,50.266338],[12.415191,49.969121],[12.521024,49.547415],[13.031329,49.307068],[13.595946,48.877172],[13.243357,48.416115],[12.884103,48.289146],[13.025851,47.637584],[12.932627,47.467646],[12.62076,47.672388],[12.141357,47.703083],[11.426414,47.523766],[10.544504,47.566399],[10.402084,47.302488],[9.896068,47.580197],[9.594226,47.525058],[8.522612,47.830828],[8.317301,47.61358],[7.466759,47.620582],[7.593676,48.333019],[8.099279,49.017784],[6.65823,49.201958],[6.18632,49.463803],[6.242751,49.902226],[6.043073,50.128052],[6.156658,50.803721],[5.988658,51.851616],[6.589397,51.852029],[6.84287,52.22844],[7.092053,53.144043],[6.90514,53.482162],[7.100425,53.693932],[7.936239,53.748296],[8.121706,53.527792],[8.800734,54.020786],[8.572118,54.395646],[8.526229,54.962744],[9.282049,54.830865],[9.921906,54.983104]]]}},{"type":"Feature","id":"GNQ","properties":{"name":"Equatorial Guinea","iso3":"GNQ"},"geometry":{"type":"Polygon","coordinates":[[[9.492889,1.01012],[9.305613,1.160911],[9.649158,2.283866],[11.276449,2.261051],[11.285079,1.057662],[9.830284,1.067894],[9.492889,1.01012]]]}},{"type":"Feature","id":"AGO","properties":{"name":"Angola","iso3":"AGO"},"geometry":{"type":"MultiPolygon","coordinates":[[[[16.326528,-5.87747],[16.57318,-6.622645],[16.860191,-7.222298],[17.089996,-7.545689],[17.47297,-8.068551],[18.134222,-7.987678],[18.464176,-7.847014],[19.016752,-7.988246],[19.166613,-7.738184],[19.417502,-7.155429],[20.037723,-7.116361],[20.091622,-6.94309],[20.601823,-6.939318],[20.514748,-7.299606],[21.728111,-7.290872],[21.746456,-7.920085],[21.949131,-8.305901],[21.801801,-8.908707],[21.875182,-9.523708],[22.208753,-9.894796],[22.155268,-11.084801],[22.402798,-10.993075],[22.837345,-11.017622],[23.456791,-10.867863],[23.912215,-10.926826],[24.017894,-11.237298],[23.904154,-11.722282],[24.079905,-12.191297],[23.930922,-12.565848],[24.016137,-12.911046],[21.933886,-12.898437],[21.887843,-16.08031],[22.562478,-16.898451],[23.215048,-17.523116],[21.377176,-17.930636],[18.956187,-17.789095],[18.263309,-17.309951],[14.209707,-17.353101],[14.058501,-17.423381],[13.462362,-16.971212],[12.814081,-16.941343],[12.215461,-17.111668],[11.734199,-17.301889],[11.640096,-16.673142],[11.778537,-15.793816],[12.123581,-14.878316],[12.175619,-14.449144],[12.500095,-13.5477],[12.738479,-13.137906],[13.312914,-12.48363],[13.633721,-12.038645],[13.738728,-11.297863],[13.686379,-10.731076],[13.387328,-10.373578],[13.120988,-9.766897],[12.87537,-9.166934],[12.929061,-8.959091],[13.236433,-8.562629],[12.93304,-7.596539],[12.728298,-6.927122],[12.227347,-6.294448],[12.322432,-6.100092],[12.735171,-5.965682],[13.024869,-5.984389],[13.375597,-5.864241],[16.326528,-5.87747]]],[[[12.436688,-5.684304],[12.182337,-5.789931],[11.914963,-5.037987],[12.318608,-4.60623],[12.62076,-4.438023],[12.995517,-4.781103],[12.631612,-4.991271],[12.468004,-5.248362],[12.436688,-5.684304]]]]}},{"type":"Feature","id":"PER","properties":{"name":"Peru","iso3":"PER"},"geometry":{"type":"Polygon","coordinates":[[[-69.590424,-17.580012],[-69.858444,-18.092694],[-70.372572,-18.347975],[-71.37525,-17.773799],[-71.462041,-17.363488],[-73.44453,-16.359363],[-75.237883,-15.265683],[-76.009205,-14.649286],[-76.423469,-13.823187],[-76.259242,-13.535039],[-77.106192,-12.222716],[-78.092153,-10.377712],[-79.036953,-8.386568],[-79.44592,-7.930833],[-79.760578,-7.194341],[-80.537482,-6.541668],[-81.249996,-6.136834],[-80.926347,-5.690557],[-81.410943,-4.736765],[-81.09967,-4.036394],[-80.302561,-3.404856],[-80.184015,-3.821162],[-80.469295,-4.059287],[-80.442242,-4.425724],[-80.028908,-4.346091],[-79.624979,-4.454198],[-79.205289,-4.959129],[-78.639897,-4.547784],[-78.450684,-3.873097],[-77.837905,-3.003021],[-76.635394,-2.608678],[-75.544996,-1.56161],[-75.233723,-0.911417],[-75.373223,-0.152032],[-75.106625,-0.057205],[-74.441601,-0.53082],[-74.122395,-1.002833],[-73.659504,-1.260491],[-73.070392,-2.308954],[-72.325787,-2.434218],[-71.774761,-2.16979],[-71.413646,-2.342802],[-70.813476,-2.256865],[-70.047709,-2.725156],[-70.692682,-3.742872],[-70.394044,-3.766591],[-69.893635,-4.298187],[-70.794769,-4.251265],[-70.928843,-4.401591],[-71.748406,-4.593983],[-72.891928,-5.274561],[-72.964507,-5.741251],[-73.219711,-6.089189],[-73.120027,-6.629931],[-73.724487,-6.918595],[-73.723401,-7.340999],[-73.987235,-7.52383],[-73.571059,-8.424447],[-73.015383,-9.032833],[-73.226713,-9.462213],[-72.563033,-9.520194],[-72.184891,-10.053598],[-71.302412,-10.079436],[-70.481894,-9.490118],[-70.548686,-11.009147],[-70.093752,-11.123972],[-69.529678,-10.951734],[-68.66508,-12.5613],[-68.88008,-12.899729],[-68.929224,-13.602684],[-68.948887,-14.453639],[-69.339535,-14.953195],[-69.160347,-15.323974],[-69.389764,-15.660129],[-68.959635,-16.500698],[-69.590424,-17.580012]]]}},{"type":"Feature","id":"NLD","properties":{"name":"Netherlands","iso3":"NLD"},"geometry":{"type":"Polygon","coordinates":[[[6.074183,53.510403],[6.90514,53.482162],[7.092053,53.144043],[6.84287,52.22844],[6.589397,51.852029],[5.988658,51.851616],[6.156658,50.803721],[5.606976,51.037298],[4.973991,51.475024],[4.047071,51.267259],[3.314971,51.345755],[3.830289,51.620545],[4.705997,53.091798],[6.074183,53.510403]]]}},{"type":"Feature","id":"USA","properties":{"name":"United States","iso3":"USA"},"geometry":{"type":"MultiPolygon","coordinates":[[[[-155.54211,19.08348],[-155.68817,18.91619],[-155.93665,19.05939],[-155.90806,19.33888],[-156.07347,19.70294],[-156.02368,19.81422],[-155.85008,19.97729],[-155.91907,20.17395],[-155.86108,20.26721],[-155.78505,20.2487],[-155.40214,20.07975],[-155.22452,19.99302],[-155.06226,19.8591],[-154.80741,19.50871],[-154.83147,19.45328],[-155.22217,19.23972],[-155.54211,19.08348]]],[[[-156.07926,20.64397],[-156.41445,20.57241],[-156.58673,20.783],[-156.70167,20.8643],[-156.71055,20.92676],[-156.61258,21.01249],[-156.25711,20.91745],[-155.99566,20.76404],[-156.07926,20.64397]]],[[[-156.75824,21.17684],[-156.78933,21.06873],[-157.32521,21.09777],[-157.25027,21.21958],[-156.75824,21.17684]]],[[[-157.65283,21.32217],[-157.70703,21.26442],[-157.7786,21.27729],[-158.12667,21.31244],[-158.2538,21.53919],[-158.29265,21.57912],[-158.0252,21.71696],[-157.94161,21.65272],[-157.65283,21.32217]]],[[[-159.34512,21.982],[-159.46372,21.88299],[-159.80051,22.06533],[-159.74877,22.1382],[-159.5962,22.23618],[-159.36569,22.21494],[-159.34512,21.982]]],[[[-94.81758,49.38905],[-94.64,48.84],[-94.32914,48.67074],[-93.63087,48.60926],[-92.61,48.45],[-91.64,48.14],[-90.83,48.27],[-89.6,48.01],[-89.272917,48.019808],[-88.378114,48.302918],[-87.439793,47.94],[-86.461991,47.553338],[-85.652363,47.220219],[-84.87608,46.900083],[-84.779238,46.637102],[-84.543749,46.538684],[-84.6049,46.4396],[-84.3367,46.40877],[-84.14212,46.512226],[-84.091851,46.275419],[-83.890765,46.116927],[-83.616131,46.116927],[-83.469551,45.994686],[-83.592851,45.816894],[-82.550925,45.347517],[-82.337763,44.44],[-82.137642,43.571088],[-82.43,42.98],[-82.9,42.43],[-83.12,42.08],[-83.142,41.975681],[-83.02981,41.832796],[-82.690089,41.675105],[-82.439278,41.675105],[-81.277747,42.209026],[-80.247448,42.3662],[-78.939362,42.863611],[-78.92,42.965],[-79.01,43.27],[-79.171674,43.466339],[-78.72028,43.625089],[-77.737885,43.629056],[-76.820034,43.628784],[-76.5,44.018459],[-76.375,44.09631],[-75.31821,44.81645],[-74.867,45.00048],[-73.34783,45.00738],[-71.50506,45.0082],[-71.405,45.255],[-71.08482,45.30524],[-70.66,45.46],[-70.305,45.915],[-69.99997,46.69307],[-69.237216,47.447781],[-68.905,47.185],[-68.23444,47.35486],[-67.79046,47.06636],[-67.79134,45.70281],[-67.13741,45.13753],[-66.96466,44.8097],[-68.03252,44.3252],[-69.06,43.98],[-70.11617,43.68405],[-70.645476,43.090238],[-70.81489,42.8653],[-70.825,42.335],[-70.495,41.805],[-70.08,41.78],[-70.185,42.145],[-69.88497,41.92283],[-69.96503,41.63717],[-70.64,41.475],[-71.12039,41.49445],[-71.86,41.32],[-72.295,41.27],[-72.87643,41.22065],[-73.71,40.931102],[-72.24126,41.11948],[-71.945,40.93],[-73.345,40.63],[-73.982,40.628],[-73.952325,40.75075],[-74.25671,40.47351],[-73.96244,40.42763],[-74.17838,39.70926],[-74.90604,38.93954],[-74.98041,39.1964],[-75.20002,39.24845],[-75.52805,39.4985],[-75.32,38.96],[-75.071835,38.782032],[-75.05673,38.40412],[-75.37747,38.01551],[-75.94023,37.21689],[-76.03127,37.2566],[-75.72205,37.93705],[-76.23287,38.319215],[-76.35,39.15],[-76.542725,38.717615],[-76.32933,38.08326],[-76.989998,38.239992],[-76.30162,37.917945],[-76.25874,36.9664],[-75.9718,36.89726],[-75.86804,36.55125],[-75.72749,35.55074],[-76.36318,34.80854],[-77.397635,34.51201],[-78.05496,33.92547],[-78.55435,33.86133],[-79.06067,33.49395],[-79.20357,33.15839],[-80.301325,32.509355],[-80.86498,32.0333],[-81.33629,31.44049],[-81.49042,30.72999],[-81.31371,30.03552],[-80.98,29.18],[-80.535585,28.47213],[-80.53,28.04],[-80.056539,26.88],[-80.088015,26.205765],[-80.13156,25.816775],[-80.38103,25.20616],[-80.68,25.08],[-81.17213,25.20126],[-81.33,25.64],[-81.71,25.87],[-82.24,26.73],[-82.70515,27.49504],[-82.85526,27.88624],[-82.65,28.55],[-82.93,29.1],[-83.70959,29.93656],[-84.1,30.09],[-85.10882,29.63615],[-85.28784,29.68612],[-85.7731,30.15261],[-86.4,30.4],[-87.53036,30.27433],[-88.41782,30.3849],[-89.18049,30.31598],[-89.593831,30.159994],[-89.413735,29.89419],[-89.43,29.48864],[-89.21767,29.29108],[-89.40823,29.15961],[-89.77928,29.30714],[-90.15463,29.11743],[-90.880225,29.148535],[-91.626785,29.677],[-92.49906,29.5523],[-93.22637,29.78375],[-93.84842,29.71363],[-94.69,29.48],[-95.60026,28.73863],[-96.59404,28.30748],[-97.14,27.83],[-97.37,27.38],[-97.38,26.69],[-97.33,26.21],[-97.14,25.87],[-97.53,25.84],[-98.24,26.06],[-99.02,26.37],[-99.3,26.84],[-99.52,27.54],[-100.11,28.11],[-100.45584,28.69612],[-100.9576,29.38071],[-101.6624,29.7793],[-102.48,29.76],[-103.11,28.97],[-103.94,29.27],[-104.45697,29.57196],[-104.70575,30.12173],[-105.03737,30.64402],[-105.63159,31.08383],[-106.1429,31.39995],[-106.50759,31.75452],[-108.24,31.754854],[-108.24194,31.34222],[-109.035,31.34194],[-111.02361,31.33472],[-113.30498,32.03914],[-114.815,32.52528],[-114.72139,32.72083],[-115.99135,32.61239],[-117.12776,32.53534],[-117.295938,33.046225],[-117.944,33.621236],[-118.410602,33.740909],[-118.519895,34.027782],[-119.081,34.078],[-119.438841,34.348477],[-120.36778,34.44711],[-120.62286,34.60855],[-120.74433,35.15686],[-121.71457,36.16153],[-122.54747,37.55176],[-122.51201,37.78339],[-122.95319,38.11371],[-123.7272,38.95166],[-123.86517,39.76699],[-124.39807,40.3132],[-124.17886,41.14202],[-124.2137,41.99964],[-124.53284,42.76599],[-124.14214,43.70838],[-124.020535,44.615895],[-123.89893,45.52341],[-124.079635,46.86475],[-124.39567,47.72017],[-124.68721,48.184433],[-124.566101,48.379715],[-123.12,48.04],[-122.58736,47.096],[-122.34,47.36],[-122.5,48.18],[-122.84,49],[-120,49],[-117.03121,49],[-116.04818,49],[-113,49],[-110.05,49],[-107.05,49],[-104.04826,48.99986],[-100.65,49],[-97.22872,49.0007],[-95.15907,49],[-95.15609,49.38425],[-94.81758,49.38905]]],[[[-153.006314,57.115842],[-154.00509,56.734677],[-154.516403,56.992749],[-154.670993,57.461196],[-153.76278,57.816575],[-153.228729,57.968968],[-152.564791,57.901427],[-152.141147,57.591059],[-153.006314,57.115842]]],[[[-165.579164,59.909987],[-166.19277,59.754441],[-166.848337,59.941406],[-167.455277,60.213069],[-166.467792,60.38417],[-165.67443,60.293607],[-165.579164,59.909987]]],[[[-171.731657,63.782515],[-171.114434,63.592191],[-170.491112,63.694975],[-169.682505,63.431116],[-168.689439,63.297506],[-168.771941,63.188598],[-169.52944,62.976931],[-170.290556,63.194438],[-170.671386,63.375822],[-171.553063,63.317789],[-171.791111,63.405846],[-171.731657,63.782515]]],[[[-155.06779,71.147776],[-154.344165,70.696409],[-153.900006,70.889989],[-152.210006,70.829992],[-152.270002,70.600006],[-150.739992,70.430017],[-149.720003,70.53001],[-147.613362,70.214035],[-145.68999,70.12001],[-144.920011,69.989992],[-143.589446,70.152514],[-142.07251,69.851938],[-140.985988,69.711998],[-140.992499,66.000029],[-140.99777,60.306397],[-140.012998,60.276838],[-139.039,60.000007],[-138.34089,59.56211],[-137.4525,58.905],[-136.47972,59.46389],[-135.47583,59.78778],[-134.945,59.27056],[-134.27111,58.86111],[-133.355549,58.410285],[-132.73042,57.69289],[-131.70781,56.55212],[-130.00778,55.91583],[-129.979994,55.284998],[-130.53611,54.802753],[-131.085818,55.178906],[-131.967211,55.497776],[-132.250011,56.369996],[-133.539181,57.178887],[-134.078063,58.123068],[-135.038211,58.187715],[-136.628062,58.212209],[-137.800006,58.499995],[-139.867787,59.537762],[-140.825274,59.727517],[-142.574444,60.084447],[-143.958881,59.99918],[-145.925557,60.45861],[-147.114374,60.884656],[-148.224306,60.672989],[-148.018066,59.978329],[-148.570823,59.914173],[-149.727858,59.705658],[-150.608243,59.368211],[-151.716393,59.155821],[-151.859433,59.744984],[-151.409719,60.725803],[-150.346941,61.033588],[-150.621111,61.284425],[-151.895839,60.727198],[-152.57833,60.061657],[-154.019172,59.350279],[-153.287511,58.864728],[-154.232492,58.146374],[-155.307491,57.727795],[-156.308335,57.422774],[-156.556097,56.979985],[-158.117217,56.463608],[-158.433321,55.994154],[-159.603327,55.566686],[-160.28972,55.643581],[-161.223048,55.364735],[-162.237766,55.024187],[-163.069447,54.689737],[-164.785569,54.404173],[-164.942226,54.572225],[-163.84834,55.039431],[-162.870001,55.348043],[-161.804175,55.894986],[-160.563605,56.008055],[-160.07056,56.418055],[-158.684443,57.016675],[-158.461097,57.216921],[-157.72277,57.570001],[-157.550274,58.328326],[-157.041675,58.918885],[-158.194731,58.615802],[-158.517218,58.787781],[-159.058606,58.424186],[-159.711667,58.93139],[-159.981289,58.572549],[-160.355271,59.071123],[-161.355003,58.670838],[-161.968894,58.671665],[-162.054987,59.266925],[-161.874171,59.633621],[-162.518059,59.989724],[-163.818341,59.798056],[-164.662218,60.267484],[-165.346388,60.507496],[-165.350832,61.073895],[-166.121379,61.500019],[-165.734452,62.074997],[-164.919179,62.633076],[-164.562508,63.146378],[-163.753332,63.219449],[-163.067224,63.059459],[-162.260555,63.541936],[-161.53445,63.455817],[-160.772507,63.766108],[-160.958335,64.222799],[-161.518068,64.402788],[-160.777778,64.788604],[-161.391926,64.777235],[-162.45305,64.559445],[-162.757786,64.338605],[-163.546394,64.55916],[-164.96083,64.446945],[-166.425288,64.686672],[-166.845004,65.088896],[-168.11056,65.669997],[-166.705271,66.088318],[-164.47471,66.57666],[-163.652512,66.57666],[-163.788602,66.077207],[-161.677774,66.11612],[-162.489715,66.735565],[-163.719717,67.116395],[-164.430991,67.616338],[-165.390287,68.042772],[-166.764441,68.358877],[-166.204707,68.883031],[-164.430811,68.915535],[-163.168614,69.371115],[-162.930566,69.858062],[-161.908897,70.33333],[-160.934797,70.44769],[-159.039176,70.891642],[-158.119723,70.824721],[-156.580825,71.357764],[-155.06779,71.147776]]]]}},{"type":"Feature","id":"NPL","properties":{"name":"Nepal","iso3":"NPL"},"geometry":{"type":"Polygon","coordinates":[[[88.120441,27.876542],[88.043133,27.445819],[88.174804,26.810405],[88.060238,26.414615],[87.227472,26.397898],[86.024393,26.630985],[85.251779,26.726198],[84.675018,27.234901],[83.304249,27.364506],[81.999987,27.925479],[81.057203,28.416095],[80.088425,28.79447],[80.476721,29.729865],[81.111256,30.183481],[81.525804,30.422717],[82.327513,30.115268],[83.337115,29.463732],[83.898993,29.320226],[84.23458,28.839894],[85.011638,28.642774],[85.82332,28.203576],[86.954517,27.974262],[88.120441,27.876542]]]}},{"type":"Feature","id":"AFG","properties":{"name":"Afghanistan","iso3":"AFG"},"geometry":{"type":"Polygon","coordinates":[[[61.210817,35.650072],[62.230651,35.270664],[62.984662,35.404041],[63.193538,35.857166],[63.982896,36.007957],[64.546479,36.312073],[64.746105,37.111818],[65.588948,37.305217],[65.745631,37.661164],[66.217385,37.39379],[66.518607,37.362784],[67.075782,37.356144],[67.83,37.144994],[68.135562,37.023115],[68.859446,37.344336],[69.196273,37.151144],[69.518785,37.608997],[70.116578,37.588223],[70.270574,37.735165],[70.376304,38.138396],[70.806821,38.486282],[71.348131,38.258905],[71.239404,37.953265],[71.541918,37.905774],[71.448693,37.065645],[71.844638,36.738171],[72.193041,36.948288],[72.63689,37.047558],[73.260056,37.495257],[73.948696,37.421566],[74.980002,37.41999],[75.158028,37.133031],[74.575893,37.020841],[74.067552,36.836176],[72.920025,36.720007],[71.846292,36.509942],[71.262348,36.074388],[71.498768,35.650563],[71.613076,35.153203],[71.115019,34.733126],[71.156773,34.348911],[70.881803,33.988856],[69.930543,34.02012],[70.323594,33.358533],[69.687147,33.105499],[69.262522,32.501944],[69.317764,31.901412],[68.926677,31.620189],[68.556932,31.71331],[67.792689,31.58293],[67.683394,31.303154],[66.938891,31.304911],[66.381458,30.738899],[66.346473,29.887943],[65.046862,29.472181],[64.350419,29.560031],[64.148002,29.340819],[63.550261,29.468331],[62.549857,29.318572],[60.874248,29.829239],[61.781222,30.73585],[61.699314,31.379506],[60.941945,31.548075],[60.863655,32.18292],[60.536078,32.981269],[60.9637,33.528832],[60.52843,33.676446],[60.803193,34.404102],[61.210817,35.650072]]]}},{"type":"Feature","id":"NZL","properties":{"name":"New Zealand","iso3":"NZL"},"geometry":{"type":"MultiPolygon","coordinates":[[[[173.020375,-40.919052],[173.247234,-41.331999],[173.958405,-40.926701],[174.247587,-41.349155],[174.248517,-41.770008],[173.876447,-42.233184],[173.22274,-42.970038],[172.711246,-43.372288],[173.080113,-43.853344],[172.308584,-43.865694],[171.452925,-44.242519],[171.185138,-44.897104],[170.616697,-45.908929],[169.831422,-46.355775],[169.332331,-46.641235],[168.411354,-46.619945],[167.763745,-46.290197],[166.676886,-46.219917],[166.509144,-45.852705],[167.046424,-45.110941],[168.303763,-44.123973],[168.949409,-43.935819],[169.667815,-43.555326],[170.52492,-43.031688],[171.12509,-42.512754],[171.569714,-41.767424],[171.948709,-41.514417],[172.097227,-40.956104],[172.79858,-40.493962],[173.020375,-40.919052]]],[[[174.612009,-36.156397],[175.336616,-37.209098],[175.357596,-36.526194],[175.808887,-36.798942],[175.95849,-37.555382],[176.763195,-37.881253],[177.438813,-37.961248],[178.010354,-37.579825],[178.517094,-37.695373],[178.274731,-38.582813],[177.97046,-39.166343],[177.206993,-39.145776],[176.939981,-39.449736],[177.032946,-39.879943],[176.885824,-40.065978],[176.508017,-40.604808],[176.01244,-41.289624],[175.239567,-41.688308],[175.067898,-41.425895],[174.650973,-41.281821],[175.22763,-40.459236],[174.900157,-39.908933],[173.824047,-39.508854],[173.852262,-39.146602],[174.574802,-38.797683],[174.743474,-38.027808],[174.697017,-37.381129],[174.292028,-36.711092],[174.319004,-36.534824],[173.840997,-36.121981],[173.054171,-35.237125],[172.636005,-34.529107],[173.007042,-34.450662],[173.551298,-35.006183],[174.32939,-35.265496],[174.612009,-36.156397]]]]}},{"type":"Feature","id":"ARM","properties":{"name":"Armenia","iso3":"ARM"},"geometry":{"type":"Polygon","coordinates":[[[43.582746,41.092143],[44.97248,41.248129],[45.179496,40.985354],[45.560351,40.81229],[45.359175,40.561504],[45.891907,40.218476],[45.610012,39.899994],[46.034534,39.628021],[46.483499,39.464155],[46.50572,38.770605],[46.143623,38.741201],[45.735379,39.319719],[45.739978,39.473999],[45.298145,39.471751],[45.001987,39.740004],[44.79399,39.713003],[44.400009,40.005],[43.656436,40.253564],[43.752658,40.740201],[43.582746,41.092143]]]}},{"type":"Feature","id":"DZA","properties":{"name":"Algeria","iso3":"DZA"},"geometry":{"type":"Polygon","coordinates":[[[11.999506,23.471668],[8.572893,21.565661],[5.677566,19.601207],[4.267419,19.155265],[3.158133,19.057364],[3.146661,19.693579],[2.683588,19.85623],[2.060991,20.142233],[1.823228,20.610809],[-1.550055,22.792666],[-4.923337,24.974574],[-8.6844,27.395744],[-8.665124,27.589479],[-8.66559,27.656426],[-8.674116,28.841289],[-7.059228,29.579228],[-6.060632,29.7317],[-5.242129,30.000443],[-4.859646,30.501188],[-3.690441,30.896952],[-3.647498,31.637294],[-3.06898,31.724498],[-2.616605,32.094346],[-1.307899,32.262889],[-1.124551,32.651522],[-1.388049,32.864015],[-1.733455,33.919713],[-1.792986,34.527919],[-2.169914,35.168396],[-1.208603,35.714849],[-0.127454,35.888662],[0.503877,36.301273],[1.466919,36.605647],[3.161699,36.783905],[4.815758,36.865037],[5.32012,36.716519],[6.26182,37.110655],[7.330385,37.118381],[7.737078,36.885708],[8.420964,36.946427],[8.217824,36.433177],[8.376368,35.479876],[8.140981,34.655146],[7.524482,34.097376],[7.612642,33.344115],[8.430473,32.748337],[8.439103,32.506285],[9.055603,32.102692],[9.48214,30.307556],[9.805634,29.424638],[9.859998,28.95999],[9.683885,28.144174],[9.756128,27.688259],[9.629056,27.140953],[9.716286,26.512206],[9.319411,26.094325],[9.910693,25.365455],[9.948261,24.936954],[10.303847,24.379313],[10.771364,24.562532],[11.560669,24.097909],[11.999506,23.471668]]]}},{"type":"Feature","id":"SLV","properties":{"name":"El Salvador","iso3":"SLV"},"geometry":{"type":"Polygon","coordinates":[[[-87.793111,13.38448],[-87.904112,13.149017],[-88.483302,13.163951],[-88.843228,13.259734],[-89.256743,13.458533],[-89.812394,13.520622],[-90.095555,13.735338],[-90.064678,13.88197],[-89.721934,14.134228],[-89.534219,14.244816],[-89.587343,14.362586],[-89.353326,14.424133],[-89.058512,14.340029],[-88.843073,14.140507],[-88.541231,13.980155],[-88.503998,13.845486],[-88.065343,13.964626],[-87.859515,13.893312],[-87.723503,13.78505],[-87.793111,13.38448]]]}},{"type":"Feature","id":"TCD","properties":{"name":"Chad","iso3":"TCD"},"geometry":{"type":"Polygon","coordinates":[[[14.495787,12.859396],[14.595781,13.330427],[13.954477,13.353449],[13.956699,13.996691],[13.540394,14.367134],[13.97217,15.68437],[15.247731,16.627306],[15.300441,17.92795],[15.685741,19.95718],[15.903247,20.387619],[15.487148,20.730415],[15.47106,21.04845],[15.096888,21.308519],[14.8513,22.86295],[15.86085,23.40972],[19.84926,21.49509],[23.83766,19.58047],[23.88689,15.61084],[23.02459,15.68072],[22.56795,14.94429],[22.30351,14.32682],[22.51202,14.09318],[22.18329,13.78648],[22.29658,13.37232],[22.03759,12.95546],[21.93681,12.58818],[22.28801,12.64605],[22.49762,12.26024],[22.50869,11.67936],[22.87622,11.38461],[22.864165,11.142395],[22.231129,10.971889],[21.723822,10.567056],[21.000868,9.475985],[20.059685,9.012706],[19.094008,9.074847],[18.81201,8.982915],[18.911022,8.630895],[18.389555,8.281304],[17.96493,7.890914],[16.705988,7.508328],[16.456185,7.734774],[16.290562,7.754307],[16.106232,7.497088],[15.27946,7.421925],[15.436092,7.692812],[15.120866,8.38215],[14.979996,8.796104],[14.544467,8.965861],[13.954218,9.549495],[14.171466,10.021378],[14.627201,9.920919],[14.909354,9.992129],[15.467873,9.982337],[14.923565,10.891325],[14.960152,11.555574],[14.89336,12.21905],[14.495787,12.859396]]]}},{"type":"Feature","id":"CIV","properties":{"name":"Côte d'Ivoire","iso3":"CIV"},"geometry":{"type":"Polygon","coordinates":[[[-2.856125,4.994476],[-3.311084,4.984296],[-4.00882,5.179813],[-4.649917,5.168264],[-5.834496,4.993701],[-6.528769,4.705088],[-7.518941,4.338288],[-7.712159,4.364566],[-7.635368,5.188159],[-7.539715,5.313345],[-7.570153,5.707352],[-7.993693,6.12619],[-8.311348,6.193033],[-8.60288,6.467564],[-8.385452,6.911801],[-8.485446,7.395208],[-8.439298,7.686043],[-8.280703,7.68718],[-8.221792,8.123329],[-8.299049,8.316444],[-8.203499,8.455453],[-7.8321,8.575704],[-8.079114,9.376224],[-8.309616,9.789532],[-8.229337,10.12902],[-8.029944,10.206535],[-7.89959,10.297382],[-7.622759,10.147236],[-6.850507,10.138994],[-6.666461,10.430811],[-6.493965,10.411303],[-6.205223,10.524061],[-6.050452,10.096361],[-5.816926,10.222555],[-5.404342,10.370737],[-4.954653,10.152714],[-4.779884,9.821985],[-4.330247,9.610835],[-3.980449,9.862344],[-3.511899,9.900326],[-2.827496,9.642461],[-2.56219,8.219628],[-2.983585,7.379705],[-3.24437,6.250472],[-2.810701,5.389051],[-2.856125,4.994476]]]}},{"type":"Feature","id":"UZB","properties":{"name":"Uzbekistan","iso3":"UZB"},"geometry":{"type":"Polygon","coordinates":[[[66.518607,37.362784],[66.54615,37.974685],[65.215999,38.402695],[64.170223,38.892407],[63.518015,39.363257],[62.37426,40.053886],[61.882714,41.084857],[61.547179,41.26637],[60.465953,41.220327],[60.083341,41.425146],[59.976422,42.223082],[58.629011,42.751551],[57.78653,42.170553],[56.932215,41.826026],[57.096391,41.32231],[55.968191,41.308642],[55.928917,44.995858],[58.503127,45.586804],[58.689989,45.500014],[60.239972,44.784037],[61.05832,44.405817],[62.0133,43.504477],[63.185787,43.650075],[64.900824,43.728081],[66.098012,42.99766],[66.023392,41.994646],[66.510649,41.987644],[66.714047,41.168444],[67.985856,41.135991],[68.259896,40.662325],[68.632483,40.668681],[69.070027,41.384244],[70.388965,42.081308],[70.962315,42.266154],[71.259248,42.167711],[70.420022,41.519998],[71.157859,41.143587],[71.870115,41.3929],[73.055417,40.866033],[71.774875,40.145844],[71.014198,40.244366],[70.601407,40.218527],[70.45816,40.496495],[70.666622,40.960213],[69.329495,40.727824],[69.011633,40.086158],[68.536416,39.533453],[67.701429,39.580478],[67.44222,39.140144],[68.176025,38.901553],[68.392033,38.157025],[67.83,37.144994],[67.075782,37.356144],[66.518607,37.362784]]]}},{"type":"Feature","id":"SDN","properties":{"name":"Sudan","iso3":"SDN"},"geometry":{"type":"Polygon","coordinates":[[[33.963393,9.464285],[33.824963,9.484061],[33.842131,9.981915],[33.721959,10.325262],[33.206938,10.720112],[33.086766,11.441141],[33.206938,12.179338],[32.743419,12.248008],[32.67475,12.024832],[32.073892,11.97333],[32.314235,11.681484],[32.400072,11.080626],[31.850716,10.531271],[31.352862,9.810241],[30.837841,9.707237],[29.996639,10.290927],[29.618957,10.084919],[29.515953,9.793074],[29.000932,9.604232],[28.966597,9.398224],[27.97089,9.398224],[27.833551,9.604232],[27.112521,9.638567],[26.752006,9.466893],[26.477328,9.55273],[25.962307,10.136421],[25.790633,10.411099],[25.069604,10.27376],[24.794926,9.810241],[24.537415,8.917538],[24.194068,8.728696],[23.88698,8.61973],[23.805813,8.666319],[23.459013,8.954286],[23.394779,9.265068],[23.55725,9.681218],[23.554304,10.089255],[22.977544,10.714463],[22.864165,11.142395],[22.87622,11.38461],[22.50869,11.67936],[22.49762,12.26024],[22.28801,12.64605],[21.93681,12.58818],[22.03759,12.95546],[22.29658,13.37232],[22.18329,13.78648],[22.51202,14.09318],[22.30351,14.32682],[22.56795,14.94429],[23.02459,15.68072],[23.88689,15.61084],[23.83766,19.58047],[23.85,20],[25,20.00304],[25,22],[29.02,22],[32.9,22],[36.86623,22],[37.18872,21.01885],[36.96941,20.83744],[37.1147,19.80796],[37.48179,18.61409],[37.86276,18.36786],[38.41009,17.998307],[37.904,17.42754],[37.16747,17.26314],[36.85253,16.95655],[36.75389,16.29186],[36.32322,14.82249],[36.42951,14.42211],[36.27022,13.56333],[35.86363,12.57828],[35.26049,12.08286],[34.83163,11.31896],[34.73115,10.91017],[34.25745,10.63009],[33.96162,9.58358],[33.963393,9.464285]]]}},{"type":"Feature","id":"TJK","properties":{"name":"Tajikistan","iso3":"TJK"},"geometry":{"type":"Polygon","coordinates":[[[71.014198,40.244366],[70.648019,39.935754],[69.55961,40.103211],[69.464887,39.526683],[70.549162,39.604198],[71.784694,39.279463],[73.675379,39.431237],[73.928852,38.505815],[74.257514,38.606507],[74.864816,38.378846],[74.829986,37.990007],[74.980002,37.41999],[73.948696,37.421566],[73.260056,37.495257],[72.63689,37.047558],[72.193041,36.948288],[71.844638,36.738171],[71.448693,37.065645],[71.541918,37.905774],[71.239404,37.953265],[71.348131,38.258905],[70.806821,38.486282],[70.376304,38.138396],[70.270574,37.735165],[70.116578,37.588223],[69.518785,37.608997],[69.196273,37.151144],[68.859446,37.344336],[68.135562,37.023115],[67.83,37.144994],[68.392033,38.157025],[68.176025,38.901553],[67.44222,39.140144],[67.701429,39.580478],[68.536416,39.533453],[69.011633,40.086158],[69.329495,40.727824],[70.666622,40.960213],[70.45816,40.496495],[70.601407,40.218527],[71.014198,40.244366]]]}},{"type":"Feature","id":"MEX","properties":{"name":"Mexico","iso3":"MEX"},"geometry":{"type":"Polygon","coordinates":[[[-97.140008,25.869997],[-97.528072,24.992144],[-97.702946,24.272343],[-97.776042,22.93258],[-97.872367,22.444212],[-97.699044,21.898689],[-97.38896,21.411019],[-97.189333,20.635433],[-96.525576,19.890931],[-96.292127,19.320371],[-95.900885,18.828024],[-94.839063,18.562717],[-94.42573,18.144371],[-93.548651,18.423837],[-92.786114,18.524839],[-92.037348,18.704569],[-91.407903,18.876083],[-90.77187,19.28412],[-90.53359,19.867418],[-90.451476,20.707522],[-90.278618,20.999855],[-89.601321,21.261726],[-88.543866,21.493675],[-87.658417,21.458846],[-87.05189,21.543543],[-86.811982,21.331515],[-86.845908,20.849865],[-87.383291,20.255405],[-87.621054,19.646553],[-87.43675,19.472403],[-87.58656,19.04013],[-87.837191,18.259816],[-88.090664,18.516648],[-88.300031,18.499982],[-88.490123,18.486831],[-88.848344,17.883198],[-89.029857,18.001511],[-89.150909,17.955468],[-89.14308,17.808319],[-90.067934,17.819326],[-91.00152,17.817595],[-91.002269,17.254658],[-91.453921,17.252177],[-91.08167,16.918477],[-90.711822,16.687483],[-90.600847,16.470778],[-90.438867,16.41011],[-90.464473,16.069562],[-91.74796,16.066565],[-92.229249,15.251447],[-92.087216,15.064585],[-92.20323,14.830103],[-92.22775,14.538829],[-93.359464,15.61543],[-93.875169,15.940164],[-94.691656,16.200975],[-95.250227,16.128318],[-96.053382,15.752088],[-96.557434,15.653515],[-97.263592,15.917065],[-98.01303,16.107312],[-98.947676,16.566043],[-99.697397,16.706164],[-100.829499,17.171071],[-101.666089,17.649026],[-101.918528,17.91609],[-102.478132,17.975751],[-103.50099,18.292295],[-103.917527,18.748572],[-104.99201,19.316134],[-105.493038,19.946767],[-105.731396,20.434102],[-105.397773,20.531719],[-105.500661,20.816895],[-105.270752,21.076285],[-105.265817,21.422104],[-105.603161,21.871146],[-105.693414,22.26908],[-106.028716,22.773752],[-106.90998,23.767774],[-107.915449,24.548915],[-108.401905,25.172314],[-109.260199,25.580609],[-109.444089,25.824884],[-109.291644,26.442934],[-109.801458,26.676176],[-110.391732,27.162115],[-110.641019,27.859876],[-111.178919,27.941241],[-111.759607,28.467953],[-112.228235,28.954409],[-112.271824,29.266844],[-112.809594,30.021114],[-113.163811,30.786881],[-113.148669,31.170966],[-113.871881,31.567608],[-114.205737,31.524045],[-114.776451,31.799532],[-114.9367,31.393485],[-114.771232,30.913617],[-114.673899,30.162681],[-114.330974,29.750432],[-113.588875,29.061611],[-113.424053,28.826174],[-113.271969,28.754783],[-113.140039,28.411289],[-112.962298,28.42519],[-112.761587,27.780217],[-112.457911,27.525814],[-112.244952,27.171727],[-111.616489,26.662817],[-111.284675,25.73259],[-110.987819,25.294606],[-110.710007,24.826004],[-110.655049,24.298595],[-110.172856,24.265548],[-109.771847,23.811183],[-109.409104,23.364672],[-109.433392,23.185588],[-109.854219,22.818272],[-110.031392,22.823078],[-110.295071,23.430973],[-110.949501,24.000964],[-111.670568,24.484423],[-112.182036,24.738413],[-112.148989,25.470125],[-112.300711,26.012004],[-112.777297,26.32196],[-113.464671,26.768186],[-113.59673,26.63946],[-113.848937,26.900064],[-114.465747,27.14209],[-115.055142,27.722727],[-114.982253,27.7982],[-114.570366,27.741485],[-114.199329,28.115003],[-114.162018,28.566112],[-114.931842,29.279479],[-115.518654,29.556362],[-115.887365,30.180794],[-116.25835,30.836464],[-116.721526,31.635744],[-117.12776,32.53534],[-115.99135,32.61239],[-114.72139,32.72083],[-114.815,32.52528],[-113.30498,32.03914],[-111.02361,31.33472],[-109.035,31.34194],[-108.24194,31.34222],[-108.24,31.754854],[-106.50759,31.75452],[-106.1429,31.39995],[-105.63159,31.08383],[-105.03737,30.64402],[-104.70575,30.12173],[-104.45697,29.57196],[-103.94,29.27],[-103.11,28.97],[-102.48,29.76],[-101.6624,29.7793],[-100.9576,29.38071],[-100.45584,28.69612],[-100.11,28.11],[-99.52,27.54],[-99.3,26.84],[-99.02,26.37],[-98.24,26.06],[-97.53,25.84],[-97.140008,25.869997]]]}},{"type":"Feature","id":"LKA","properties":{"name":"Sri Lanka","iso3":"LKA"},"geometry":{"type":"Polygon","coordinates":[[[81.787959,7.523055],[81.637322,6.481775],[81.21802,6.197141],[80.348357,5.96837],[79.872469,6.763463],[79.695167,8.200843],[80.147801,9.824078],[80.838818,9.268427],[81.304319,8.564206],[81.787959,7.523055]]]}},{"type":"Feature","id":"COG","properties":{"name":"Congo","iso3":"COG"},"geometry":{"type":"Polygon","coordinates":[[[12.995517,-4.781103],[12.62076,-4.438023],[12.318608,-4.60623],[11.914963,-5.037987],[11.093773,-3.978827],[11.855122,-3.426871],[11.478039,-2.765619],[11.820964,-2.514161],[12.495703,-2.391688],[12.575284,-1.948511],[13.109619,-2.42874],[13.992407,-2.470805],[14.29921,-1.998276],[14.425456,-1.333407],[14.316418,-0.552627],[13.843321,0.038758],[14.276266,1.19693],[14.026669,1.395677],[13.282631,1.314184],[13.003114,1.830896],[13.075822,2.267097],[14.337813,2.227875],[15.146342,1.964015],[15.940919,1.727673],[16.012852,2.26764],[16.537058,3.198255],[17.133042,3.728197],[17.8099,3.560196],[18.453065,3.504386],[18.393792,2.900443],[18.094276,2.365722],[17.898835,1.741832],[17.774192,0.855659],[17.82654,0.288923],[17.663553,-0.058084],[17.638645,-0.424832],[17.523716,-0.74383],[16.865307,-1.225816],[16.407092,-1.740927],[15.972803,-2.712392],[16.00629,-3.535133],[15.75354,-3.855165],[15.170992,-4.343507],[14.582604,-4.970239],[14.209035,-4.793092],[14.144956,-4.510009],[13.600235,-4.500138],[13.25824,-4.882957],[12.995517,-4.781103]]]}},{"type":"Feature","id":"BIH","properties":{"name":"Bosnia and Herzegovina","iso3":"BIH"},"geometry":{"type":"Polygon","coordinates":[[[19.005486,44.860234],[19.36803,44.863],[19.11761,44.42307],[19.59976,44.03847],[19.454,43.5681],[19.21852,43.52384],[19.03165,43.43253],[18.70648,43.20011],[18.56,42.65],[17.674922,43.028563],[17.297373,43.446341],[16.916156,43.667722],[16.456443,44.04124],[16.23966,44.351143],[15.750026,44.818712],[15.959367,45.233777],[16.318157,45.004127],[16.534939,45.211608],[17.002146,45.233777],[17.861783,45.06774],[18.553214,45.08159],[19.005486,44.860234]]]}},{"type":"Feature","id":"BEN","properties":{"name":"Benin","iso3":"BEN"},"geometry":{"type":"Polygon","coordinates":[[[2.691702,6.258817],[1.865241,6.142158],[1.618951,6.832038],[1.664478,9.12859],[1.463043,9.334624],[1.425061,9.825395],[1.077795,10.175607],[0.772336,10.470808],[0.899563,10.997339],[1.24347,11.110511],[1.447178,11.547719],[1.935986,11.64115],[2.154474,11.94015],[2.490164,12.233052],[2.848643,12.235636],[3.61118,11.660167],[3.572216,11.327939],[3.797112,10.734746],[3.60007,10.332186],[3.705438,10.06321],[3.220352,9.444153],[2.912308,9.137608],[2.723793,8.506845],[2.749063,7.870734],[2.691702,6.258817]]]}},{"type":"Feature","id":"KGZ","properties":{"name":"Kyrgyzstan","iso3":"KGZ"},"geometry":{"type":"Polygon","coordinates":[[[70.962315,42.266154],[71.186281,42.704293],[71.844638,42.845395],[73.489758,42.500894],[73.645304,43.091272],[74.212866,43.298339],[75.636965,42.8779],[76.000354,42.988022],[77.658392,42.960686],[79.142177,42.856092],[79.643645,42.496683],[80.25999,42.349999],[80.11943,42.123941],[78.543661,41.582243],[78.187197,41.185316],[76.904484,41.066486],[76.526368,40.427946],[75.467828,40.562072],[74.776862,40.366425],[73.822244,39.893973],[73.960013,39.660008],[73.675379,39.431237],[71.784694,39.279463],[70.549162,39.604198],[69.464887,39.526683],[69.55961,40.103211],[70.648019,39.935754],[71.014198,40.244366],[71.774875,40.145844],[73.055417,40.866033],[71.870115,41.3929],[71.157859,41.143587],[70.420022,41.519998],[71.259248,42.167711],[70.962315,42.266154]]]}},{"type":"Feature","id":"SWZ","properties":{"name":"Eswatini","iso3":"SWZ"},"geometry":{"type":"Polygon","coordinates":[[[32.071665,-26.73382],[31.86806,-27.177927],[31.282773,-27.285879],[30.685962,-26.743845],[30.676609,-26.398078],[30.949667,-26.022649],[31.04408,-25.731452],[31.333158,-25.660191],[31.837778,-25.843332],[31.985779,-26.29178],[32.071665,-26.73382]]]}},{"type":"Feature","id":"GTM","properties":{"name":"Guatemala","iso3":"GTM"},"geometry":{"type":"Polygon","coordinates":[[[-90.095555,13.735338],[-90.608624,13.909771],[-91.23241,13.927832],[-91.689747,14.126218],[-92.22775,14.538829],[-92.20323,14.830103],[-92.087216,15.064585],[-92.229249,15.251447],[-91.74796,16.066565],[-90.464473,16.069562],[-90.438867,16.41011],[-90.600847,16.470778],[-90.711822,16.687483],[-91.08167,16.918477],[-91.453921,17.252177],[-91.002269,17.254658],[-91.00152,17.817595],[-90.067934,17.819326],[-89.14308,17.808319],[-89.150806,17.015577],[-89.229122,15.886938],[-88.930613,15.887273],[-88.604586,15.70638],[-88.518364,15.855389],[-88.225023,15.727722],[-88.68068,15.346247],[-89.154811,15.066419],[-89.22522,14.874286],[-89.145535,14.678019],[-89.353326,14.424133],[-89.587343,14.362586],[-89.534219,14.244816],[-89.721934,14.134228],[-90.064678,13.88197],[-90.095555,13.735338]]]}},{"type":"Feature","id":"FJI","properties":{"name":"Fiji","iso3":"FJI"},"geometry":{"type":"MultiPolygon","coordinates":[[[[178.3736,-17.33992],[178.71806,-17.62846],[178.55271,-18.15059],[177.93266,-18.28799],[177.38146,-18.16432],[177.28504,-17.72465],[177.67087,-17.38114],[178.12557,-17.50481],[178.3736,-17.33992]]],[[[179.364143,-16.801354],[178.725059,-17.012042],[178.596839,-16.63915],[179.096609,-16.433984],[179.413509,-16.379054],[180,-16.067133],[180,-16.555217],[179.364143,-16.801354]]],[[[-179.917369,-16.501783],[-180,-16.555217],[-180,-16.067133],[-179.79332,-16.020882],[-179.917369,-16.501783]]]]}},{"type":"Feature","id":"MYS","properties":{"name":"Malaysia","iso3":"MYS"},"geometry":{"type":"MultiPolygon","coordinates":[[[[101.075516,6.204867],[101.154219,5.691384],[101.814282,5.810808],[102.141187,6.221636],[102.371147,6.128205],[102.961705,5.524495],[103.381215,4.855001],[103.438575,4.181606],[103.332122,3.726698],[103.429429,3.382869],[103.502448,2.791019],[103.854674,2.515454],[104.247932,1.631141],[104.228811,1.293048],[103.519707,1.226334],[102.573615,1.967115],[101.390638,2.760814],[101.27354,3.270292],[100.695435,3.93914],[100.557408,4.76728],[100.196706,5.312493],[100.30626,6.040562],[100.085757,6.464489],[100.259596,6.642825],[101.075516,6.204867]]],[[[118.618321,4.478202],[117.882035,4.137551],[117.015214,4.306094],[115.865517,4.306559],[115.519078,3.169238],[115.134037,2.821482],[114.621355,1.430688],[113.80585,1.217549],[112.859809,1.49779],[112.380252,1.410121],[111.797548,0.904441],[111.159138,0.976478],[110.514061,0.773131],[109.830227,1.338136],[109.66326,2.006467],[110.396135,1.663775],[111.168853,1.850637],[111.370081,2.697303],[111.796928,2.885897],[112.995615,3.102395],[113.712935,3.893509],[114.204017,4.525874],[114.659596,4.007637],[114.869557,4.348314],[115.347461,4.316636],[115.4057,4.955228],[115.45071,5.44773],[116.220741,6.143191],[116.725103,6.924771],[117.129626,6.928053],[117.643393,6.422166],[117.689075,5.98749],[118.347691,5.708696],[119.181904,5.407836],[119.110694,5.016128],[118.439727,4.966519],[118.618321,4.478202]]]]}},{"type":"Feature","id":"RUS","properties":{"name":"Russia","iso3":"RUS"},"geometry":{"type":"MultiPolygon","coordinates":[[[[143.648007,50.7476],[144.654148,48.976391],[143.173928,49.306551],[142.558668,47.861575],[143.533492,46.836728],[143.505277,46.137908],[142.747701,46.740765],[142.09203,45.966755],[141.906925,46.805929],[142.018443,47.780133],[141.904445,48.859189],[142.1358,49.615163],[142.179983,50.952342],[141.594076,51.935435],[141.682546,53.301966],[142.606934,53.762145],[142.209749,54.225476],[142.654786,54.365881],[142.914616,53.704578],[143.260848,52.74076],[143.235268,51.75666],[143.648007,50.7476]]],[[[22.731099,54.327537],[20.892245,54.312525],[19.66064,54.426084],[19.888481,54.86616],[21.268449,55.190482],[22.315724,55.015299],[22.757764,54.856574],[22.651052,54.582741],[22.731099,54.327537]]],[[[-175.01425,66.58435],[-174.33983,66.33556],[-174.57182,67.06219],[-171.85731,66.91308],[-169.89958,65.97724],[-170.89107,65.54139],[-172.53025,65.43791],[-172.555,64.46079],[-172.95533,64.25269],[-173.89184,64.2826],[-174.65392,64.63125],[-175.98353,64.92288],[-176.20716,65.35667],[-177.22266,65.52024],[-178.35993,65.39052],[-178.90332,65.74044],[-178.68611,66.11211],[-179.88377,65.87456],[-179.43268,65.40411],[-180,64.979709],[-180,68.963636],[-177.55,68.2],[-174.92825,67.20589],[-175.01425,66.58435]]],[[[180,70.832199],[178.903425,70.78114],[178.7253,71.0988],[180,71.515714],[180,70.832199]]],[[[-178.69378,70.89302],[-180,70.832199],[-180,71.515714],[-179.871875,71.55762],[-179.02433,71.55553],[-177.577945,71.26948],[-177.663575,71.13277],[-178.69378,70.89302]]],[[[143.60385,73.21244],[142.08763,73.20544],[140.038155,73.31692],[139.86312,73.36983],[140.81171,73.76506],[142.06207,73.85758],[143.48283,73.47525],[143.60385,73.21244]]],[[[150.73167,75.08406],[149.575925,74.68892],[147.977465,74.778355],[146.11919,75.17298],[146.358485,75.49682],[148.22223,75.345845],[150.73167,75.08406]]],[[[145.086285,75.562625],[144.3,74.82],[140.61381,74.84768],[138.95544,74.61148],[136.97439,75.26167],[137.51176,75.94917],[138.831075,76.13676],[141.471615,76.09289],[145.086285,75.562625]]],[[[57.535693,70.720464],[56.944979,70.632743],[53.677375,70.762658],[53.412017,71.206662],[51.601895,71.474759],[51.455754,72.014881],[52.478275,72.229442],[52.444169,72.774731],[54.427614,73.627548],[53.50829,73.749814],[55.902459,74.627486],[55.631933,75.081412],[57.868644,75.60939],[61.170044,76.251883],[64.498368,76.439055],[66.210977,76.809782],[68.15706,76.939697],[68.852211,76.544811],[68.180573,76.233642],[64.637326,75.737755],[61.583508,75.260885],[58.477082,74.309056],[56.986786,73.333044],[55.419336,72.371268],[55.622838,71.540595],[57.535693,70.720464]]],[[[106.97013,76.97419],[107.24,76.48],[108.1538,76.72335],[111.07726,76.71],[113.33151,76.22224],[114.13417,75.84764],[113.88539,75.32779],[112.77918,75.03186],[110.15125,74.47673],[109.4,74.18],[110.64,74.04],[112.11919,73.78774],[113.01954,73.97693],[113.52958,73.33505],[113.96881,73.59488],[115.56782,73.75285],[118.77633,73.58772],[119.02,73.12],[123.20066,72.97122],[123.25777,73.73503],[125.38,73.56],[126.97644,73.56549],[128.59126,73.03871],[129.05157,72.39872],[128.46,71.98],[129.71599,71.19304],[131.28858,70.78699],[132.2535,71.8363],[133.85766,71.38642],[135.56193,71.65525],[137.49755,71.34763],[138.23409,71.62803],[139.86983,71.48783],[139.14791,72.41619],[140.46817,72.84941],[149.5,72.2],[150.35118,71.60643],[152.9689,70.84222],[157.00688,71.03141],[158.99779,70.86672],[159.83031,70.45324],[159.70866,69.72198],[160.94053,69.43728],[162.27907,69.64204],[164.05248,69.66823],[165.94037,69.47199],[167.83567,69.58269],[169.57763,68.6938],[170.81688,69.01363],[170.0082,69.65276],[170.45345,70.09703],[173.64391,69.81743],[175.72403,69.87725],[178.6,69.4],[180,68.963636],[180,64.979709],[179.99281,64.97433],[178.7072,64.53493],[177.41128,64.60821],[178.313,64.07593],[178.90825,63.25197],[179.37034,62.98262],[179.48636,62.56894],[179.22825,62.3041],[177.3643,62.5219],[174.56929,61.76915],[173.68013,61.65261],[172.15,60.95],[170.6985,60.33618],[170.33085,59.88177],[168.90046,60.57355],[166.29498,59.78855],[165.84,60.16],[164.87674,59.7316],[163.53929,59.86871],[163.21711,59.21101],[162.01733,58.24328],[162.05297,57.83912],[163.19191,57.61503],[163.05794,56.15924],[162.12958,56.12219],[161.70146,55.28568],[162.11749,54.85514],[160.36877,54.34433],[160.02173,53.20257],[158.53094,52.95868],[158.23118,51.94269],[156.78979,51.01105],[156.42,51.7],[155.99182,53.15895],[155.43366,55.38103],[155.91442,56.76792],[156.75815,57.3647],[156.81035,57.83204],[158.36433,58.05575],[160.15064,59.31477],[161.87204,60.343],[163.66969,61.1409],[164.47355,62.55061],[163.25842,62.46627],[162.65791,61.6425],[160.12148,60.54423],[159.30232,61.77396],[156.72068,61.43442],[154.21806,59.75818],[155.04375,59.14495],[152.81185,58.88385],[151.26573,58.78089],[151.33815,59.50396],[149.78371,59.65573],[148.54481,59.16448],[145.48722,59.33637],[142.19782,59.03998],[138.95848,57.08805],[135.12619,54.72959],[136.70171,54.60355],[137.19342,53.97732],[138.1647,53.75501],[138.80463,54.25455],[139.90151,54.18968],[141.34531,53.08957],[141.37923,52.23877],[140.59742,51.23967],[140.51308,50.04553],[140.06193,48.44671],[138.55472,46.99965],[138.21971,46.30795],[136.86232,45.1435],[135.51535,43.989],[134.86939,43.39821],[133.53687,42.81147],[132.90627,42.79849],[132.27807,43.28456],[130.93587,42.55274],[130.78,42.22],[130.64,42.395],[130.633866,42.903015],[131.144688,42.92999],[131.288555,44.11152],[131.02519,44.96796],[131.883454,45.321162],[133.09712,45.14409],[133.769644,46.116927],[134.11235,47.21248],[134.50081,47.57845],[135.026311,48.47823],[133.373596,48.183442],[132.50669,47.78896],[130.98726,47.79013],[130.582293,48.729687],[129.397818,49.4406],[127.6574,49.76027],[127.287456,50.739797],[126.939157,51.353894],[126.564399,51.784255],[125.946349,52.792799],[125.068211,53.161045],[123.57147,53.4588],[122.245748,53.431726],[121.003085,53.251401],[120.177089,52.753886],[120.725789,52.516226],[120.7382,51.96411],[120.18208,51.64355],[119.27939,50.58292],[119.288461,50.142883],[117.879244,49.510983],[116.678801,49.888531],[115.485695,49.805177],[114.96211,50.140247],[114.362456,50.248303],[112.89774,49.543565],[111.581231,49.377968],[110.662011,49.130128],[109.402449,49.292961],[108.475167,49.282548],[107.868176,49.793705],[106.888804,50.274296],[105.886591,50.406019],[104.62158,50.27532],[103.676545,50.089966],[102.25589,50.51056],[102.06521,51.25991],[100.88948,51.516856],[99.981732,51.634006],[98.861491,52.047366],[97.82574,51.010995],[98.231762,50.422401],[97.25976,49.72605],[95.81402,49.97746],[94.815949,50.013433],[94.147566,50.480537],[93.10421,50.49529],[92.234712,50.802171],[90.713667,50.331812],[88.805567,49.470521],[87.751264,49.297198],[87.35997,49.214981],[86.829357,49.826675],[85.54127,49.692859],[85.11556,50.117303],[84.416377,50.3114],[83.935115,50.889246],[83.383004,51.069183],[81.945986,50.812196],[80.568447,51.388336],[80.03556,50.864751],[77.800916,53.404415],[76.525179,54.177003],[76.8911,54.490524],[74.38482,53.54685],[73.425679,53.48981],[73.508516,54.035617],[72.22415,54.376655],[71.180131,54.133285],[70.865267,55.169734],[69.068167,55.38525],[68.1691,54.970392],[65.66687,54.60125],[65.178534,54.354228],[61.4366,54.00625],[60.978066,53.664993],[61.699986,52.979996],[60.739993,52.719986],[60.927269,52.447548],[59.967534,51.96042],[61.588003,51.272659],[61.337424,50.79907],[59.932807,50.842194],[59.642282,50.545442],[58.36332,51.06364],[56.77798,51.04355],[55.71694,50.62171],[54.532878,51.02624],[52.328724,51.718652],[50.766648,51.692762],[48.702382,50.605128],[48.577841,49.87476],[47.54948,50.454698],[46.751596,49.356006],[47.043672,49.152039],[46.466446,48.394152],[47.31524,47.71585],[48.05725,47.74377],[48.694734,47.075628],[48.59325,46.56104],[49.10116,46.39933],[48.64541,45.80629],[47.67591,45.64149],[46.68201,44.6092],[47.59094,43.66016],[47.49252,42.98658],[48.58437,41.80888],[47.987283,41.405819],[47.815666,41.151416],[47.373315,41.219732],[46.686071,41.827137],[46.404951,41.860675],[45.7764,42.09244],[45.470279,42.502781],[44.537623,42.711993],[43.93121,42.55496],[43.75599,42.74083],[42.3944,43.2203],[40.92219,43.38215],[40.076965,43.553104],[39.955009,43.434998],[38.68,44.28],[37.53912,44.65721],[36.67546,45.24469],[37.40317,45.40451],[38.23295,46.24087],[37.67372,46.63657],[39.14767,47.04475],[39.1212,47.26336],[38.223538,47.10219],[38.255112,47.5464],[38.77057,47.82562],[39.738278,47.898937],[39.89562,48.23241],[39.67465,48.78382],[40.080789,49.30743],[40.06904,49.60105],[38.594988,49.926462],[38.010631,49.915662],[37.39346,50.383953],[36.626168,50.225591],[35.356116,50.577197],[35.37791,50.77394],[35.022183,51.207572],[34.224816,51.255993],[34.141978,51.566413],[34.391731,51.768882],[33.7527,52.335075],[32.715761,52.238465],[32.412058,52.288695],[32.15944,52.06125],[31.78597,52.10168],[31.540018,52.742052],[31.305201,53.073996],[31.49764,53.16743],[32.304519,53.132726],[32.693643,53.351421],[32.405599,53.618045],[31.731273,53.794029],[31.791424,53.974639],[31.384472,54.157056],[30.757534,54.811771],[30.971836,55.081548],[30.873909,55.550976],[29.896294,55.789463],[29.371572,55.670091],[29.229513,55.918344],[28.176709,56.16913],[27.855282,56.759326],[27.770016,57.244258],[27.288185,57.474528],[27.716686,57.791899],[27.42015,58.72457],[28.131699,59.300825],[27.98112,59.47537],[29.1177,60.02805],[28.07,60.50352],[30.211107,61.780028],[31.139991,62.357693],[31.516092,62.867687],[30.035872,63.552814],[30.444685,64.204453],[29.54443,64.948672],[30.21765,65.80598],[29.054589,66.944286],[29.977426,67.698297],[28.445944,68.364613],[28.59193,69.064777],[29.39955,69.15692],[31.10108,69.55811],[32.13272,69.90595],[33.77547,69.30142],[36.51396,69.06342],[40.29234,67.9324],[41.05987,67.45713],[41.12595,66.79158],[40.01583,66.26618],[38.38295,65.99953],[33.91871,66.75961],[33.18444,66.63253],[34.81477,65.90015],[34.878574,65.436213],[34.94391,64.41437],[36.23129,64.10945],[37.01273,63.84983],[37.14197,64.33471],[36.539579,64.76446],[37.17604,65.14322],[39.59345,64.52079],[40.4356,64.76446],[39.7626,65.49682],[42.09309,66.47623],[43.01604,66.41858],[43.94975,66.06908],[44.53226,66.75634],[43.69839,67.35245],[44.18795,67.95051],[43.45282,68.57079],[46.25,68.25],[46.82134,67.68997],[45.55517,67.56652],[45.56202,67.01005],[46.34915,66.66767],[47.89416,66.88455],[48.13876,67.52238],[50.22766,67.99867],[53.71743,68.85738],[54.47171,68.80815],[53.48582,68.20131],[54.72628,68.09702],[55.44268,68.43866],[57.31702,68.46628],[58.802,68.88082],[59.94142,68.27844],[61.07784,68.94069],[60.03,69.52],[60.55,69.85],[63.504,69.54739],[64.888115,69.234835],[68.51216,68.09233],[69.18068,68.61563],[68.16444,69.14436],[68.13522,69.35649],[66.93008,69.45461],[67.25976,69.92873],[66.72492,70.70889],[66.69466,71.02897],[68.54006,71.9345],[69.19636,72.84336],[69.94,73.04],[72.58754,72.77629],[72.79603,72.22006],[71.84811,71.40898],[72.47011,71.09019],[72.79188,70.39114],[72.5647,69.02085],[73.66787,68.4079],[73.2387,67.7404],[71.28,66.32],[72.42301,66.17267],[72.82077,66.53267],[73.92099,66.78946],[74.18651,67.28429],[75.052,67.76047],[74.46926,68.32899],[74.93584,68.98918],[73.84236,69.07146],[73.60187,69.62763],[74.3998,70.63175],[73.1011,71.44717],[74.89082,72.12119],[74.65926,72.83227],[75.15801,72.85497],[75.68351,72.30056],[75.28898,71.33556],[76.35911,71.15287],[75.90313,71.87401],[77.57665,72.26717],[79.65202,72.32011],[81.5,71.75],[80.61071,72.58285],[80.51109,73.6482],[82.25,73.85],[84.65526,73.80591],[86.8223,73.93688],[86.00956,74.45967],[87.16682,75.11643],[88.31571,75.14393],[90.26,75.64],[92.90058,75.77333],[93.23421,76.0472],[95.86,76.14],[96.67821,75.91548],[98.92254,76.44689],[100.75967,76.43028],[101.03532,76.86189],[101.99084,77.28754],[104.3516,77.69792],[106.06664,77.37389],[104.705,77.1274],[106.97013,76.97419]]],[[[105.07547,78.30689],[99.43814,77.921],[101.2649,79.23399],[102.08635,79.34641],[102.837815,79.28129],[105.37243,78.71334],[105.07547,78.30689]]],[[[51.136187,80.54728],[49.793685,80.415428],[48.894411,80.339567],[48.754937,80.175468],[47.586119,80.010181],[46.502826,80.247247],[47.072455,80.559424],[44.846958,80.58981],[46.799139,80.771918],[48.318477,80.78401],[48.522806,80.514569],[49.09719,80.753986],[50.039768,80.918885],[51.522933,80.699726],[51.136187,80.54728]]],[[[99.93976,78.88094],[97.75794,78.7562],[94.97259,79.044745],[93.31288,79.4265],[92.5454,80.14379],[91.18107,80.34146],[93.77766,81.0246],[95.940895,81.2504],[97.88385,80.746975],[100.186655,79.780135],[99.93976,78.88094]]]]}},{"type":"Feature","id":"COL","properties":{"name":"Colombia","iso3":"COL"},"geometry":{"type":"Polygon","coordinates":[[[-75.373223,-0.152032],[-75.801466,0.084801],[-76.292314,0.416047],[-76.57638,0.256936],[-77.424984,0.395687],[-77.668613,0.825893],[-77.855061,0.809925],[-78.855259,1.380924],[-78.990935,1.69137],[-78.617831,1.766404],[-78.662118,2.267355],[-78.42761,2.629556],[-77.931543,2.696606],[-77.510431,3.325017],[-77.12769,3.849636],[-77.496272,4.087606],[-77.307601,4.667984],[-77.533221,5.582812],[-77.318815,5.845354],[-77.476661,6.691116],[-77.881571,7.223771],[-77.753414,7.70984],[-77.431108,7.638061],[-77.242566,7.935278],[-77.474723,8.524286],[-77.353361,8.670505],[-76.836674,8.638749],[-76.086384,9.336821],[-75.6746,9.443248],[-75.664704,9.774003],[-75.480426,10.61899],[-74.906895,11.083045],[-74.276753,11.102036],[-74.197223,11.310473],[-73.414764,11.227015],[-72.627835,11.731972],[-72.238195,11.95555],[-71.75409,12.437303],[-71.399822,12.376041],[-71.137461,12.112982],[-71.331584,11.776284],[-71.973922,11.608672],[-72.227575,11.108702],[-72.614658,10.821975],[-72.905286,10.450344],[-73.027604,9.73677],[-73.304952,9.152],[-72.78873,9.085027],[-72.660495,8.625288],[-72.439862,8.405275],[-72.360901,8.002638],[-72.479679,7.632506],[-72.444487,7.423785],[-72.198352,7.340431],[-71.960176,6.991615],[-70.674234,7.087785],[-70.093313,6.960376],[-69.38948,6.099861],[-68.985319,6.206805],[-68.265052,6.153268],[-67.695087,6.267318],[-67.34144,6.095468],[-67.521532,5.55687],[-67.744697,5.221129],[-67.823012,4.503937],[-67.621836,3.839482],[-67.337564,3.542342],[-67.303173,3.318454],[-67.809938,2.820655],[-67.447092,2.600281],[-67.181294,2.250638],[-66.876326,1.253361],[-67.065048,1.130112],[-67.259998,1.719999],[-67.53781,2.037163],[-67.868565,1.692455],[-69.816973,1.714805],[-69.804597,1.089081],[-69.218638,0.985677],[-69.252434,0.602651],[-69.452396,0.706159],[-70.015566,0.541414],[-70.020656,-0.185156],[-69.577065,-0.549992],[-69.420486,-1.122619],[-69.444102,-1.556287],[-69.893635,-4.298187],[-70.394044,-3.766591],[-70.692682,-3.742872],[-70.047709,-2.725156],[-70.813476,-2.256865],[-71.413646,-2.342802],[-71.774761,-2.16979],[-72.325787,-2.434218],[-73.070392,-2.308954],[-73.659504,-1.260491],[-74.122395,-1.002833],[-74.441601,-0.53082],[-75.106625,-0.057205],[-75.373223,-0.152032]]]}},{"type":"Feature","id":"QAT","properties":{"name":"Qatar","iso3":"QAT"},"geometry":{"type":"Polygon","coordinates":[[[50.810108,24.754743],[50.743911,25.482424],[51.013352,26.006992],[51.286462,26.114582],[51.589079,25.801113],[51.6067,25.21567],[51.389608,24.627386],[51.112415,24.556331],[50.810108,24.754743]]]}},{"type":"Feature","id":"SLB","properties":{"name":"Solomon Islands","iso3":"SLB"},"geometry":{"type":"MultiPolygon","coordinates":[[[[162.119025,-10.482719],[162.398646,-10.826367],[161.700032,-10.820011],[161.319797,-10.204751],[161.917383,-10.446701],[162.119025,-10.482719]]],[[[160.852229,-9.872937],[160.462588,-9.89521],[159.849447,-9.794027],[159.640003,-9.63998],[159.702945,-9.24295],[160.362956,-9.400304],[160.688518,-9.610162],[160.852229,-9.872937]]],[[[161.679982,-9.599982],[161.529397,-9.784312],[160.788253,-8.917543],[160.579997,-8.320009],[160.920028,-8.320009],[161.280006,-9.120011],[161.679982,-9.599982]]],[[[159.875027,-8.33732],[159.917402,-8.53829],[159.133677,-8.114181],[158.586114,-7.754824],[158.21115,-7.421872],[158.359978,-7.320018],[158.820001,-7.560003],[159.640003,-8.020027],[159.875027,-8.33732]]],[[[157.538426,-7.34782],[157.33942,-7.404767],[156.90203,-7.176874],[156.491358,-6.765943],[156.542828,-6.599338],[157.14,-7.021638],[157.538426,-7.34782]]]]}},{"type":"Feature","id":"EST","properties":{"name":"Estonia","iso3":"EST"},"geometry":{"type":"Polygon","coordinates":[[[24.312863,57.793424],[24.428928,58.383413],[24.061198,58.257375],[23.42656,58.612753],[23.339795,59.18724],[24.604214,59.465854],[25.864189,59.61109],[26.949136,59.445803],[27.981114,59.475388],[28.131699,59.300825],[27.420166,58.724581],[27.716686,57.791899],[27.288185,57.474528],[26.463532,57.476389],[25.60281,57.847529],[25.164594,57.970157],[24.312863,57.793424]]]}},{"type":"Feature","id":"HRV","properties":{"name":"Croatia","iso3":"HRV"},"geometry":{"type":"Polygon","coordinates":[[[18.829838,45.908878],[19.072769,45.521511],[19.390476,45.236516],[19.005486,44.860234],[18.553214,45.08159],[17.861783,45.06774],[17.002146,45.233777],[16.534939,45.211608],[16.318157,45.004127],[15.959367,45.233777],[15.750026,44.818712],[16.23966,44.351143],[16.456443,44.04124],[16.916156,43.667722],[17.297373,43.446341],[17.674922,43.028563],[18.56,42.65],[18.450016,42.479991],[17.50997,42.849995],[16.930006,43.209998],[16.015385,43.507215],[15.174454,44.243191],[15.37625,44.317915],[14.920309,44.738484],[14.901602,45.07606],[14.258748,45.233777],[13.952255,44.802124],[13.656976,45.136935],[13.679403,45.484149],[13.71506,45.500324],[14.411968,45.466166],[14.595109,45.634941],[14.935244,45.471695],[15.327675,45.452316],[15.323954,45.731783],[15.67153,45.834154],[15.768733,46.238108],[16.564808,46.503751],[16.882515,46.380632],[17.630066,45.951769],[18.456062,45.759481],[18.829838,45.908878]]]}},{"type":"Feature","id":"PRK","properties":{"name":"North Korea","iso3":"PRK"},"geometry":{"type":"Polygon","coordinates":[[[130.640016,42.395009],[130.780007,42.220007],[130.400031,42.280004],[129.965949,41.941368],[129.667362,41.601104],[129.705189,40.882828],[129.188115,40.661808],[129.0104,40.485436],[128.633368,40.189847],[127.967414,40.025413],[127.533436,39.75685],[127.50212,39.323931],[127.385434,39.213472],[127.783343,39.050898],[128.349716,38.612243],[128.205746,38.370397],[127.780035,38.304536],[127.073309,38.256115],[126.68372,37.804773],[126.237339,37.840378],[126.174759,37.749686],[125.689104,37.94001],[125.568439,37.752089],[125.27533,37.669071],[125.240087,37.857224],[124.981033,37.948821],[124.712161,38.108346],[124.985994,38.548474],[125.221949,38.665857],[125.132859,38.848559],[125.38659,39.387958],[125.321116,39.551385],[124.737482,39.660344],[124.265625,39.928493],[125.079942,40.569824],[126.182045,41.107336],[126.869083,41.816569],[127.343783,41.503152],[128.208433,41.466772],[128.052215,41.994285],[129.596669,42.424982],[129.994267,42.985387],[130.640016,42.395009]]]}},{"type":"Feature","id":"GRC","properties":{"name":"Greece","iso3":"GRC"},"geometry":{"type":"MultiPolygon","coordinates":[[[[23.69998,35.705004],[24.246665,35.368022],[25.025015,35.424996],[25.769208,35.354018],[25.745023,35.179998],[26.290003,35.29999],[26.164998,35.004995],[24.724982,34.919988],[24.735007,35.084991],[23.514978,35.279992],[23.69998,35.705004]]],[[[26.604196,41.562115],[26.294602,40.936261],[26.056942,40.824123],[25.447677,40.852545],[24.925848,40.947062],[23.714811,40.687129],[24.407999,40.124993],[23.899968,39.962006],[23.342999,39.960998],[22.813988,40.476005],[22.626299,40.256561],[22.849748,39.659311],[23.350027,39.190011],[22.973099,38.970903],[23.530016,38.510001],[24.025025,38.219993],[24.040011,37.655015],[23.115003,37.920011],[23.409972,37.409991],[22.774972,37.30501],[23.154225,36.422506],[22.490028,36.41],[21.670026,36.844986],[21.295011,37.644989],[21.120034,38.310323],[20.730032,38.769985],[20.217712,39.340235],[20.150016,39.624998],[20.615,40.110007],[20.674997,40.435],[20.99999,40.580004],[21.02004,40.842727],[21.674161,40.931275],[22.055378,41.149866],[22.597308,41.130487],[22.76177,41.3048],[22.952377,41.337994],[23.692074,41.309081],[24.492645,41.583896],[25.197201,41.234486],[26.106138,41.328899],[26.117042,41.826905],[26.604196,41.562115]]]]}},{"type":"Feature","id":"GUY","properties":{"name":"Guyana","iso3":"GUY"},"geometry":{"type":"Polygon","coordinates":[[[-59.758285,8.367035],[-59.101684,7.999202],[-58.482962,7.347691],[-58.454876,6.832787],[-58.078103,6.809094],[-57.542219,6.321268],[-57.147436,5.97315],[-57.307246,5.073567],[-57.914289,4.812626],[-57.86021,4.576801],[-58.044694,4.060864],[-57.601569,3.334655],[-57.281433,3.333492],[-57.150098,2.768927],[-56.539386,1.899523],[-56.782704,1.863711],[-57.335823,1.948538],[-57.660971,1.682585],[-58.11345,1.507195],[-58.429477,1.463942],[-58.540013,1.268088],[-59.030862,1.317698],[-59.646044,1.786894],[-59.718546,2.24963],[-59.974525,2.755233],[-59.815413,3.606499],[-59.53804,3.958803],[-59.767406,4.423503],[-60.111002,4.574967],[-59.980959,5.014061],[-60.213683,5.244486],[-60.733574,5.200277],[-61.410303,5.959068],[-61.139415,6.234297],[-61.159336,6.696077],[-60.543999,6.856584],[-60.295668,7.043911],[-60.637973,7.415],[-60.550588,7.779603],[-59.758285,8.367035]]]}},{"type":"Feature","id":"LTU","properties":{"name":"Lithuania","iso3":"LTU"},"geometry":{"type":"Polygon","coordinates":[[[22.731099,54.327537],[22.651052,54.582741],[22.757764,54.856574],[22.315724,55.015299],[21.268449,55.190482],[21.0558,56.031076],[22.201157,56.337802],[23.878264,56.273671],[24.860684,56.372528],[25.000934,56.164531],[25.533047,56.100297],[26.494331,55.615107],[26.588279,55.167176],[25.768433,54.846963],[25.536354,54.282423],[24.450684,53.905702],[23.484128,53.912498],[23.243987,54.220567],[22.731099,54.327537]]]}},{"type":"Feature","id":"AUS","properties":{"name":"Australia","iso3":"AUS"},"geometry":{"type":"MultiPolygon","coordinates":[[[[145.397978,-40.792549],[146.364121,-41.137695],[146.908584,-41.000546],[147.689259,-40.808258],[148.289068,-40.875438],[148.359865,-42.062445],[148.017301,-42.407024],[147.914052,-43.211522],[147.564564,-42.937689],[146.870343,-43.634597],[146.663327,-43.580854],[146.048378,-43.549745],[145.43193,-42.693776],[145.29509,-42.03361],[144.718071,-41.162552],[144.743755,-40.703975],[145.397978,-40.792549]]],[[[143.561811,-13.763656],[143.922099,-14.548311],[144.563714,-14.171176],[144.894908,-14.594458],[145.374724,-14.984976],[145.271991,-15.428205],[145.48526,-16.285672],[145.637033,-16.784918],[145.888904,-16.906926],[146.160309,-17.761655],[146.063674,-18.280073],[146.387478,-18.958274],[147.471082,-19.480723],[148.177602,-19.955939],[148.848414,-20.39121],[148.717465,-20.633469],[149.28942,-21.260511],[149.678337,-22.342512],[150.077382,-22.122784],[150.482939,-22.556142],[150.727265,-22.402405],[150.899554,-23.462237],[151.609175,-24.076256],[152.07354,-24.457887],[152.855197,-25.267501],[153.136162,-26.071173],[153.161949,-26.641319],[153.092909,-27.2603],[153.569469,-28.110067],[153.512108,-28.995077],[153.339095,-29.458202],[153.069241,-30.35024],[153.089602,-30.923642],[152.891578,-31.640446],[152.450002,-32.550003],[151.709117,-33.041342],[151.343972,-33.816023],[151.010555,-34.31036],[150.714139,-35.17346],[150.32822,-35.671879],[150.075212,-36.420206],[149.946124,-37.109052],[149.997284,-37.425261],[149.423882,-37.772681],[148.304622,-37.809061],[147.381733,-38.219217],[146.922123,-38.606532],[146.317922,-39.035757],[145.489652,-38.593768],[144.876976,-38.417448],[145.032212,-37.896188],[144.485682,-38.085324],[143.609974,-38.809465],[142.745427,-38.538268],[142.17833,-38.380034],[141.606582,-38.308514],[140.638579,-38.019333],[139.992158,-37.402936],[139.806588,-36.643603],[139.574148,-36.138362],[139.082808,-35.732754],[138.120748,-35.612296],[138.449462,-35.127261],[138.207564,-34.384723],[137.71917,-35.076825],[136.829406,-35.260535],[137.352371,-34.707339],[137.503886,-34.130268],[137.890116,-33.640479],[137.810328,-32.900007],[136.996837,-33.752771],[136.372069,-34.094766],[135.989043,-34.890118],[135.208213,-34.47867],[135.239218,-33.947953],[134.613417,-33.222778],[134.085904,-32.848072],[134.273903,-32.617234],[132.990777,-32.011224],[132.288081,-31.982647],[131.326331,-31.495803],[129.535794,-31.590423],[128.240938,-31.948489],[127.102867,-32.282267],[126.148714,-32.215966],[125.088623,-32.728751],[124.221648,-32.959487],[124.028947,-33.483847],[123.659667,-33.890179],[122.811036,-33.914467],[122.183064,-34.003402],[121.299191,-33.821036],[120.580268,-33.930177],[119.893695,-33.976065],[119.298899,-34.509366],[119.007341,-34.464149],[118.505718,-34.746819],[118.024972,-35.064733],[117.295507,-35.025459],[116.625109,-35.025097],[115.564347,-34.386428],[115.026809,-34.196517],[115.048616,-33.623425],[115.545123,-33.487258],[115.714674,-33.259572],[115.679379,-32.900369],[115.801645,-32.205062],[115.689611,-31.612437],[115.160909,-30.601594],[114.997043,-30.030725],[115.040038,-29.461095],[114.641974,-28.810231],[114.616498,-28.516399],[114.173579,-28.118077],[114.048884,-27.334765],[113.477498,-26.543134],[113.338953,-26.116545],[113.778358,-26.549025],[113.440962,-25.621278],[113.936901,-25.911235],[114.232852,-26.298446],[114.216161,-25.786281],[113.721255,-24.998939],[113.625344,-24.683971],[113.393523,-24.384764],[113.502044,-23.80635],[113.706993,-23.560215],[113.843418,-23.059987],[113.736552,-22.475475],[114.149756,-21.755881],[114.225307,-22.517488],[114.647762,-21.82952],[115.460167,-21.495173],[115.947373,-21.068688],[116.711615,-20.701682],[117.166316,-20.623599],[117.441545,-20.746899],[118.229559,-20.374208],[118.836085,-20.263311],[118.987807,-20.044203],[119.252494,-19.952942],[119.805225,-19.976506],[120.85622,-19.683708],[121.399856,-19.239756],[121.655138,-18.705318],[122.241665,-18.197649],[122.286624,-17.798603],[122.312772,-17.254967],[123.012574,-16.4052],[123.433789,-17.268558],[123.859345,-17.069035],[123.503242,-16.596506],[123.817073,-16.111316],[124.258287,-16.327944],[124.379726,-15.56706],[124.926153,-15.0751],[125.167275,-14.680396],[125.670087,-14.51007],[125.685796,-14.230656],[126.125149,-14.347341],[126.142823,-14.095987],[126.582589,-13.952791],[127.065867,-13.817968],[127.804633,-14.276906],[128.35969,-14.86917],[128.985543,-14.875991],[129.621473,-14.969784],[129.4096,-14.42067],[129.888641,-13.618703],[130.339466,-13.357376],[130.183506,-13.10752],[130.617795,-12.536392],[131.223495,-12.183649],[131.735091,-12.302453],[132.575298,-12.114041],[132.557212,-11.603012],[131.824698,-11.273782],[132.357224,-11.128519],[133.019561,-11.376411],[133.550846,-11.786515],[134.393068,-12.042365],[134.678632,-11.941183],[135.298491,-12.248606],[135.882693,-11.962267],[136.258381,-12.049342],[136.492475,-11.857209],[136.95162,-12.351959],[136.685125,-12.887223],[136.305407,-13.29123],[135.961758,-13.324509],[136.077617,-13.724278],[135.783836,-14.223989],[135.428664,-14.715432],[135.500184,-14.997741],[136.295175,-15.550265],[137.06536,-15.870762],[137.580471,-16.215082],[138.303217,-16.807604],[138.585164,-16.806622],[139.108543,-17.062679],[139.260575,-17.371601],[140.215245,-17.710805],[140.875463,-17.369069],[141.07111,-16.832047],[141.274095,-16.38887],[141.398222,-15.840532],[141.702183,-15.044921],[141.56338,-14.561333],[141.63552,-14.270395],[141.519869,-13.698078],[141.65092,-12.944688],[141.842691,-12.741548],[141.68699,-12.407614],[141.928629,-11.877466],[142.118488,-11.328042],[142.143706,-11.042737],[142.51526,-10.668186],[142.79731,-11.157355],[142.866763,-11.784707],[143.115947,-11.90563],[143.158632,-12.325656],[143.522124,-12.834358],[143.597158,-13.400422],[143.561811,-13.763656]]]]}},{"type":"Feature","id":"ITA","properties":{"name":"Italy","iso3":"ITA"},"geometry":{"type":"MultiPolygon","coordinates":[[[[15.520376,38.231155],[15.160243,37.444046],[15.309898,37.134219],[15.099988,36.619987],[14.335229,36.996631],[13.826733,37.104531],[12.431004,37.61295],[12.570944,38.126381],[13.741156,38.034966],[14.761249,38.143874],[15.520376,38.231155]]],[[[9.210012,41.209991],[9.809975,40.500009],[9.669519,39.177376],[9.214818,39.240473],[8.806936,38.906618],[8.428302,39.171847],[8.388253,40.378311],[8.159998,40.950007],[8.709991,40.899984],[9.210012,41.209991]]],[[[12.376485,46.767559],[13.806475,46.509306],[13.69811,46.016778],[13.93763,45.591016],[13.141606,45.736692],[12.328581,45.381778],[12.383875,44.885374],[12.261453,44.600482],[12.589237,44.091366],[13.526906,43.587727],[14.029821,42.761008],[15.14257,41.95514],[15.926191,41.961315],[16.169897,41.740295],[15.889346,41.541082],[16.785002,41.179606],[17.519169,40.877143],[18.376687,40.355625],[18.480247,40.168866],[18.293385,39.810774],[17.73838,40.277671],[16.869596,40.442235],[16.448743,39.795401],[17.17149,39.4247],[17.052841,38.902871],[16.635088,38.843572],[16.100961,37.985899],[15.684087,37.908849],[15.687963,38.214593],[15.891981,38.750942],[16.109332,38.964547],[15.718814,39.544072],[15.413613,40.048357],[14.998496,40.172949],[14.703268,40.60455],[14.060672,40.786348],[13.627985,41.188287],[12.888082,41.25309],[12.106683,41.704535],[11.191906,42.355425],[10.511948,42.931463],[10.200029,43.920007],[9.702488,44.036279],[8.888946,44.366336],[8.428561,44.231228],[7.850767,43.767148],[7.435185,43.693845],[7.549596,44.127901],[7.007562,44.254767],[6.749955,45.028518],[7.096652,45.333099],[6.802355,45.70858],[6.843593,45.991147],[7.273851,45.776948],[7.755992,45.82449],[8.31663,46.163642],[8.489952,46.005151],[8.966306,46.036932],[9.182882,46.440215],[9.922837,46.314899],[10.363378,46.483571],[10.442701,46.893546],[11.048556,46.751359],[11.164828,46.941579],[12.153088,47.115393],[12.376485,46.767559]]]]}},{"type":"Feature","id":"GHA","properties":{"name":"Ghana","iso3":"GHA"},"geometry":{"type":"Polygon","coordinates":[[[1.060122,5.928837],[-0.507638,5.343473],[-1.063625,5.000548],[-1.964707,4.710462],[-2.856125,4.994476],[-2.810701,5.389051],[-3.24437,6.250472],[-2.983585,7.379705],[-2.56219,8.219628],[-2.827496,9.642461],[-2.963896,10.395335],[-2.940409,10.96269],[-1.203358,11.009819],[-0.761576,10.93693],[-0.438702,11.098341],[0.023803,11.018682],[-0.049785,10.706918],[0.36758,10.191213],[0.365901,9.465004],[0.461192,8.677223],[0.712029,8.312465],[0.490957,7.411744],[0.570384,6.914359],[0.836931,6.279979],[1.060122,5.928837]]]}},{"type":"Feature","id":"SEN","properties":{"name":"Senegal","iso3":"SEN"},"geometry":{"type":"Polygon","coordinates":[[[-16.713729,13.594959],[-17.126107,14.373516],[-17.625043,14.729541],[-17.185173,14.919477],[-16.700706,15.621527],[-16.463098,16.135036],[-16.12069,16.455663],[-15.623666,16.369337],[-15.135737,16.587282],[-14.577348,16.598264],[-14.099521,16.304302],[-13.435738,16.039383],[-12.830658,15.303692],[-12.17075,14.616834],[-12.124887,13.994727],[-11.927716,13.422075],[-11.553398,13.141214],[-11.467899,12.754519],[-11.513943,12.442988],[-11.658301,12.386583],[-12.203565,12.465648],[-12.278599,12.35444],[-12.499051,12.33209],[-13.217818,12.575874],[-13.700476,12.586183],[-15.548477,12.62817],[-15.816574,12.515567],[-16.147717,12.547762],[-16.677452,12.384852],[-16.841525,13.151394],[-15.931296,13.130284],[-15.691001,13.270353],[-15.511813,13.27857],[-15.141163,13.509512],[-14.712197,13.298207],[-14.277702,13.280585],[-13.844963,13.505042],[-14.046992,13.794068],[-14.376714,13.62568],[-14.687031,13.630357],[-15.081735,13.876492],[-15.39877,13.860369],[-15.624596,13.623587],[-16.713729,13.594959]]]}},{"type":"Feature","id":"ESP","properties":{"name":"Spain","iso3":"ESP"},"geometry":{"type":"Polygon","coordinates":[[[-9.034818,41.880571],[-8.984433,42.592775],[-9.392884,43.026625],[-7.97819,43.748338],[-6.754492,43.567909],[-5.411886,43.57424],[-4.347843,43.403449],[-3.517532,43.455901],[-1.901351,43.422802],[-1.502771,43.034014],[0.338047,42.579546],[0.701591,42.795734],[1.826793,42.343385],[2.985999,42.473015],[3.039484,41.89212],[2.091842,41.226089],[0.810525,41.014732],[0.721331,40.678318],[0.106692,40.123934],[-0.278711,39.309978],[0.111291,38.738514],[-0.467124,38.292366],[-0.683389,37.642354],[-1.438382,37.443064],[-2.146453,36.674144],[-3.415781,36.6589],[-4.368901,36.677839],[-4.995219,36.324708],[-5.37716,35.94685],[-5.866432,36.029817],[-6.236694,36.367677],[-6.520191,36.942913],[-7.453726,37.097788],[-7.537105,37.428904],[-7.166508,37.803894],[-7.029281,38.075764],[-7.374092,38.373059],[-7.098037,39.030073],[-7.498632,39.629571],[-7.066592,39.711892],[-7.026413,40.184524],[-6.86402,40.330872],[-6.851127,41.111083],[-6.389088,41.381815],[-6.668606,41.883387],[-7.251309,41.918346],[-7.422513,41.792075],[-8.013175,41.790886],[-8.263857,42.280469],[-8.671946,42.134689],[-9.034818,41.880571]]]}},{"type":"Feature","id":"CZE","properties":{"name":"Czechia","iso3":"CZE"},"geometry":{"type":"Polygon","coordinates":[[[16.960288,48.596982],[16.499283,48.785808],[16.029647,48.733899],[15.253416,49.039074],[14.901447,48.964402],[14.338898,48.555305],[13.595946,48.877172],[13.031329,49.307068],[12.521024,49.547415],[12.415191,49.969121],[12.240111,50.266338],[12.966837,50.484076],[13.338132,50.733234],[14.056228,50.926918],[14.307013,51.117268],[14.570718,51.002339],[15.016996,51.106674],[15.490972,50.78473],[16.238627,50.697733],[16.176253,50.422607],[16.719476,50.215747],[16.868769,50.473974],[17.554567,50.362146],[17.649445,50.049038],[18.392914,49.988629],[18.853144,49.49623],[18.554971,49.495015],[18.399994,49.315001],[18.170498,49.271515],[18.104973,49.043983],[17.913512,48.996493],[17.886485,48.903475],[17.545007,48.800019],[17.101985,48.816969],[16.960288,48.596982]]]}},{"type":"Feature","id":"GIN","properties":{"name":"Guinea","iso3":"GIN"},"geometry":{"type":"Polygon","coordinates":[[[-8.439298,7.686043],[-8.722124,7.711674],[-8.926065,7.309037],[-9.208786,7.313921],[-9.403348,7.526905],[-9.33728,7.928534],[-9.755342,8.541055],[-10.016567,8.428504],[-10.230094,8.406206],[-10.505477,8.348896],[-10.494315,8.715541],[-10.65477,8.977178],[-10.622395,9.26791],[-10.839152,9.688246],[-11.117481,10.045873],[-11.917277,10.046984],[-12.150338,9.858572],[-12.425929,9.835834],[-12.596719,9.620188],[-12.711958,9.342712],[-13.24655,8.903049],[-13.685154,9.494744],[-14.074045,9.886167],[-14.330076,10.01572],[-14.579699,10.214467],[-14.693232,10.656301],[-14.839554,10.876572],[-15.130311,11.040412],[-14.685687,11.527824],[-14.382192,11.509272],[-14.121406,11.677117],[-13.9008,11.678719],[-13.743161,11.811269],[-13.828272,12.142644],[-13.718744,12.247186],[-13.700476,12.586183],[-13.217818,12.575874],[-12.499051,12.33209],[-12.278599,12.35444],[-12.203565,12.465648],[-11.658301,12.386583],[-11.513943,12.442988],[-11.456169,12.076834],[-11.297574,12.077971],[-11.036556,12.211245],[-10.87083,12.177887],[-10.593224,11.923975],[-10.165214,11.844084],[-9.890993,12.060479],[-9.567912,12.194243],[-9.327616,12.334286],[-9.127474,12.30806],[-8.905265,12.088358],[-8.786099,11.812561],[-8.376305,11.393646],[-8.581305,11.136246],[-8.620321,10.810891],[-8.407311,10.909257],[-8.282357,10.792597],[-8.335377,10.494812],[-8.029944,10.206535],[-8.229337,10.12902],[-8.309616,9.789532],[-8.079114,9.376224],[-7.8321,8.575704],[-8.203499,8.455453],[-8.299049,8.316444],[-8.221792,8.123329],[-8.280703,7.68718],[-8.439298,7.686043]]]}},{"type":"Feature","id":"SVK","properties":{"name":"Slovakia","iso3":"SVK"},"geometry":{"type":"Polygon","coordinates":[[[18.853144,49.49623],[18.909575,49.435846],[19.320713,49.571574],[19.825023,49.217125],[20.415839,49.431453],[20.887955,49.328772],[21.607808,49.470107],[22.558138,49.085738],[22.280842,48.825392],[22.085608,48.422264],[21.872236,48.319971],[20.801294,48.623854],[20.473562,48.56285],[20.239054,48.327567],[19.769471,48.202691],[19.661364,48.266615],[19.174365,48.111379],[18.777025,48.081768],[18.696513,47.880954],[17.857133,47.758429],[17.488473,47.867466],[16.979667,48.123497],[16.879983,48.470013],[16.960288,48.596982],[17.101985,48.816969],[17.545007,48.800019],[17.886485,48.903475],[17.913512,48.996493],[18.104973,49.043983],[18.170498,49.271515],[18.399994,49.315001],[18.554971,49.495015],[18.853144,49.49623]]]}},{"type":"Feature","id":"BTN","properties":{"name":"Bhutan","iso3":"BTN"},"geometry":{"type":"Polygon","coordinates":[[[91.696657,27.771742],[92.103712,27.452614],[92.033484,26.83831],[91.217513,26.808648],[90.373275,26.875724],[89.744528,26.719403],[88.835643,27.098966],[88.814248,27.299316],[89.47581,28.042759],[90.015829,28.296439],[90.730514,28.064954],[91.258854,28.040614],[91.696657,27.771742]]]}},{"type":"Feature","id":"IDN","properties":{"name":"Indonesia","iso3":"IDN"},"geometry":{"type":"MultiPolygon","coordinates":[[[[120.715609,-10.239581],[120.295014,-10.25865],[118.967808,-9.557969],[119.90031,-9.36134],[120.425756,-9.665921],[120.775502,-9.969675],[120.715609,-10.239581]]],[[[124.43595,-10.140001],[123.579982,-10.359987],[123.459989,-10.239995],[123.550009,-9.900016],[123.980009,-9.290027],[124.968682,-8.89279],[125.07002,-9.089987],[125.08852,-9.393173],[124.43595,-10.140001]]],[[[117.900018,-8.095681],[118.260616,-8.362383],[118.87846,-8.280683],[119.126507,-8.705825],[117.970402,-8.906639],[117.277731,-9.040895],[116.740141,-9.032937],[117.083737,-8.457158],[117.632024,-8.449303],[117.900018,-8.095681]]],[[[122.903537,-8.094234],[122.756983,-8.649808],[121.254491,-8.933666],[119.924391,-8.810418],[119.920929,-8.444859],[120.715092,-8.236965],[121.341669,-8.53674],[122.007365,-8.46062],[122.903537,-8.094234]]],[[[108.623479,-6.777674],[110.539227,-6.877358],[110.759576,-6.465186],[112.614811,-6.946036],[112.978768,-7.594213],[114.478935,-7.776528],[115.705527,-8.370807],[114.564511,-8.751817],[113.464734,-8.348947],[112.559672,-8.376181],[111.522061,-8.302129],[110.58615,-8.122605],[109.427667,-7.740664],[108.693655,-7.6416],[108.277763,-7.766657],[106.454102,-7.3549],[106.280624,-6.9249],[105.365486,-6.851416],[106.051646,-5.895919],[107.265009,-5.954985],[108.072091,-6.345762],[108.486846,-6.421985],[108.623479,-6.777674]]],[[[134.724624,-6.214401],[134.210134,-6.895238],[134.112776,-6.142467],[134.290336,-5.783058],[134.499625,-5.445042],[134.727002,-5.737582],[134.724624,-6.214401]]],[[[127.249215,-3.459065],[126.874923,-3.790983],[126.183802,-3.607376],[125.989034,-3.177273],[127.000651,-3.129318],[127.249215,-3.459065]]],[[[130.471344,-3.093764],[130.834836,-3.858472],[129.990547,-3.446301],[129.155249,-3.362637],[128.590684,-3.428679],[127.898891,-3.393436],[128.135879,-2.84365],[129.370998,-2.802154],[130.471344,-3.093764]]],[[[134.143368,-1.151867],[134.422627,-2.769185],[135.457603,-3.367753],[136.293314,-2.307042],[137.440738,-1.703513],[138.329727,-1.702686],[139.184921,-2.051296],[139.926684,-2.409052],[141.00021,-2.600151],[141.017057,-5.859022],[141.033852,-9.117893],[140.143415,-8.297168],[139.127767,-8.096043],[138.881477,-8.380935],[137.614474,-8.411683],[138.039099,-7.597882],[138.668621,-7.320225],[138.407914,-6.232849],[137.92784,-5.393366],[135.98925,-4.546544],[135.164598,-4.462931],[133.66288,-3.538853],[133.367705,-4.024819],[132.983956,-4.112979],[132.756941,-3.746283],[132.753789,-3.311787],[131.989804,-2.820551],[133.066845,-2.460418],[133.780031,-2.479848],[133.696212,-2.214542],[132.232373,-2.212526],[131.836222,-1.617162],[130.94284,-1.432522],[130.519558,-0.93772],[131.867538,-0.695461],[132.380116,-0.369538],[133.985548,-0.78021],[134.143368,-1.151867]]],[[[125.240501,1.419836],[124.437035,0.427881],[123.685505,0.235593],[122.723083,0.431137],[121.056725,0.381217],[120.183083,0.237247],[120.04087,-0.519658],[120.935905,-1.408906],[121.475821,-0.955962],[123.340565,-0.615673],[123.258399,-1.076213],[122.822715,-0.930951],[122.38853,-1.516858],[121.508274,-1.904483],[122.454572,-3.186058],[122.271896,-3.5295],[123.170963,-4.683693],[123.162333,-5.340604],[122.628515,-5.634591],[122.236394,-5.282933],[122.719569,-4.464172],[121.738234,-4.851331],[121.489463,-4.574553],[121.619171,-4.188478],[120.898182,-3.602105],[120.972389,-2.627643],[120.305453,-2.931604],[120.390047,-4.097579],[120.430717,-5.528241],[119.796543,-5.6734],[119.366906,-5.379878],[119.653606,-4.459417],[119.498835,-3.494412],[119.078344,-3.487022],[118.767769,-2.801999],[119.180974,-2.147104],[119.323394,-1.353147],[119.825999,0.154254],[120.035702,0.566477],[120.885779,1.309223],[121.666817,1.013944],[122.927567,0.875192],[124.077522,0.917102],[125.065989,1.643259],[125.240501,1.419836]]],[[[128.688249,1.132386],[128.635952,0.258486],[128.12017,0.356413],[127.968034,-0.252077],[128.379999,-0.780004],[128.100016,-0.899996],[127.696475,-0.266598],[127.39949,1.011722],[127.600512,1.810691],[127.932378,2.174596],[128.004156,1.628531],[128.594559,1.540811],[128.688249,1.132386]]],[[[117.875627,1.827641],[118.996747,0.902219],[117.811858,0.784242],[117.478339,0.102475],[117.521644,-0.803723],[116.560048,-1.487661],[116.533797,-2.483517],[116.148084,-4.012726],[116.000858,-3.657037],[114.864803,-4.106984],[114.468652,-3.495704],[113.755672,-3.43917],[113.256994,-3.118776],[112.068126,-3.478392],[111.703291,-2.994442],[111.04824,-3.049426],[110.223846,-2.934032],[110.070936,-1.592874],[109.571948,-1.314907],[109.091874,-0.459507],[108.952658,0.415375],[109.069136,1.341934],[109.66326,2.006467],[109.830227,1.338136],[110.514061,0.773131],[111.159138,0.976478],[111.797548,0.904441],[112.380252,1.410121],[112.859809,1.49779],[113.80585,1.217549],[114.621355,1.430688],[115.134037,2.821482],[115.519078,3.169238],[115.865517,4.306559],[117.015214,4.306094],[117.882035,4.137551],[117.313232,3.234428],[118.04833,2.28769],[117.875627,1.827641]]],[[[105.817655,-5.852356],[104.710384,-5.873285],[103.868213,-5.037315],[102.584261,-4.220259],[102.156173,-3.614146],[101.399113,-2.799777],[100.902503,-2.050262],[100.141981,-0.650348],[99.26374,0.183142],[98.970011,1.042882],[98.601351,1.823507],[97.699598,2.453184],[97.176942,3.308791],[96.424017,3.86886],[95.380876,4.970782],[95.293026,5.479821],[95.936863,5.439513],[97.484882,5.246321],[98.369169,4.26837],[99.142559,3.59035],[99.693998,3.174329],[100.641434,2.099381],[101.658012,2.083697],[102.498271,1.3987],[103.07684,0.561361],[103.838396,0.104542],[103.437645,-0.711946],[104.010789,-1.059212],[104.369991,-1.084843],[104.53949,-1.782372],[104.887893,-2.340425],[105.622111,-2.428844],[106.108593,-3.061777],[105.857446,-4.305525],[105.817655,-5.852356]]]]}},{"type":"Feature","id":"PNG","properties":{"name":"Papua New Guinea","iso3":"PNG"},"geometry":{"type":"MultiPolygon","coordinates":[[[[155.880026,-6.819997],[155.599991,-6.919991],[155.166994,-6.535931],[154.729192,-5.900828],[154.514114,-5.139118],[154.652504,-5.042431],[154.759991,-5.339984],[155.062918,-5.566792],[155.547746,-6.200655],[156.019965,-6.540014],[155.880026,-6.819997]]],[[[151.982796,-5.478063],[151.459107,-5.56028],[151.30139,-5.840728],[150.754447,-6.083763],[150.241197,-6.317754],[149.709963,-6.316513],[148.890065,-6.02604],[148.318937,-5.747142],[148.401826,-5.437756],[149.298412,-5.583742],[149.845562,-5.505503],[149.99625,-5.026101],[150.139756,-5.001348],[150.236908,-5.53222],[150.807467,-5.455842],[151.089672,-5.113693],[151.647881,-4.757074],[151.537862,-4.167807],[152.136792,-4.14879],[152.338743,-4.312966],[152.318693,-4.867661],[151.982796,-5.478063]]],[[[147.191874,-7.388024],[148.084636,-8.044108],[148.734105,-9.104664],[149.306835,-9.071436],[149.266631,-9.514406],[150.038728,-9.684318],[149.738798,-9.872937],[150.801628,-10.293687],[150.690575,-10.582713],[150.028393,-10.652476],[149.78231,-10.393267],[148.923138,-10.280923],[147.913018,-10.130441],[147.135443,-9.492444],[146.567881,-8.942555],[146.048481,-8.067414],[144.744168,-7.630128],[143.897088,-7.91533],[143.286376,-8.245491],[143.413913,-8.983069],[142.628431,-9.326821],[142.068259,-9.159596],[141.033852,-9.117893],[141.017057,-5.859022],[141.00021,-2.600151],[142.735247,-3.289153],[144.583971,-3.861418],[145.27318,-4.373738],[145.829786,-4.876498],[145.981922,-5.465609],[147.648073,-6.083659],[147.891108,-6.614015],[146.970905,-6.721657],[147.191874,-7.388024]]],[[[153.140038,-4.499983],[152.827292,-4.766427],[152.638673,-4.176127],[152.406026,-3.789743],[151.953237,-3.462062],[151.384279,-3.035422],[150.66205,-2.741486],[150.939965,-2.500002],[151.479984,-2.779985],[151.820015,-2.999972],[152.239989,-3.240009],[152.640017,-3.659983],[153.019994,-3.980015],[153.140038,-4.499983]]]]}},{"type":"Feature","id":"UKR","properties":{"name":"Ukraine","iso3":"UKR"},"geometry":{"type":"Polygon","coordinates":[[[31.785998,52.101678],[32.159412,52.061267],[32.412058,52.288695],[32.715761,52.238465],[33.7527,52.335075],[34.391731,51.768882],[34.141978,51.566413],[34.224816,51.255993],[35.022183,51.207572],[35.377924,50.773955],[35.356116,50.577197],[36.626168,50.225591],[37.39346,50.383953],[38.010631,49.915662],[38.594988,49.926462],[40.069058,49.601055],[40.080789,49.30743],[39.674664,48.783818],[39.895632,48.232405],[39.738278,47.898937],[38.770585,47.825608],[38.255112,47.5464],[38.223538,47.10219],[37.425137,47.022221],[36.759855,46.6987],[35.823685,46.645964],[34.962342,46.273197],[35.020788,45.651219],[35.510009,45.409993],[36.529998,45.46999],[36.334713,45.113216],[35.239999,44.939996],[33.882511,44.361479],[33.326421,44.564877],[33.546924,45.034771],[32.454174,45.327466],[32.630804,45.519186],[33.588162,45.851569],[33.298567,46.080598],[31.74414,46.333348],[31.675307,46.706245],[30.748749,46.5831],[30.377609,46.03241],[29.603289,45.293308],[29.149725,45.464925],[28.679779,45.304031],[28.233554,45.488283],[28.485269,45.596907],[28.659987,45.939987],[28.933717,46.25883],[28.862972,46.437889],[29.072107,46.517678],[29.170654,46.379262],[29.759972,46.349988],[30.024659,46.423937],[29.83821,46.525326],[29.908852,46.674361],[29.559674,46.928583],[29.415135,47.346645],[29.050868,47.510227],[29.122698,47.849095],[28.670891,48.118149],[28.259547,48.155562],[27.522537,48.467119],[26.857824,48.368211],[26.619337,48.220726],[26.19745,48.220881],[25.945941,47.987149],[25.207743,47.891056],[24.866317,47.737526],[24.402056,47.981878],[23.760958,47.985598],[23.142236,48.096341],[22.710531,47.882194],[22.64082,48.15024],[22.085608,48.422264],[22.280842,48.825392],[22.558138,49.085738],[22.776419,49.027395],[22.51845,49.476774],[23.426508,50.308506],[23.922757,50.424881],[24.029986,50.705407],[23.527071,51.578454],[24.005078,51.617444],[24.553106,51.888461],[25.327788,51.910656],[26.337959,51.832289],[27.454066,51.592303],[28.241615,51.572227],[28.617613,51.427714],[28.992835,51.602044],[29.254938,51.368234],[30.157364,51.416138],[30.555117,51.319503],[30.619454,51.822806],[30.927549,52.042353],[31.785998,52.101678]]]}},{"type":"Feature","id":"ROU","properties":{"name":"Romania","iso3":"ROU"},"geometry":{"type":"Polygon","coordinates":[[[22.710531,47.882194],[23.142236,48.096341],[23.760958,47.985598],[24.402056,47.981878],[24.866317,47.737526],[25.207743,47.891056],[25.945941,47.987149],[26.19745,48.220881],[26.619337,48.220726],[26.924176,48.123264],[27.233873,47.826771],[27.551166,47.405117],[28.12803,46.810476],[28.160018,46.371563],[28.054443,45.944586],[28.233554,45.488283],[28.679779,45.304031],[29.149725,45.464925],[29.603289,45.293308],[29.626543,45.035391],[29.141612,44.82021],[28.837858,44.913874],[28.558081,43.707462],[27.970107,43.812468],[27.2424,44.175986],[26.065159,43.943494],[25.569272,43.688445],[24.100679,43.741051],[23.332302,43.897011],[22.944832,43.823785],[22.65715,44.234923],[22.474008,44.409228],[22.705726,44.578003],[22.459022,44.702517],[22.145088,44.478422],[21.562023,44.768947],[21.483526,45.18117],[20.874313,45.416375],[20.762175,45.734573],[20.220192,46.127469],[21.021952,46.316088],[21.626515,46.994238],[22.099768,47.672439],[22.710531,47.882194]]]}},{"type":"Feature","id":"YEM","properties":{"name":"Yemen","iso3":"YEM"},"geometry":{"type":"Polygon","coordinates":[[[53.108573,16.651051],[52.385206,16.382411],[52.191729,15.938433],[52.168165,15.59742],[51.172515,15.17525],[49.574576,14.708767],[48.679231,14.003202],[48.238947,13.94809],[47.938914,14.007233],[47.354454,13.59222],[46.717076,13.399699],[45.877593,13.347764],[45.62505,13.290946],[45.406459,13.026905],[45.144356,12.953938],[44.989533,12.699587],[44.494576,12.721653],[44.175113,12.58595],[43.482959,12.6368],[43.222871,13.22095],[43.251448,13.767584],[43.087944,14.06263],[42.892245,14.802249],[42.604873,15.213335],[42.805015,15.261963],[42.702438,15.718886],[42.823671,15.911742],[42.779332,16.347891],[43.218375,16.66689],[43.115798,17.08844],[43.380794,17.579987],[43.791519,17.319977],[44.062613,17.410359],[45.216651,17.433329],[45.399999,17.333335],[46.366659,17.233315],[46.749994,17.283338],[47.000005,16.949999],[47.466695,17.116682],[48.183344,18.166669],[49.116672,18.616668],[52.00001,19.000003],[52.782184,17.349742],[53.108573,16.651051]]]}},{"type":"Feature","id":"TZA","properties":{"name":"Tanzania","iso3":"TZA"},"geometry":{"type":"Polygon","coordinates":[[[33.903711,-0.95],[34.07262,-1.05982],[37.69869,-3.09699],[37.7669,-3.67712],[39.20222,-4.67677],[38.74054,-5.90895],[38.79977,-6.47566],[39.44,-6.84],[39.47,-7.1],[39.19469,-7.7039],[39.25203,-8.00781],[39.18652,-8.48551],[39.53574,-9.11237],[39.9496,-10.0984],[40.31659,-10.3171],[39.521,-10.89688],[38.427557,-11.285202],[37.82764,-11.26879],[37.47129,-11.56876],[36.775151,-11.594537],[36.514082,-11.720938],[35.312398,-11.439146],[34.559989,-11.52002],[34.28,-10.16],[33.940838,-9.693674],[33.73972,-9.41715],[32.759375,-9.230599],[32.191865,-8.930359],[31.556348,-8.762049],[31.157751,-8.594579],[30.74,-8.34],[30.2,-7.08],[29.62,-6.52],[29.419993,-5.939999],[29.519987,-5.419979],[29.339998,-4.499983],[29.753512,-4.452389],[30.11632,-4.09012],[30.50554,-3.56858],[30.75224,-3.35931],[30.74301,-3.03431],[30.52766,-2.80762],[30.46967,-2.41383],[30.758309,-2.28725],[30.816135,-1.698914],[30.419105,-1.134659],[30.76986,-1.01455],[31.86617,-1.02736],[33.903711,-0.95]]]}},{"type":"Feature","id":"CRI","properties":{"name":"Costa Rica","iso3":"CRI"},"geometry":{"type":"Polygon","coordinates":[[[-82.965783,8.225028],[-83.508437,8.446927],[-83.711474,8.656836],[-83.596313,8.830443],[-83.632642,9.051386],[-83.909886,9.290803],[-84.303402,9.487354],[-84.647644,9.615537],[-84.713351,9.908052],[-84.97566,10.086723],[-84.911375,9.795992],[-85.110923,9.55704],[-85.339488,9.834542],[-85.660787,9.933347],[-85.797445,10.134886],[-85.791709,10.439337],[-85.659314,10.754331],[-85.941725,10.895278],[-85.71254,11.088445],[-85.561852,11.217119],[-84.903003,10.952303],[-84.673069,11.082657],[-84.355931,10.999226],[-84.190179,10.79345],[-83.895054,10.726839],[-83.655612,10.938764],[-83.40232,10.395438],[-83.015677,9.992982],[-82.546196,9.566135],[-82.932891,9.476812],[-82.927155,9.07433],[-82.719183,8.925709],[-82.868657,8.807266],[-82.829771,8.626295],[-82.913176,8.423517],[-82.965783,8.225028]]]}},{"type":"Feature","id":"KOR","properties":{"name":"South Korea","iso3":"KOR"},"geometry":{"type":"Polygon","coordinates":[[[128.349716,38.612243],[129.21292,37.432392],[129.46045,36.784189],[129.468304,35.632141],[129.091377,35.082484],[128.18585,34.890377],[127.386519,34.475674],[126.485748,34.390046],[126.37392,34.93456],[126.559231,35.684541],[126.117398,36.725485],[126.860143,36.893924],[126.174759,37.749686],[126.237339,37.840378],[126.68372,37.804773],[127.073309,38.256115],[127.780035,38.304536],[128.205746,38.370397],[128.349716,38.612243]]]}},{"type":"Feature","id":"SOM","properties":{"name":"Somalia","iso3":"SOM"},"geometry":{"type":"Polygon","coordinates":[[[49.72862,11.5789],[50.25878,11.67957],[50.73202,12.0219],[51.1112,12.02464],[51.13387,11.74815],[51.04153,11.16651],[51.04531,10.6409],[50.83418,10.27972],[50.55239,9.19874],[50.07092,8.08173],[49.4527,6.80466],[48.59455,5.33911],[47.74079,4.2194],[46.56476,2.85529],[45.56399,2.04576],[44.06815,1.05283],[43.13597,0.2922],[42.04157,-0.91916],[41.81095,-1.44647],[41.58513,-1.68325],[40.993,-0.85829],[40.98105,2.78452],[41.855083,3.918912],[42.12861,4.23413],[42.76967,4.25259],[43.66087,4.95755],[44.9636,5.00162],[47.78942,8.003],[48.486736,8.837626],[48.93813,9.451749],[48.938233,9.9735],[48.938491,10.982327],[48.942005,11.394266],[48.948205,11.410617],[49.26776,11.43033],[49.72862,11.5789]]]}},{"type":"Feature","id":"SYR","properties":{"name":"Syria","iso3":"SYR"},"geometry":{"type":"Polygon","coordinates":[[[38.792341,33.378686],[36.834062,32.312938],[35.719918,32.709192],[35.700798,32.716014],[35.836397,32.868123],[35.821101,33.277426],[36.06646,33.824912],[36.61175,34.201789],[36.448194,34.593935],[35.998403,34.644914],[35.905023,35.410009],[36.149763,35.821535],[36.41755,36.040617],[36.685389,36.259699],[36.739494,36.81752],[37.066761,36.623036],[38.167727,36.90121],[38.699891,36.712927],[39.52258,36.716054],[40.673259,37.091276],[41.212089,37.074352],[42.349591,37.229873],[41.837064,36.605854],[41.289707,36.358815],[41.383965,35.628317],[41.006159,34.419372],[38.792341,33.378686]]]}},{"type":"Feature","id":"NIC","properties":{"name":"Nicaragua","iso3":"NIC"},"geometry":{"type":"Polygon","coordinates":[[[-85.71254,11.088445],[-86.058488,11.403439],[-86.52585,11.806877],[-86.745992,12.143962],[-87.167516,12.458258],[-87.668493,12.90991],[-87.557467,13.064552],[-87.392386,12.914018],[-87.316654,12.984686],[-87.005769,13.025794],[-86.880557,13.254204],[-86.733822,13.263093],[-86.755087,13.754845],[-86.520708,13.778487],[-86.312142,13.771356],[-86.096264,14.038187],[-85.801295,13.836055],[-85.698665,13.960078],[-85.514413,14.079012],[-85.165365,14.35437],[-85.148751,14.560197],[-85.052787,14.551541],[-84.924501,14.790493],[-84.820037,14.819587],[-84.649582,14.666805],[-84.449336,14.621614],[-84.228342,14.748764],[-83.975721,14.749436],[-83.628585,14.880074],[-83.489989,15.016267],[-83.147219,14.995829],[-83.233234,14.899866],[-83.284162,14.676624],[-83.182126,14.310703],[-83.4125,13.970078],[-83.519832,13.567699],[-83.552207,13.127054],[-83.498515,12.869292],[-83.473323,12.419087],[-83.626104,12.32085],[-83.719613,11.893124],[-83.650858,11.629032],[-83.85547,11.373311],[-83.808936,11.103044],[-83.655612,10.938764],[-83.895054,10.726839],[-84.190179,10.79345],[-84.355931,10.999226],[-84.673069,11.082657],[-84.903003,10.952303],[-85.561852,11.217119],[-85.71254,11.088445]]]}},{"type":"Feature","id":"PAK","properties":{"name":"Pakistan","iso3":"PAK"},"geometry":{"type":"Polygon","coordinates":[[[75.158028,37.133031],[75.896897,36.666806],[76.192848,35.898403],[77.837451,35.49401],[76.871722,34.653544],[75.757061,34.504923],[74.240203,34.748887],[73.749948,34.317699],[74.104294,33.441473],[74.451559,32.7649],[75.258642,32.271105],[74.405929,31.692639],[74.42138,30.979815],[73.450638,29.976413],[72.823752,28.961592],[71.777666,27.91318],[70.616496,27.989196],[69.514393,26.940966],[70.168927,26.491872],[70.282873,25.722229],[70.844699,25.215102],[71.04324,24.356524],[68.842599,24.359134],[68.176645,23.691965],[67.443667,23.944844],[67.145442,24.663611],[66.372828,25.425141],[64.530408,25.237039],[62.905701,25.218409],[61.497363,25.078237],[61.874187,26.239975],[63.316632,26.756532],[63.233898,27.217047],[62.755426,27.378923],[62.72783,28.259645],[61.771868,28.699334],[61.369309,29.303276],[60.874248,29.829239],[62.549857,29.318572],[63.550261,29.468331],[64.148002,29.340819],[64.350419,29.560031],[65.046862,29.472181],[66.346473,29.887943],[66.381458,30.738899],[66.938891,31.304911],[67.683394,31.303154],[67.792689,31.58293],[68.556932,31.71331],[68.926677,31.620189],[69.317764,31.901412],[69.262522,32.501944],[69.687147,33.105499],[70.323594,33.358533],[69.930543,34.02012],[70.881803,33.988856],[71.156773,34.348911],[71.115019,34.733126],[71.613076,35.153203],[71.498768,35.650563],[71.262348,36.074388],[71.846292,36.509942],[72.920025,36.720007],[74.067552,36.836176],[74.575893,37.020841],[75.158028,37.133031]]]}},{"type":"Feature","id":"BLZ","properties":{"name":"Belize","iso3":"BLZ"},"geometry":{"type":"Polygon","coordinates":[[[-89.14308,17.808319],[-89.150909,17.955468],[-89.029857,18.001511],[-88.848344,17.883198],[-88.490123,18.486831],[-88.300031,18.499982],[-88.296336,18.353273],[-88.106813,18.348674],[-88.123479,18.076675],[-88.285355,17.644143],[-88.197867,17.489475],[-88.302641,17.131694],[-88.239518,17.036066],[-88.355428,16.530774],[-88.551825,16.265467],[-88.732434,16.233635],[-88.930613,15.887273],[-89.229122,15.886938],[-89.150806,17.015577],[-89.14308,17.808319]]]}},{"type":"Feature","id":"URY","properties":{"name":"Uruguay","iso3":"URY"},"geometry":{"type":"Polygon","coordinates":[[[-57.625133,-30.216295],[-56.976026,-30.109686],[-55.973245,-30.883076],[-55.60151,-30.853879],[-54.572452,-31.494511],[-53.787952,-32.047243],[-53.209589,-32.727666],[-53.650544,-33.202004],[-53.373662,-33.768378],[-53.806426,-34.396815],[-54.935866,-34.952647],[-55.67409,-34.752659],[-56.215297,-34.859836],[-57.139685,-34.430456],[-57.817861,-34.462547],[-58.427074,-33.909454],[-58.349611,-33.263189],[-58.132648,-33.040567],[-58.14244,-32.044504],[-57.874937,-31.016556],[-57.625133,-30.216295]]]}},{"type":"Feature","id":"BLR","properties":{"name":"Belarus","iso3":"BLR"},"geometry":{"type":"Polygon","coordinates":[[[23.484128,53.912498],[24.450684,53.905702],[25.536354,54.282423],[25.768433,54.846963],[26.588279,55.167176],[26.494331,55.615107],[27.10246,55.783314],[28.176709,56.16913],[29.229513,55.918344],[29.371572,55.670091],[29.896294,55.789463],[30.873909,55.550976],[30.971836,55.081548],[30.757534,54.811771],[31.384472,54.157056],[31.791424,53.974639],[31.731273,53.794029],[32.405599,53.618045],[32.693643,53.351421],[32.304519,53.132726],[31.497644,53.167427],[31.305201,53.073996],[31.540018,52.742052],[31.785998,52.101678],[30.927549,52.042353],[30.619454,51.822806],[30.555117,51.319503],[30.157364,51.416138],[29.254938,51.368234],[28.992835,51.602044],[28.617613,51.427714],[28.241615,51.572227],[27.454066,51.592303],[26.337959,51.832289],[25.327788,51.910656],[24.553106,51.888461],[24.005078,51.617444],[23.527071,51.578454],[23.508002,52.023647],[23.199494,52.486977],[23.799199,52.691099],[23.804935,53.089731],[23.527536,53.470122],[23.484128,53.912498]]]}},{"type":"Feature","id":"SWE","properties":{"name":"Sweden","iso3":"SWE"},"geometry":{"type":"MultiPolygon","coordinates":[[[[22.183173,65.723741],[21.213517,65.026005],[21.369631,64.413588],[19.778876,63.609554],[17.847779,62.7494],[17.119555,61.341166],[17.831346,60.636583],[18.787722,60.081914],[17.869225,58.953766],[16.829185,58.719827],[16.44771,57.041118],[15.879786,56.104302],[14.666681,56.200885],[14.100721,55.407781],[12.942911,55.361737],[12.625101,56.30708],[11.787942,57.441817],[11.027369,58.856149],[11.468272,59.432393],[12.300366,60.117933],[12.631147,61.293572],[11.992064,61.800362],[11.930569,63.128318],[12.579935,64.066219],[13.571916,64.049114],[13.919905,64.445421],[13.55569,64.787028],[15.108411,66.193867],[16.108712,67.302456],[16.768879,68.013937],[17.729182,68.010552],[17.993868,68.567391],[19.87856,68.407194],[20.025269,69.065139],[20.645593,69.106247],[21.978535,68.616846],[23.539473,67.936009],[23.56588,66.396051],[23.903379,66.006927],[22.183173,65.723741]],[[17.061767,57.385783],[17.210083,57.326521],[16.430053,56.179196],[16.364135,56.556455],[17.061767,57.385783]],[[19.35791,57.958588],[18.8031,57.651279],[18.825073,57.444949],[18.995361,57.441993],[18.951416,57.370976],[18.693237,57.305756],[18.709716,57.204734],[18.462524,57.127295],[18.319702,56.926992],[18.105468,56.891003],[18.187866,57.109402],[18.072509,57.267163],[18.154907,57.394664],[18.094482,57.545312],[18.660278,57.929434],[19.039306,57.941098],[19.105224,57.993543],[19.374389,57.996454],[19.35791,57.958588]],[[20.846557,63.82371],[21.066284,63.829768],[20.9729,63.71567],[20.824584,63.579121],[20.695495,63.59134],[20.819091,63.714454],[20.799865,63.780059],[20.846557,63.82371]]]]}},{"type":"Feature","id":"DNK","properties":{"name":"Denmark","iso3":"DNK"},"geometry":{"type":"MultiPolygon","coordinates":[[[[12.690006,55.609991],[12.089991,54.800015],[11.043543,55.364864],[10.903914,55.779955],[12.370904,56.111407],[12.690006,55.609991]]],[[[10.912182,56.458621],[10.667804,56.081383],[10.369993,56.190007],[9.649985,55.469999],[9.921906,54.983104],[9.282049,54.830865],[8.526229,54.962744],[8.120311,55.517723],[8.089977,56.540012],[8.256582,56.809969],[8.543438,57.110003],[9.424469,57.172066],[9.775559,57.447941],[10.580006,57.730017],[10.546106,57.215733],[10.25,56.890016],[10.369993,56.609982],[10.912182,56.458621]]]]}},{"type":"Feature","id":"OMN","properties":{"name":"Oman","iso3":"OMN"},"geometry":{"type":"MultiPolygon","coordinates":[[[[58.861141,21.114035],[58.487986,20.428986],[58.034318,20.481437],[57.826373,20.243002],[57.665762,19.736005],[57.7887,19.06757],[57.694391,18.94471],[57.234264,18.947991],[56.609651,18.574267],[56.512189,18.087113],[56.283521,17.876067],[55.661492,17.884128],[55.269939,17.632309],[55.2749,17.228354],[54.791002,16.950697],[54.239253,17.044981],[53.570508,16.707663],[53.108573,16.651051],[52.782184,17.349742],[52.00001,19.000003],[54.999982,19.999994],[55.666659,22.000001],[55.208341,22.70833],[55.234489,23.110993],[55.525841,23.524869],[55.528632,23.933604],[55.981214,24.130543],[55.804119,24.269604],[55.886233,24.920831],[56.396847,24.924732],[56.84514,24.241673],[57.403453,23.878594],[58.136948,23.747931],[58.729211,23.565668],[59.180502,22.992395],[59.450098,22.660271],[59.80806,22.533612],[59.806148,22.310525],[59.442191,21.714541],[59.282408,21.433886],[58.861141,21.114035]]],[[[56.391421,25.895991],[56.261042,25.714606],[56.070821,26.055464],[56.362017,26.395934],[56.485679,26.309118],[56.391421,25.895991]]]]}},{"type":"Feature","id":"GEO","properties":{"name":"Georgia","iso3":"GEO"},"geometry":{"type":"Polygon","coordinates":[[[41.554084,41.535656],[41.703171,41.962943],[41.45347,42.645123],[40.875469,43.013628],[40.321394,43.128634],[39.955009,43.434998],[40.076965,43.553104],[40.922185,43.382159],[42.394395,43.220308],[43.756017,42.740828],[43.9312,42.554974],[44.537623,42.711993],[45.470279,42.502781],[45.77641,42.092444],[46.404951,41.860675],[46.145432,41.722802],[46.637908,41.181673],[46.501637,41.064445],[45.962601,41.123873],[45.217426,41.411452],[44.97248,41.248129],[43.582746,41.092143],[42.619549,41.583173],[41.554084,41.535656]]]}},{"type":"Feature","id":"BEL","properties":{"name":"Belgium","iso3":"BEL"},"geometry":{"type":"Polygon","coordinates":[[[3.314971,51.345781],[4.047071,51.267259],[4.973991,51.475024],[5.606976,51.037298],[6.156658,50.803721],[6.043073,50.128052],[5.782417,50.090328],[5.674052,49.529484],[4.799222,49.985373],[4.286023,49.907497],[3.588184,50.378992],[3.123252,50.780363],[2.658422,50.796848],[2.513573,51.148506],[3.314971,51.345781]]]}},{"type":"Feature","id":"ARG","properties":{"name":"Argentina","iso3":"ARG"},"geometry":{"type":"MultiPolygon","coordinates":[[[[-65.5,-55.2],[-66.45,-55.25],[-66.95992,-54.89681],[-67.56244,-54.87001],[-68.63335,-54.8695],[-68.63401,-52.63637],[-68.25,-53.1],[-67.75,-53.85],[-66.45,-54.45],[-65.05,-54.7],[-65.5,-55.2]]],[[[-64.964892,-22.075862],[-64.377021,-22.798091],[-63.986838,-21.993644],[-62.846468,-22.034985],[-62.685057,-22.249029],[-60.846565,-23.880713],[-60.028966,-24.032796],[-58.807128,-24.771459],[-57.777217,-25.16234],[-57.63366,-25.603657],[-58.618174,-27.123719],[-57.60976,-27.395899],[-56.486702,-27.548499],[-55.695846,-27.387837],[-54.788795,-26.621786],[-54.625291,-25.739255],[-54.13005,-25.547639],[-53.628349,-26.124865],[-53.648735,-26.923473],[-54.490725,-27.474757],[-55.162286,-27.881915],[-56.2909,-28.852761],[-57.625133,-30.216295],[-57.874937,-31.016556],[-58.14244,-32.044504],[-58.132648,-33.040567],[-58.349611,-33.263189],[-58.427074,-33.909454],[-58.495442,-34.43149],[-57.22583,-35.288027],[-57.362359,-35.97739],[-56.737487,-36.413126],[-56.788285,-36.901572],[-57.749157,-38.183871],[-59.231857,-38.72022],[-61.237445,-38.928425],[-62.335957,-38.827707],[-62.125763,-39.424105],[-62.330531,-40.172586],[-62.145994,-40.676897],[-62.745803,-41.028761],[-63.770495,-41.166789],[-64.73209,-40.802677],[-65.118035,-41.064315],[-64.978561,-42.058001],[-64.303408,-42.359016],[-63.755948,-42.043687],[-63.458059,-42.563138],[-64.378804,-42.873558],[-65.181804,-43.495381],[-65.328823,-44.501366],[-65.565269,-45.036786],[-66.509966,-45.039628],[-67.293794,-45.551896],[-67.580546,-46.301773],[-66.597066,-47.033925],[-65.641027,-47.236135],[-65.985088,-48.133289],[-67.166179,-48.697337],[-67.816088,-49.869669],[-68.728745,-50.264218],[-69.138539,-50.73251],[-68.815561,-51.771104],[-68.149995,-52.349983],[-68.571545,-52.299444],[-69.498362,-52.142761],[-71.914804,-52.009022],[-72.329404,-51.425956],[-72.309974,-50.67701],[-72.975747,-50.74145],[-73.328051,-50.378785],[-73.415436,-49.318436],[-72.648247,-48.878618],[-72.331161,-48.244238],[-72.447355,-47.738533],[-71.917258,-46.884838],[-71.552009,-45.560733],[-71.659316,-44.973689],[-71.222779,-44.784243],[-71.329801,-44.407522],[-71.793623,-44.207172],[-71.464056,-43.787611],[-71.915424,-43.408565],[-72.148898,-42.254888],[-71.746804,-42.051386],[-71.915734,-40.832339],[-71.680761,-39.808164],[-71.413517,-38.916022],[-70.814664,-38.552995],[-71.118625,-37.576827],[-71.121881,-36.658124],[-70.364769,-36.005089],[-70.388049,-35.169688],[-69.817309,-34.193571],[-69.814777,-33.273886],[-70.074399,-33.09121],[-70.535069,-31.36501],[-69.919008,-30.336339],[-70.01355,-29.367923],[-69.65613,-28.459141],[-69.001235,-27.521214],[-68.295542,-26.89934],[-68.5948,-26.506909],[-68.386001,-26.185016],[-68.417653,-24.518555],[-67.328443,-24.025303],[-66.985234,-22.986349],[-67.106674,-22.735925],[-66.273339,-21.83231],[-64.964892,-22.075862]]]]}},{"type":"Feature","id":"JAM","properties":{"name":"Jamaica","iso3":"JAM"},"geometry":{"type":"Polygon","coordinates":[[[-77.569601,18.490525],[-76.896619,18.400867],[-76.365359,18.160701],[-76.199659,17.886867],[-76.902561,17.868238],[-77.206341,17.701116],[-77.766023,17.861597],[-78.337719,18.225968],[-78.217727,18.454533],[-77.797365,18.524218],[-77.569601,18.490525]]]}},{"type":"Feature","id":"BFA","properties":{"name":"Burkina Faso","iso3":"BFA"},"geometry":{"type":"Polygon","coordinates":[[[-2.827496,9.642461],[-3.511899,9.900326],[-3.980449,9.862344],[-4.330247,9.610835],[-4.779884,9.821985],[-4.954653,10.152714],[-5.404342,10.370737],[-5.470565,10.95127],[-5.197843,11.375146],[-5.220942,11.713859],[-4.427166,12.542646],[-4.280405,13.228444],[-4.006391,13.472485],[-3.522803,13.337662],[-3.103707,13.541267],[-2.967694,13.79815],[-2.191825,14.246418],[-2.001035,14.559008],[-1.066363,14.973815],[-0.515854,15.116158],[-0.266257,14.924309],[0.374892,14.928908],[0.295646,14.444235],[0.429928,13.988733],[0.993046,13.33575],[1.024103,12.851826],[2.177108,12.625018],[2.154474,11.94015],[1.935986,11.64115],[1.447178,11.547719],[1.24347,11.110511],[0.899563,10.997339],[0.023803,11.018682],[-0.438702,11.098341],[-0.761576,10.93693],[-1.203358,11.009819],[-2.940409,10.96269],[-2.963896,10.395335],[-2.827496,9.642461]]]}},{"type":"Feature","id":"KAZ","properties":{"name":"Kazakhstan","iso3":"KAZ"},"geometry":{"type":"Polygon","coordinates":[[[70.962315,42.266154],[70.388965,42.081308],[69.070027,41.384244],[68.632483,40.668681],[68.259896,40.662325],[67.985856,41.135991],[66.714047,41.168444],[66.510649,41.987644],[66.023392,41.994646],[66.098012,42.99766],[64.900824,43.728081],[63.185787,43.650075],[62.0133,43.504477],[61.05832,44.405817],[60.239972,44.784037],[58.689989,45.500014],[58.503127,45.586804],[55.928917,44.995858],[55.968191,41.308642],[55.455251,41.259859],[54.755345,42.043971],[54.079418,42.324109],[52.944293,42.116034],[52.50246,41.783316],[52.446339,42.027151],[52.692112,42.443895],[52.501426,42.792298],[51.342427,43.132975],[50.891292,44.031034],[50.339129,44.284016],[50.305643,44.609836],[51.278503,44.514854],[51.316899,45.245998],[52.16739,45.408391],[53.040876,45.259047],[53.220866,46.234646],[53.042737,46.853006],[52.042023,46.804637],[51.191945,47.048705],[50.034083,46.60899],[49.10116,46.39933],[48.593241,46.561034],[48.694734,47.075628],[48.057253,47.743753],[47.315231,47.715847],[46.466446,48.394152],[47.043672,49.152039],[46.751596,49.356006],[47.54948,50.454698],[48.577841,49.87476],[48.702382,50.605128],[50.766648,51.692762],[52.328724,51.718652],[54.532878,51.02624],[55.716941,50.621717],[56.777961,51.043551],[58.363291,51.063653],[59.642282,50.545442],[59.932807,50.842194],[61.337424,50.79907],[61.588003,51.272659],[59.967534,51.96042],[60.927269,52.447548],[60.739993,52.719986],[61.699986,52.979996],[60.978066,53.664993],[61.436591,54.006265],[65.178534,54.354228],[65.666876,54.601267],[68.1691,54.970392],[69.068167,55.38525],[70.865267,55.169734],[71.180131,54.133285],[72.22415,54.376655],[73.508516,54.035617],[73.425679,53.48981],[74.384845,53.546861],[76.8911,54.490524],[76.525179,54.177003],[77.800916,53.404415],[80.03556,50.864751],[80.568447,51.388336],[81.945986,50.812196],[83.383004,51.069183],[83.935115,50.889246],[84.416377,50.3114],[85.11556,50.117303],[85.54127,49.692859],[86.829357,49.826675],[87.35997,49.214981],[86.598776,48.549182],[85.768233,48.455751],[85.720484,47.452969],[85.16429,47.000956],[83.180484,47.330031],[82.458926,45.53965],[81.947071,45.317027],[79.966106,44.917517],[80.866206,43.180362],[80.18015,42.920068],[80.25999,42.349999],[79.643645,42.496683],[79.142177,42.856092],[77.658392,42.960686],[76.000354,42.988022],[75.636965,42.8779],[74.212866,43.298339],[73.645304,43.091272],[73.489758,42.500894],[71.844638,42.845395],[71.186281,42.704293],[70.962315,42.266154]]]}},{"type":"Feature","id":"ETH","properties":{"name":"Ethiopia","iso3":"ETH"},"geometry":{"type":"Polygon","coordinates":[[[37.90607,14.95943],[38.51295,14.50547],[39.0994,14.74064],[39.34061,14.53155],[40.02625,14.51959],[40.8966,14.11864],[41.1552,13.77333],[41.59856,13.45209],[42.00975,12.86582],[42.35156,12.54223],[42,12.1],[41.66176,11.6312],[41.73959,11.35511],[41.75557,11.05091],[42.31414,11.0342],[42.55493,11.10511],[42.776852,10.926879],[42.55876,10.57258],[42.92812,10.02194],[43.29699,9.54048],[43.67875,9.18358],[46.94834,7.99688],[47.78942,8.003],[44.9636,5.00162],[43.66087,4.95755],[42.76967,4.25259],[42.12861,4.23413],[41.855083,3.918912],[41.1718,3.91909],[40.76848,4.25702],[39.85494,3.83879],[39.559384,3.42206],[38.89251,3.50074],[38.67114,3.61607],[38.43697,3.58851],[38.120915,3.598605],[36.855093,4.447864],[36.159079,4.447864],[35.817448,4.776966],[35.817448,5.338232],[35.298007,5.506],[34.70702,6.59422],[34.25032,6.82607],[34.0751,7.22595],[33.56829,7.71334],[32.95418,7.78497],[33.2948,8.35458],[33.8255,8.37916],[33.97498,8.68456],[33.96162,9.58358],[34.25745,10.63009],[34.73115,10.91017],[34.83163,11.31896],[35.26049,12.08286],[35.86363,12.57828],[36.27022,13.56333],[36.42951,14.42211],[37.59377,14.2131],[37.90607,14.95943]]]}},{"type":"Feature","id":"MOZ","properties":{"name":"Mozambique","iso3":"MOZ"},"geometry":{"type":"Polygon","coordinates":[[[34.559989,-11.52002],[35.312398,-11.439146],[36.514082,-11.720938],[36.775151,-11.594537],[37.471284,-11.568751],[37.827645,-11.268769],[38.427557,-11.285202],[39.52103,-10.896854],[40.316589,-10.317096],[40.478387,-10.765441],[40.437253,-11.761711],[40.560811,-12.639177],[40.59962,-14.201975],[40.775475,-14.691764],[40.477251,-15.406294],[40.089264,-16.100774],[39.452559,-16.720891],[38.538351,-17.101023],[37.411133,-17.586368],[36.281279,-18.659688],[35.896497,-18.84226],[35.1984,-19.552811],[34.786383,-19.784012],[34.701893,-20.497043],[35.176127,-21.254361],[35.373428,-21.840837],[35.385848,-22.14],[35.562546,-22.09],[35.533935,-23.070788],[35.371774,-23.535359],[35.60747,-23.706563],[35.458746,-24.12261],[35.040735,-24.478351],[34.215824,-24.816314],[33.01321,-25.357573],[32.574632,-25.727318],[32.660363,-26.148584],[32.915955,-26.215867],[32.83012,-26.742192],[32.071665,-26.73382],[31.985779,-26.29178],[31.837778,-25.843332],[31.752408,-25.484284],[31.930589,-24.369417],[31.670398,-23.658969],[31.191409,-22.25151],[32.244988,-21.116489],[32.508693,-20.395292],[32.659743,-20.30429],[32.772708,-19.715592],[32.611994,-19.419383],[32.654886,-18.67209],[32.849861,-17.979057],[32.847639,-16.713398],[32.328239,-16.392074],[31.852041,-16.319417],[31.636498,-16.07199],[31.173064,-15.860944],[30.338955,-15.880839],[30.274256,-15.507787],[30.179481,-14.796099],[33.214025,-13.97186],[33.7897,-14.451831],[34.064825,-14.35995],[34.459633,-14.61301],[34.517666,-15.013709],[34.307291,-15.478641],[34.381292,-16.18356],[35.03381,-16.8013],[35.339063,-16.10744],[35.771905,-15.896859],[35.686845,-14.611046],[35.267956,-13.887834],[34.907151,-13.565425],[34.559989,-13.579998],[34.280006,-12.280025],[34.559989,-11.52002]]]}},{"type":"Feature","id":"BGD","properties":{"name":"Bangladesh","iso3":"BGD"},"geometry":{"type":"Polygon","coordinates":[[[92.672721,22.041239],[92.652257,21.324048],[92.303234,21.475485],[92.368554,20.670883],[92.082886,21.192195],[92.025215,21.70157],[91.834891,22.182936],[91.417087,22.765019],[90.496006,22.805017],[90.586957,22.392794],[90.272971,21.836368],[89.847467,22.039146],[89.70205,21.857116],[89.418863,21.966179],[89.031961,22.055708],[88.876312,22.879146],[88.52977,23.631142],[88.69994,24.233715],[88.084422,24.501657],[88.306373,24.866079],[88.931554,25.238692],[88.209789,25.768066],[88.563049,26.446526],[89.355094,26.014407],[89.832481,25.965082],[89.920693,25.26975],[90.872211,25.132601],[91.799596,25.147432],[92.376202,24.976693],[91.915093,24.130414],[91.46773,24.072639],[91.158963,23.503527],[91.706475,22.985264],[91.869928,23.624346],[92.146035,23.627499],[92.672721,22.041239]]]}},{"type":"Feature","id":"NGA","properties":{"name":"Nigeria","iso3":"NGA"},"geometry":{"type":"Polygon","coordinates":[[[8.500288,4.771983],[7.462108,4.412108],[7.082596,4.464689],[6.698072,4.240594],[5.898173,4.262453],[5.362805,4.887971],[5.033574,5.611802],[4.325607,6.270651],[3.57418,6.2583],[2.691702,6.258817],[2.749063,7.870734],[2.723793,8.506845],[2.912308,9.137608],[3.220352,9.444153],[3.705438,10.06321],[3.60007,10.332186],[3.797112,10.734746],[3.572216,11.327939],[3.61118,11.660167],[3.680634,12.552903],[3.967283,12.956109],[4.107946,13.531216],[4.368344,13.747482],[5.443058,13.865924],[6.445426,13.492768],[6.820442,13.115091],[7.330747,13.098038],[7.804671,13.343527],[9.014933,12.826659],[9.524928,12.851102],[10.114814,13.277252],[10.701032,13.246918],[10.989593,13.387323],[11.527803,13.32898],[12.302071,13.037189],[13.083987,13.596147],[13.318702,13.556356],[13.995353,12.461565],[14.181336,12.483657],[14.577178,12.085361],[14.468192,11.904752],[14.415379,11.572369],[13.57295,10.798566],[13.308676,10.160362],[13.1676,9.640626],[12.955468,9.417772],[12.753672,8.717763],[12.218872,8.305824],[12.063946,7.799808],[11.839309,7.397042],[11.745774,6.981383],[11.058788,6.644427],[10.497375,7.055358],[10.118277,7.03877],[9.522706,6.453482],[9.233163,6.444491],[8.757533,5.479666],[8.500288,4.771983]]]}},{"type":"Feature","id":"PHL","properties":{"name":"Philippines","iso3":"PHL"},"geometry":{"type":"MultiPolygon","coordinates":[[[[126.376814,8.414706],[126.478513,7.750354],[126.537424,7.189381],[126.196773,6.274294],[125.831421,7.293715],[125.363852,6.786485],[125.683161,6.049657],[125.396512,5.581003],[124.219788,6.161355],[123.93872,6.885136],[124.243662,7.36061],[123.610212,7.833527],[123.296071,7.418876],[122.825506,7.457375],[122.085499,6.899424],[121.919928,7.192119],[122.312359,8.034962],[122.942398,8.316237],[123.487688,8.69301],[123.841154,8.240324],[124.60147,8.514158],[124.764612,8.960409],[125.471391,8.986997],[125.412118,9.760335],[126.222714,9.286074],[126.306637,8.782487],[126.376814,8.414706]]],[[[123.982438,10.278779],[123.623183,9.950091],[123.309921,9.318269],[122.995883,9.022189],[122.380055,9.713361],[122.586089,9.981045],[122.837081,10.261157],[122.947411,10.881868],[123.49885,10.940624],[123.337774,10.267384],[124.077936,11.232726],[123.982438,10.278779]]],[[[118.504581,9.316383],[117.174275,8.3675],[117.664477,9.066889],[118.386914,9.6845],[118.987342,10.376292],[119.511496,11.369668],[119.689677,10.554291],[119.029458,10.003653],[118.504581,9.316383]]],[[[121.883548,11.891755],[122.483821,11.582187],[123.120217,11.58366],[123.100838,11.165934],[122.637714,10.741308],[122.00261,10.441017],[121.967367,10.905691],[122.03837,11.415841],[121.883548,11.891755]]],[[[125.502552,12.162695],[125.783465,11.046122],[125.011884,11.311455],[125.032761,10.975816],[125.277449,10.358722],[124.801819,10.134679],[124.760168,10.837995],[124.459101,10.88993],[124.302522,11.495371],[124.891013,11.415583],[124.87799,11.79419],[124.266762,12.557761],[125.227116,12.535721],[125.502552,12.162695]]],[[[121.527394,13.06959],[121.26219,12.20556],[120.833896,12.704496],[120.323436,13.466413],[121.180128,13.429697],[121.527394,13.06959]]],[[[121.321308,18.504065],[121.937601,18.218552],[122.246006,18.47895],[122.336957,18.224883],[122.174279,17.810283],[122.515654,17.093505],[122.252311,16.262444],[121.662786,15.931018],[121.50507,15.124814],[121.728829,14.328376],[122.258925,14.218202],[122.701276,14.336541],[123.950295,13.782131],[123.855107,13.237771],[124.181289,12.997527],[124.077419,12.536677],[123.298035,13.027526],[122.928652,13.55292],[122.671355,13.185836],[122.03465,13.784482],[121.126385,13.636687],[120.628637,13.857656],[120.679384,14.271016],[120.991819,14.525393],[120.693336,14.756671],[120.564145,14.396279],[120.070429,14.970869],[119.920929,15.406347],[119.883773,16.363704],[120.286488,16.034629],[120.390047,17.599081],[120.715867,18.505227],[121.321308,18.504065]]]]}},{"type":"Feature","id":"DJI","properties":{"name":"Djibouti","iso3":"DJI"},"geometry":{"type":"Polygon","coordinates":[[[43.081226,12.699639],[43.317852,12.390148],[43.286381,11.974928],[42.715874,11.735641],[43.145305,11.46204],[42.776852,10.926879],[42.55493,11.10511],[42.31414,11.0342],[41.75557,11.05091],[41.73959,11.35511],[41.66176,11.6312],[42,12.1],[42.35156,12.54223],[42.779642,12.455416],[43.081226,12.699639]]]}},{"type":"Feature","id":"ZWE","properties":{"name":"Zimbabwe","iso3":"ZWE"},"geometry":{"type":"Polygon","coordinates":[[[31.191409,-22.25151],[30.659865,-22.151567],[30.322883,-22.271612],[29.839037,-22.102216],[29.432188,-22.091313],[28.794656,-21.639454],[28.02137,-21.485975],[27.727228,-20.851802],[27.724747,-20.499059],[27.296505,-20.39152],[26.164791,-19.293086],[25.850391,-18.714413],[25.649163,-18.536026],[25.264226,-17.73654],[26.381935,-17.846042],[26.706773,-17.961229],[27.044427,-17.938026],[27.598243,-17.290831],[28.467906,-16.4684],[28.825869,-16.389749],[28.947463,-16.043051],[29.516834,-15.644678],[30.274256,-15.507787],[30.338955,-15.880839],[31.173064,-15.860944],[31.636498,-16.07199],[31.852041,-16.319417],[32.328239,-16.392074],[32.847639,-16.713398],[32.849861,-17.979057],[32.654886,-18.67209],[32.611994,-19.419383],[32.772708,-19.715592],[32.659743,-20.30429],[32.508693,-20.395292],[32.244988,-21.116489],[31.191409,-22.25151]]]}},{"type":"Feature","id":"BOL","properties":{"name":"Bolivia","iso3":"BOL"},"geometry":{"type":"Polygon","coordinates":[[[-62.846468,-22.034985],[-63.986838,-21.993644],[-64.377021,-22.798091],[-64.964892,-22.075862],[-66.273339,-21.83231],[-67.106674,-22.735925],[-67.82818,-22.872919],[-68.219913,-21.494347],[-68.757167,-20.372658],[-68.442225,-19.405068],[-68.966818,-18.981683],[-69.100247,-18.260125],[-69.590424,-17.580012],[-68.959635,-16.500698],[-69.389764,-15.660129],[-69.160347,-15.323974],[-69.339535,-14.953195],[-68.948887,-14.453639],[-68.929224,-13.602684],[-68.88008,-12.899729],[-68.66508,-12.5613],[-69.529678,-10.951734],[-68.786158,-11.03638],[-68.271254,-11.014521],[-68.048192,-10.712059],[-67.173801,-10.306812],[-66.646908,-9.931331],[-65.338435,-9.761988],[-65.444837,-10.511451],[-65.321899,-10.895872],[-65.402281,-11.56627],[-64.316353,-12.461978],[-63.196499,-12.627033],[-62.80306,-13.000653],[-62.127081,-13.198781],[-61.713204,-13.489202],[-61.084121,-13.479384],[-60.503304,-13.775955],[-60.459198,-14.354007],[-60.264326,-14.645979],[-60.251149,-15.077219],[-60.542966,-15.09391],[-60.15839,-16.258284],[-58.24122,-16.299573],[-58.388058,-16.877109],[-58.280804,-17.27171],[-57.734558,-17.552468],[-57.498371,-18.174188],[-57.676009,-18.96184],[-57.949997,-19.400004],[-57.853802,-19.969995],[-58.166392,-20.176701],[-58.183471,-19.868399],[-59.115042,-19.356906],[-60.043565,-19.342747],[-61.786326,-19.633737],[-62.265961,-20.513735],[-62.291179,-21.051635],[-62.685057,-22.249029],[-62.846468,-22.034985]]]}},{"type":"Feature","id":"IRQ","properties":{"name":"Iraq","iso3":"IRQ"},"geometry":{"type":"Polygon","coordinates":[[[45.420618,35.977546],[46.07634,35.677383],[46.151788,35.093259],[45.64846,34.748138],[45.416691,33.967798],[46.109362,33.017287],[47.334661,32.469155],[47.849204,31.709176],[47.685286,30.984853],[48.004698,30.985137],[48.014568,30.452457],[48.567971,29.926778],[47.974519,29.975819],[47.302622,30.05907],[46.568713,29.099025],[44.709499,29.178891],[41.889981,31.190009],[40.399994,31.889992],[39.195468,32.161009],[38.792341,33.378686],[41.006159,34.419372],[41.383965,35.628317],[41.289707,36.358815],[41.837064,36.605854],[42.349591,37.229873],[42.779126,37.385264],[43.942259,37.256228],[44.293452,37.001514],[44.772699,37.170445],[45.420618,35.977546]]]}},{"type":"Feature","id":"MLI","properties":{"name":"Mali","iso3":"MLI"},"geometry":{"type":"Polygon","coordinates":[[[-12.17075,14.616834],[-11.834208,14.799097],[-11.666078,15.388208],[-11.349095,15.411256],[-10.650791,15.132746],[-10.086846,15.330486],[-9.700255,15.264107],[-9.550238,15.486497],[-5.537744,15.50169],[-5.315277,16.201854],[-5.488523,16.325102],[-5.971129,20.640833],[-6.453787,24.956591],[-4.923337,24.974574],[-1.550055,22.792666],[1.823228,20.610809],[2.060991,20.142233],[2.683588,19.85623],[3.146661,19.693579],[3.158133,19.057364],[4.267419,19.155265],[4.27021,16.852227],[3.723422,16.184284],[3.638259,15.56812],[2.749993,15.409525],[1.385528,15.323561],[1.015783,14.968182],[0.374892,14.928908],[-0.266257,14.924309],[-0.515854,15.116158],[-1.066363,14.973815],[-2.001035,14.559008],[-2.191825,14.246418],[-2.967694,13.79815],[-3.103707,13.541267],[-3.522803,13.337662],[-4.006391,13.472485],[-4.280405,13.228444],[-4.427166,12.542646],[-5.220942,11.713859],[-5.197843,11.375146],[-5.470565,10.95127],[-5.404342,10.370737],[-5.816926,10.222555],[-6.050452,10.096361],[-6.205223,10.524061],[-6.493965,10.411303],[-6.666461,10.430811],[-6.850507,10.138994],[-7.622759,10.147236],[-7.89959,10.297382],[-8.029944,10.206535],[-8.335377,10.494812],[-8.282357,10.792597],[-8.407311,10.909257],[-8.620321,10.810891],[-8.581305,11.136246],[-8.376305,11.393646],[-8.786099,11.812561],[-8.905265,12.088358],[-9.127474,12.30806],[-9.327616,12.334286],[-9.567912,12.194243],[-9.890993,12.060479],[-10.165214,11.844084],[-10.593224,11.923975],[-10.87083,12.177887],[-11.036556,12.211245],[-11.297574,12.077971],[-11.456169,12.076834],[-11.513943,12.442988],[-11.467899,12.754519],[-11.553398,13.141214],[-11.927716,13.422075],[-12.124887,13.994727],[-12.17075,14.616834]]]}},{"type":"Feature","id":"TUN","properties":{"name":"Tunisia","iso3":"TUN"},"geometry":{"type":"Polygon","coordinates":[[[9.48214,30.307556],[9.055603,32.102692],[8.439103,32.506285],[8.430473,32.748337],[7.612642,33.344115],[7.524482,34.097376],[8.140981,34.655146],[8.376368,35.479876],[8.217824,36.433177],[8.420964,36.946427],[9.509994,37.349994],[10.210002,37.230002],[10.18065,36.724038],[11.028867,37.092103],[11.100026,36.899996],[10.600005,36.41],[10.593287,35.947444],[10.939519,35.698984],[10.807847,34.833507],[10.149593,34.330773],[10.339659,33.785742],[10.856836,33.76874],[11.108501,33.293343],[11.488787,33.136996],[11.432253,32.368903],[10.94479,32.081815],[10.636901,31.761421],[9.950225,31.37607],[10.056575,30.961831],[9.970017,30.539325],[9.48214,30.307556]]]}},{"type":"Feature","id":"IRL","properties":{"name":"Ireland","iso3":"IRL"},"geometry":{"type":"Polygon","coordinates":[[[-6.197885,53.867565],[-6.032985,53.153164],[-6.788857,52.260118],[-8.561617,51.669301],[-9.977086,51.820455],[-9.166283,52.864629],[-9.688525,53.881363],[-8.327987,54.664519],[-7.572168,55.131622],[-7.366031,54.595841],[-7.572168,54.059956],[-6.95373,54.073702],[-6.197885,53.867565]]]}},{"type":"Feature","id":"SSD","properties":{"name":"South Sudan","iso3":"SSD"},"geometry":{"type":"Polygon","coordinates":[[[33.963393,9.464285],[33.97498,8.68456],[33.8255,8.37916],[33.2948,8.35458],[32.95418,7.78497],[33.56829,7.71334],[34.0751,7.22595],[34.25032,6.82607],[34.70702,6.59422],[35.298007,5.506],[34.620196,4.847123],[34.005,4.249885],[33.39,3.79],[32.68642,3.79232],[31.88145,3.55827],[31.24556,3.7819],[30.83385,3.50917],[29.95349,4.1737],[29.715995,4.600805],[29.159078,4.389267],[28.696678,4.455077],[28.428994,4.287155],[27.979977,4.408413],[27.374226,5.233944],[27.213409,5.550953],[26.465909,5.946717],[26.213418,6.546603],[25.796648,6.979316],[25.124131,7.500085],[25.114932,7.825104],[24.567369,8.229188],[23.88698,8.61973],[24.194068,8.728696],[24.537415,8.917538],[24.794926,9.810241],[25.069604,10.27376],[25.790633,10.411099],[25.962307,10.136421],[26.477328,9.55273],[26.752006,9.466893],[27.112521,9.638567],[27.833551,9.604232],[27.97089,9.398224],[28.966597,9.398224],[29.000932,9.604232],[29.515953,9.793074],[29.618957,10.084919],[29.996639,10.290927],[30.837841,9.707237],[31.352862,9.810241],[31.850716,10.531271],[32.400072,11.080626],[32.314235,11.681484],[32.073892,11.97333],[32.67475,12.024832],[32.743419,12.248008],[33.206938,12.179338],[33.086766,11.441141],[33.206938,10.720112],[33.721959,10.325262],[33.842131,9.981915],[33.824963,9.484061],[33.963393,9.464285]]]}},{"type":"Feature","id":"JOR","properties":{"name":"Jordan","iso3":"JOR"},"geometry":{"type":"Polygon","coordinates":[[[35.545665,32.393992],[35.719918,32.709192],[36.834062,32.312938],[38.792341,33.378686],[39.195468,32.161009],[39.004886,32.010217],[37.002166,31.508413],[37.998849,30.5085],[37.66812,30.338665],[37.503582,30.003776],[36.740528,29.865283],[36.501214,29.505254],[36.068941,29.197495],[34.956037,29.356555],[34.922603,29.501326],[35.420918,31.100066],[35.397561,31.489086],[35.545252,31.782505],[35.545665,32.393992]]]}},{"type":"Feature","id":"CUB","properties":{"name":"Cuba","iso3":"CUB"},"geometry":{"type":"Polygon","coordinates":[[[-82.268151,23.188611],[-81.404457,23.117271],[-80.618769,23.10598],[-79.679524,22.765303],[-79.281486,22.399202],[-78.347434,22.512166],[-77.993296,22.277194],[-77.146422,21.657851],[-76.523825,21.20682],[-76.19462,21.220565],[-75.598222,21.016624],[-75.67106,20.735091],[-74.933896,20.693905],[-74.178025,20.284628],[-74.296648,20.050379],[-74.961595,19.923435],[-75.63468,19.873774],[-76.323656,19.952891],[-77.755481,19.855481],[-77.085108,20.413354],[-77.492655,20.673105],[-78.137292,20.739949],[-78.482827,21.028613],[-78.719867,21.598114],[-79.285,21.559175],[-80.217475,21.827324],[-80.517535,22.037079],[-81.820943,22.192057],[-82.169992,22.387109],[-81.795002,22.636965],[-82.775898,22.68815],[-83.494459,22.168518],[-83.9088,22.154565],[-84.052151,21.910575],[-84.54703,21.801228],[-84.974911,21.896028],[-84.447062,22.20495],[-84.230357,22.565755],[-83.77824,22.788118],[-83.267548,22.983042],[-82.510436,23.078747],[-82.268151,23.188611]]]}},{"type":"Feature","id":"MRT","properties":{"name":"Mauritania","iso3":"MRT"},"geometry":{"type":"Polygon","coordinates":[[[-12.17075,14.616834],[-12.830658,15.303692],[-13.435738,16.039383],[-14.099521,16.304302],[-14.577348,16.598264],[-15.135737,16.587282],[-15.623666,16.369337],[-16.12069,16.455663],[-16.463098,16.135036],[-16.549708,16.673892],[-16.270552,17.166963],[-16.146347,18.108482],[-16.256883,19.096716],[-16.377651,19.593817],[-16.277838,20.092521],[-16.536324,20.567866],[-17.063423,20.999752],[-16.845194,21.333323],[-12.929102,21.327071],[-13.118754,22.77122],[-12.874222,23.284832],[-11.937224,23.374594],[-11.969419,25.933353],[-8.687294,25.881056],[-8.6844,27.395744],[-4.923337,24.974574],[-6.453787,24.956591],[-5.971129,20.640833],[-5.488523,16.325102],[-5.315277,16.201854],[-5.537744,15.50169],[-9.550238,15.486497],[-9.700255,15.264107],[-10.086846,15.330486],[-10.650791,15.132746],[-11.349095,15.411256],[-11.666078,15.388208],[-11.834208,14.799097],[-12.17075,14.616834]]]}},{"type":"Feature","id":"PRY","properties":{"name":"Paraguay","iso3":"PRY"},"geometry":{"type":"Polygon","coordinates":[[[-62.685057,-22.249029],[-62.291179,-21.051635],[-62.265961,-20.513735],[-61.786326,-19.633737],[-60.043565,-19.342747],[-59.115042,-19.356906],[-58.183471,-19.868399],[-58.166392,-20.176701],[-57.870674,-20.732688],[-57.937156,-22.090176],[-56.88151,-22.282154],[-56.473317,-22.0863],[-55.797958,-22.35693],[-55.610683,-22.655619],[-55.517639,-23.571998],[-55.400747,-23.956935],[-55.027902,-24.001274],[-54.652834,-23.839578],[-54.29296,-24.021014],[-54.293476,-24.5708],[-54.428946,-25.162185],[-54.625291,-25.739255],[-54.788795,-26.621786],[-55.695846,-27.387837],[-56.486702,-27.548499],[-57.60976,-27.395899],[-58.618174,-27.123719],[-57.63366,-25.603657],[-57.777217,-25.16234],[-58.807128,-24.771459],[-60.028966,-24.032796],[-60.846565,-23.880713],[-62.685057,-22.249029]]]}},{"type":"Feature","id":"SAU","properties":{"name":"Saudi Arabia","iso3":"SAU"},"geometry":{"type":"Polygon","coordinates":[[[42.779332,16.347891],[42.649573,16.774635],[42.347989,17.075806],[42.270888,17.474722],[41.754382,17.833046],[41.221391,18.6716],[40.939341,19.486485],[40.247652,20.174635],[39.801685,20.338862],[39.139399,21.291905],[39.023696,21.986875],[39.066329,22.579656],[38.492772,23.688451],[38.02386,24.078686],[37.483635,24.285495],[37.154818,24.858483],[37.209491,25.084542],[36.931627,25.602959],[36.639604,25.826228],[36.249137,26.570136],[35.640182,27.37652],[35.130187,28.063352],[34.632336,28.058546],[34.787779,28.607427],[34.83222,28.957483],[34.956037,29.356555],[36.068941,29.197495],[36.501214,29.505254],[36.740528,29.865283],[37.503582,30.003776],[37.66812,30.338665],[37.998849,30.5085],[37.002166,31.508413],[39.004886,32.010217],[39.195468,32.161009],[40.399994,31.889992],[41.889981,31.190009],[44.709499,29.178891],[46.568713,29.099025],[47.459822,29.002519],[47.708851,28.526063],[48.416094,28.552004],[48.807595,27.689628],[49.299554,27.461218],[49.470914,27.109999],[50.152422,26.689663],[50.212935,26.277027],[50.113303,25.943972],[50.239859,25.60805],[50.527387,25.327808],[50.660557,24.999896],[50.810108,24.754743],[51.112415,24.556331],[51.389608,24.627386],[51.579519,24.245497],[51.617708,24.014219],[52.000733,23.001154],[55.006803,22.496948],[55.208341,22.70833],[55.666659,22.000001],[54.999982,19.999994],[52.00001,19.000003],[49.116672,18.616668],[48.183344,18.166669],[47.466695,17.116682],[47.000005,16.949999],[46.749994,17.283338],[46.366659,17.233315],[45.399999,17.333335],[45.216651,17.433329],[44.062613,17.410359],[43.791519,17.319977],[43.380794,17.579987],[43.115798,17.08844],[43.218375,16.66689],[42.779332,16.347891]]]}},{"type":"Feature","id":"HUN","properties":{"name":"Hungary","iso3":"HUN"},"geometry":{"type":"Polygon","coordinates":[[[16.202298,46.852386],[16.534268,47.496171],[16.340584,47.712902],[16.903754,47.714866],[16.979667,48.123497],[17.488473,47.867466],[17.857133,47.758429],[18.696513,47.880954],[18.777025,48.081768],[19.174365,48.111379],[19.661364,48.266615],[19.769471,48.202691],[20.239054,48.327567],[20.473562,48.56285],[20.801294,48.623854],[21.872236,48.319971],[22.085608,48.422264],[22.64082,48.15024],[22.710531,47.882194],[22.099768,47.672439],[21.626515,46.994238],[21.021952,46.316088],[20.220192,46.127469],[19.596045,46.17173],[18.829838,45.908878],[18.456062,45.759481],[17.630066,45.951769],[16.882515,46.380632],[16.564808,46.503751],[16.370505,46.841327],[16.202298,46.852386]]]}},{"type":"Feature","id":"MDA","properties":{"name":"Moldova","iso3":"MDA"},"geometry":{"type":"Polygon","coordinates":[[[26.619337,48.220726],[26.857824,48.368211],[27.522537,48.467119],[28.259547,48.155562],[28.670891,48.118149],[29.122698,47.849095],[29.050868,47.510227],[29.415135,47.346645],[29.559674,46.928583],[29.908852,46.674361],[29.83821,46.525326],[30.024659,46.423937],[29.759972,46.349988],[29.170654,46.379262],[29.072107,46.517678],[28.862972,46.437889],[28.933717,46.25883],[28.659987,45.939987],[28.485269,45.596907],[28.233554,45.488283],[28.054443,45.944586],[28.160018,46.371563],[28.12803,46.810476],[27.551166,47.405117],[27.233873,47.826771],[26.924176,48.123264],[26.619337,48.220726]]]}},{"type":"Feature","id":"FRA","properties":{"name":"France","iso3":"FRA"},"geometry":{"type":"MultiPolygon","coordinates":[[[[9.560016,42.152492],[9.229752,41.380007],[8.775723,41.583612],[8.544213,42.256517],[8.746009,42.628122],[9.390001,43.009985],[9.560016,42.152492]]],[[[3.588184,50.378992],[4.286023,49.907497],[4.799222,49.985373],[5.674052,49.529484],[5.897759,49.442667],[6.18632,49.463803],[6.65823,49.201958],[8.099279,49.017784],[7.593676,48.333019],[7.466759,47.620582],[7.192202,47.449766],[6.736571,47.541801],[6.768714,47.287708],[6.037389,46.725779],[6.022609,46.27299],[6.5001,46.429673],[6.843593,45.991147],[6.802355,45.70858],[7.096652,45.333099],[6.749955,45.028518],[7.007562,44.254767],[7.549596,44.127901],[7.435185,43.693845],[6.529245,43.128892],[4.556963,43.399651],[3.100411,43.075201],[2.985999,42.473015],[1.826793,42.343385],[0.701591,42.795734],[0.338047,42.579546],[-1.502771,43.034014],[-1.901351,43.422802],[-1.384225,44.02261],[-1.193798,46.014918],[-2.225724,47.064363],[-2.963276,47.570327],[-4.491555,47.954954],[-4.59235,48.68416],[-3.295814,48.901692],[-1.616511,48.644421],[-1.933494,49.776342],[-0.989469,49.347376],[1.338761,50.127173],[1.639001,50.946606],[2.513573,51.148506],[2.658422,50.796848],[3.123252,50.780363],[3.588184,50.378992]]],[[[-54.111527,2.11427],[-54.134908,2.110673],[-54.148137,2.114394],[-54.157387,2.121655],[-54.188548,2.161316],[-54.194491,2.163073],[-54.210046,2.161575],[-54.229786,2.157234],[-54.246477,2.151601],[-54.263789,2.14819],[-54.314019,2.154857],[-54.322855,2.157337],[-54.335051,2.1639],[-54.360941,2.188188],[-54.373911,2.196508],[-54.380526,2.197696],[-54.387812,2.196301],[-54.40254,2.197128],[-54.41148,2.199712],[-54.427087,2.207153],[-54.43396,2.209324],[-54.476644,2.21413],[-54.492664,2.222708],[-54.511422,2.24343],[-54.545787,2.268596],[-54.549146,2.279449],[-54.526409,2.282652],[-54.544289,2.300222],[-54.564649,2.314847],[-54.588162,2.324355],[-54.615292,2.326267],[-54.599221,2.345801],[-54.584751,2.348333],[-54.551162,2.338101],[-54.531576,2.340168],[-54.520311,2.348902],[-54.493387,2.417063],[-54.483311,2.422851],[-54.472613,2.42869],[-54.450548,2.428948],[-54.435458,2.431119],[-54.423469,2.435925],[-54.375617,2.483777],[-54.359442,2.508013],[-54.320426,2.606664],[-54.285338,2.677977],[-54.212526,2.776421],[-54.204723,2.791769],[-54.18891,2.838277],[-54.182192,2.846546],[-54.170203,2.853057],[-54.18338,2.863857],[-54.189633,2.870627],[-54.191339,2.877345],[-54.190667,2.887835],[-54.18705,2.899307],[-54.173252,2.919513],[-54.170203,2.925404],[-54.162968,2.955996],[-54.163433,2.969742],[-54.168756,2.971396],[-54.179763,2.983747],[-54.185137,2.997803],[-54.173614,3.004521],[-54.169169,3.010722],[-54.170875,3.024829],[-54.177024,3.048911],[-54.179195,3.051598],[-54.188548,3.058316],[-54.190667,3.059143],[-54.188496,3.06462],[-54.184001,3.067979],[-54.179453,3.070305],[-54.177024,3.072785],[-54.174699,3.093921],[-54.177076,3.116555],[-54.18798,3.130973],[-54.211182,3.127407],[-54.19046,3.178102],[-54.176559,3.200581],[-54.140024,3.245023],[-54.114289,3.285382],[-54.080805,3.309314],[-54.080234,3.309722],[-54.069486,3.327085],[-54.062716,3.346696],[-54.060339,3.364214],[-54.055688,3.377676],[-54.019359,3.415374],[-54.00303,3.455397],[-54.006285,3.531026],[-53.998276,3.573039],[-53.990266,3.595699],[-53.988819,3.610995],[-53.994813,3.623604],[-54.008818,3.637919],[-54.017861,3.641458],[-54.028403,3.639831],[-54.03941,3.636446],[-54.050107,3.634534],[-54.050675,3.640554],[-54.074033,3.676107],[-54.094445,3.747059],[-54.104781,3.75804],[-54.125503,3.788736],[-54.136097,3.795738],[-54.170203,3.805815],[-54.181623,3.811009],[-54.18736,3.814678],[-54.197488,3.826899],[-54.207048,3.846485],[-54.214541,3.858215],[-54.218004,3.857647],[-54.222241,3.866199],[-54.241051,3.876354],[-54.265804,3.922527],[-54.272522,3.929529],[-54.286475,3.940717],[-54.293141,3.949812],[-54.30389,3.984461],[-54.310194,3.994202],[-54.344353,4.024949],[-54.353861,4.041718],[-54.355153,4.066523],[-54.351019,4.082078],[-54.337583,4.116649],[-54.334689,4.131713],[-54.338565,4.152332],[-54.3489,4.160522],[-54.38249,4.169566],[-54.394892,4.177911],[-54.406571,4.191528],[-54.41055,4.208581],[-54.399595,4.227262],[-54.393187,4.244393],[-54.394117,4.269818],[-54.402954,4.312942],[-54.433443,4.376375],[-54.450806,4.484224],[-54.447964,4.509545],[-54.428172,4.546158],[-54.423469,4.563392],[-54.423469,4.604345],[-54.425278,4.61605],[-54.437732,4.648735],[-54.438559,4.673282],[-54.435148,4.692376],[-54.435458,4.709404],[-54.447344,4.727852],[-54.457007,4.73333],[-54.467291,4.736198],[-54.475404,4.741727],[-54.47866,4.755189],[-54.47866,4.87867],[-54.484964,4.892752],[-54.486721,4.902958],[-54.482122,4.912802],[-54.455509,4.931431],[-54.450806,4.936728],[-54.448842,4.951482],[-54.457576,4.99135],[-54.454785,5.008533],[-54.448636,5.024294],[-54.430239,5.053388],[-54.375617,5.114883],[-54.37231,5.121058],[-54.369881,5.132375],[-54.365437,5.138757],[-54.350037,5.149583],[-54.343577,5.156379],[-54.332002,5.196196],[-54.320652,5.212454],[-54.311331,5.225806],[-54.269163,5.269085],[-54.19046,5.325748],[-54.170969,5.348375],[-54.137522,5.360053],[-54.106679,5.381171],[-54.080434,5.407945],[-54.061106,5.43651],[-54.033111,5.505439],[-54.01301,5.540595],[-54.007192,5.558173],[-53.991925,5.661348],[-53.974242,5.692196],[-53.954585,5.726126],[-53.94435,5.744641],[-53.934023,5.744765],[-53.889777,5.73826],[-53.858883,5.733766],[-53.835599,5.723941],[-53.815651,5.715919],[-53.808288,5.714836],[-53.811424,5.720605],[-53.832423,5.731694],[-53.824525,5.733223],[-53.810333,5.73106],[-53.776742,5.714156],[-53.750213,5.696699],[-53.732404,5.684203],[-53.714581,5.674414],[-53.695596,5.663456],[-53.582583,5.617772],[-53.547139,5.599942],[-53.517322,5.580775],[-53.49521,5.572105],[-53.481801,5.569525],[-53.448249,5.560946],[-53.40781,5.561832],[-53.336394,5.543917],[-53.30271,5.535476],[-53.277452,5.538192],[-53.263918,5.529888],[-53.24767,5.509752],[-53.230092,5.495307],[-53.207916,5.502346],[-53.207775,5.514037],[-53.225208,5.51706],[-53.244027,5.529745],[-53.264782,5.545825],[-53.282706,5.550301],[-53.289512,5.548902],[-53.291411,5.55471],[-53.28117,5.561879],[-53.271476,5.56036],[-53.251664,5.548627],[-53.221186,5.536336],[-53.177632,5.524432],[-53.155399,5.51413],[-53.130247,5.50477],[-53.082509,5.472154],[-53.046213,5.459662],[-53.005849,5.450751],[-53.001365,5.458642],[-52.994581,5.457624],[-52.965097,5.443867],[-52.896519,5.405668],[-52.829102,5.341883],[-52.783168,5.316884],[-52.752949,5.267352],[-52.681223,5.210354],[-52.540924,5.079006],[-52.529856,5.073432],[-52.526112,5.070746],[-52.526682,5.064521],[-52.527984,5.057929],[-52.526723,5.053616],[-52.52184,5.05268],[-52.509755,5.054511],[-52.504994,5.053616],[-52.479726,5.039618],[-52.402333,4.973822],[-52.380035,4.936835],[-52.388987,4.895901],[-52.370717,4.907213],[-52.345123,4.942857],[-52.32372,4.950588],[-52.299957,4.945054],[-52.279124,4.93122],[-52.264272,4.912502],[-52.258616,4.892483],[-52.276519,4.85932],[-52.31314,4.810777],[-52.343007,4.761176],[-52.340484,4.724595],[-52.33434,4.724595],[-52.331654,4.738349],[-52.324574,4.747992],[-52.317209,4.755194],[-52.313832,4.761868],[-52.308583,4.787258],[-52.30016,4.813381],[-52.285797,4.829576],[-52.242747,4.856187],[-52.231923,4.875434],[-52.21349,4.866685],[-52.19286,4.849677],[-52.176137,4.829169],[-52.16926,4.809963],[-52.159495,4.7956],[-52.094106,4.758124],[-52.06017,4.730455],[-52.024526,4.693549],[-51.996327,4.652289],[-51.984853,4.611314],[-51.979604,4.571438],[-51.956044,4.494045],[-51.950754,4.454006],[-51.961822,4.408393],[-51.988393,4.385688],[-52.019928,4.367011],[-52.046295,4.333564],[-51.985585,4.352607],[-51.951405,4.370673],[-51.936513,4.391913],[-51.934316,4.402167],[-51.924916,4.429348],[-51.92276,4.447089],[-51.931264,4.590399],[-51.925404,4.626207],[-51.909169,4.655707],[-51.896392,4.6647],[-51.881215,4.667792],[-51.864817,4.664781],[-51.848297,4.655707],[-51.801503,4.612698],[-51.79308,4.601142],[-51.800771,4.589667],[-51.773549,4.551988],[-51.765126,4.529039],[-51.76358,4.50609],[-51.758046,4.477769],[-51.747548,4.45718],[-51.731028,4.457099],[-51.733022,4.447903],[-51.737701,4.440375],[-51.742421,4.436021],[-51.7447,4.436591],[-51.743723,4.4289],[-51.738433,4.413031],[-51.730946,4.399359],[-51.714263,4.39525],[-51.697621,4.393052],[-51.690053,4.385077],[-51.694081,4.371039],[-51.703114,4.363511],[-51.71227,4.353746],[-51.716786,4.333564],[-51.71467,4.316148],[-51.708485,4.30036],[-51.669301,4.242092],[-51.656728,4.217271],[-51.650706,4.190009],[-51.649037,4.15233],[-51.652496,4.122056],[-51.672231,4.060777],[-51.683217,4.039374],[-51.757947,4.002522],[-51.783191,3.980947],[-51.797531,3.949967],[-51.806239,3.917514],[-51.818615,3.891081],[-51.83541,3.867543],[-51.899721,3.796669],[-51.930934,3.781398],[-51.93866,3.773569],[-51.940985,3.76357],[-51.938195,3.742512],[-51.940081,3.733959],[-51.948711,3.725097],[-51.955816,3.724425],[-51.963309,3.725458],[-51.972844,3.721686],[-51.988424,3.704555],[-51.995375,3.685332],[-52.0031,3.642311],[-52.012764,3.619108],[-52.054492,3.556709],[-52.06599,3.528855],[-52.074181,3.516634],[-52.093586,3.506867],[-52.093792,3.4994],[-52.092035,3.490202],[-52.092759,3.481391],[-52.227918,3.260112],[-52.238073,3.249725],[-52.251199,3.243059],[-52.25926,3.243317],[-52.267012,3.244919],[-52.279466,3.242491],[-52.299103,3.225334],[-52.31936,3.177637],[-52.355327,3.151592],[-52.361838,3.131955],[-52.361114,3.10932],[-52.351554,3.065964],[-52.353208,3.058419],[-52.416563,2.942509],[-52.422196,2.927471],[-52.417855,2.915482],[-52.410672,2.90556],[-52.409277,2.897344],[-52.422351,2.890522],[-52.433461,2.886595],[-52.441626,2.881324],[-52.448448,2.874348],[-52.455269,2.865046],[-52.5333,2.689863],[-52.539605,2.659425],[-52.542964,2.651519],[-52.551025,2.645989],[-52.571593,2.6386],[-52.575778,2.633742],[-52.572058,2.622993],[-52.55578,2.598137],[-52.551904,2.586562],[-52.553454,2.573384],[-52.55795,2.565633],[-52.563686,2.559328],[-52.56906,2.550388],[-52.590403,2.504706],[-52.619187,2.463468],[-52.656084,2.430912],[-52.677219,2.390398],[-52.690603,2.372983],[-52.707708,2.358927],[-52.819691,2.291541],[-52.862738,2.274229],[-52.880153,2.26038],[-52.8924,2.236867],[-52.900306,2.21413],[-52.906714,2.204983],[-52.917153,2.195733],[-52.923147,2.193666],[-52.934103,2.196405],[-52.939064,2.195733],[-52.944386,2.190978],[-52.953223,2.179041],[-52.959683,2.175217],[-52.980922,2.173253],[-53.01911,2.181987],[-53.061227,2.186276],[-53.092233,2.211907],[-53.113368,2.219349],[-53.132282,2.219297],[-53.252843,2.196508],[-53.268501,2.195733],[-53.279715,2.204983],[-53.272222,2.219969],[-53.254342,2.23418],[-53.234653,2.24126],[-53.234188,2.250975],[-53.29744,2.303685],[-53.322554,2.338566],[-53.330926,2.345698],[-53.344104,2.349625],[-53.348806,2.347661],[-53.35108,2.341719],[-53.37852,2.307561],[-53.390406,2.299034],[-53.425442,2.286011],[-53.462133,2.258985],[-53.473243,2.254127],[-53.511535,2.252267],[-53.531792,2.247047],[-53.547347,2.25175],[-53.579025,2.270405],[-53.595303,2.273867],[-53.629461,2.275314],[-53.645997,2.278467],[-53.713177,2.307354],[-53.742167,2.308542],[-53.74873,2.312676],[-53.748162,2.319343],[-53.738033,2.338825],[-53.737361,2.349057],[-53.748265,2.364663],[-53.764801,2.368694],[-53.783457,2.364095],[-53.800975,2.353811],[-53.811827,2.340427],[-53.821077,2.323632],[-53.830896,2.310144],[-53.843453,2.30663],[-53.866811,2.304925],[-53.879368,2.290611],[-53.888463,2.273816],[-53.901227,2.264514],[-53.921639,2.265961],[-53.932905,2.26963],[-53.937762,2.264617],[-53.938744,2.240123],[-53.946134,2.221984],[-53.963911,2.209324],[-54.005975,2.194337],[-54.011711,2.190565],[-54.021375,2.180592],[-54.027989,2.178576],[-54.03326,2.180333],[-54.043337,2.187723],[-54.048453,2.188808],[-54.069279,2.188343],[-54.076669,2.183692],[-54.084213,2.169326],[-54.098424,2.127959],[-54.111395,2.114291],[-54.111527,2.11427]]]]}},{"type":"Feature","id":"ALB","properties":{"name":"Albania","iso3":"ALB"},"geometry":{"type":"Polygon","coordinates":[[[20.590247,41.855404],[20.463175,41.515089],[20.605182,41.086226],[21.02004,40.842727],[20.99999,40.580004],[20.674997,40.435],[20.615,40.110007],[20.150016,39.624998],[19.98,39.694993],[19.960002,39.915006],[19.406082,40.250773],[19.319059,40.72723],[19.40355,41.409566],[19.540027,41.719986],[19.371769,41.877548],[19.304486,42.195745],[19.738051,42.688247],[19.801613,42.500093],[20.0707,42.58863],[20.283755,42.32026],[20.52295,42.21787],[20.590247,41.855404]]]}},{"type":"Feature","id":"LBN","properties":{"name":"Lebanon","iso3":"LBN"},"geometry":{"type":"Polygon","coordinates":[[[35.821101,33.277426],[35.552797,33.264275],[35.460709,33.08904],[35.126053,33.0909],[35.482207,33.90545],[35.979592,34.610058],[35.998403,34.644914],[36.448194,34.593935],[36.61175,34.201789],[36.06646,33.824912],[35.821101,33.277426]]]}},{"type":"Feature","id":"IND","properties":{"name":"India","iso3":"IND"},"geometry":{"type":"Polygon","coordinates":[[[77.837451,35.49401],[78.912269,34.321936],[78.811086,33.506198],[79.208892,32.994395],[79.176129,32.48378],[78.458446,32.618164],[78.738894,31.515906],[79.721367,30.882715],[81.111256,30.183481],[80.476721,29.729865],[80.088425,28.79447],[81.057203,28.416095],[81.999987,27.925479],[83.304249,27.364506],[84.675018,27.234901],[85.251779,26.726198],[86.024393,26.630985],[87.227472,26.397898],[88.060238,26.414615],[88.174804,26.810405],[88.043133,27.445819],[88.120441,27.876542],[88.730326,28.086865],[88.814248,27.299316],[88.835643,27.098966],[89.744528,26.719403],[90.373275,26.875724],[91.217513,26.808648],[92.033484,26.83831],[92.103712,27.452614],[91.696657,27.771742],[92.503119,27.896876],[93.413348,28.640629],[94.56599,29.277438],[95.404802,29.031717],[96.117679,29.452802],[96.586591,28.83098],[96.248833,28.411031],[97.327114,28.261583],[97.402561,27.882536],[97.051989,27.699059],[97.133999,27.083774],[96.419366,27.264589],[95.124768,26.573572],[95.155153,26.001307],[94.603249,25.162495],[94.552658,24.675238],[94.106742,23.850741],[93.325188,24.078556],[93.286327,23.043658],[93.060294,22.703111],[93.166128,22.27846],[92.672721,22.041239],[92.146035,23.627499],[91.869928,23.624346],[91.706475,22.985264],[91.158963,23.503527],[91.46773,24.072639],[91.915093,24.130414],[92.376202,24.976693],[91.799596,25.147432],[90.872211,25.132601],[89.920693,25.26975],[89.832481,25.965082],[89.355094,26.014407],[88.563049,26.446526],[88.209789,25.768066],[88.931554,25.238692],[88.306373,24.866079],[88.084422,24.501657],[88.69994,24.233715],[88.52977,23.631142],[88.876312,22.879146],[89.031961,22.055708],[88.888766,21.690588],[88.208497,21.703172],[86.975704,21.495562],[87.033169,20.743308],[86.499351,20.151638],[85.060266,19.478579],[83.941006,18.30201],[83.189217,17.671221],[82.192792,17.016636],[82.191242,16.556664],[81.692719,16.310219],[80.791999,15.951972],[80.324896,15.899185],[80.025069,15.136415],[80.233274,13.835771],[80.286294,13.006261],[79.862547,12.056215],[79.857999,10.357275],[79.340512,10.308854],[78.885345,9.546136],[79.18972,9.216544],[78.277941,8.933047],[77.941165,8.252959],[77.539898,7.965535],[76.592979,8.899276],[76.130061,10.29963],[75.746467,11.308251],[75.396101,11.781245],[74.864816,12.741936],[74.616717,13.992583],[74.443859,14.617222],[73.534199,15.990652],[73.119909,17.92857],[72.820909,19.208234],[72.824475,20.419503],[72.630533,21.356009],[71.175273,20.757441],[70.470459,20.877331],[69.16413,22.089298],[69.644928,22.450775],[69.349597,22.84318],[68.176645,23.691965],[68.842599,24.359134],[71.04324,24.356524],[70.844699,25.215102],[70.282873,25.722229],[70.168927,26.491872],[69.514393,26.940966],[70.616496,27.989196],[71.777666,27.91318],[72.823752,28.961592],[73.450638,29.976413],[74.42138,30.979815],[74.405929,31.692639],[75.258642,32.271105],[74.451559,32.7649],[74.104294,33.441473],[73.749948,34.317699],[74.240203,34.748887],[75.757061,34.504923],[76.871722,34.653544],[77.837451,35.49401]]]}},{"type":"Feature","id":"BWA","properties":{"name":"Botswana","iso3":"BWA"},"geometry":{"type":"Polygon","coordinates":[[[25.649163,-18.536026],[25.850391,-18.714413],[26.164791,-19.293086],[27.296505,-20.39152],[27.724747,-20.499059],[27.727228,-20.851802],[28.02137,-21.485975],[28.794656,-21.639454],[29.432188,-22.091313],[28.017236,-22.827754],[27.11941,-23.574323],[26.786407,-24.240691],[26.485753,-24.616327],[25.941652,-24.696373],[25.765849,-25.174845],[25.664666,-25.486816],[25.025171,-25.71967],[24.211267,-25.670216],[23.73357,-25.390129],[23.312097,-25.26869],[22.824271,-25.500459],[22.579532,-25.979448],[22.105969,-26.280256],[21.605896,-26.726534],[20.889609,-26.828543],[20.66647,-26.477453],[20.758609,-25.868136],[20.165726,-24.917962],[19.895768,-24.76779],[19.895458,-21.849157],[20.881134,-21.814327],[20.910641,-18.252219],[21.65504,-18.219146],[23.196858,-17.869038],[23.579006,-18.281261],[24.217365,-17.889347],[24.520705,-17.887125],[25.084443,-17.661816],[25.264226,-17.73654],[25.649163,-18.536026]]]}},{"type":"Feature","id":"MLT","properties":{"name":"Malta","iso3":"MLT"},"geometry":{"type":"MultiPolygon","coordinates":[[[[14.566171,35.852721],[14.532684,35.820191],[14.436463,35.821664],[14.352334,35.872281],[14.3513,35.978399],[14.448348,35.957444],[14.537025,35.886285],[14.566171,35.852721]]],[[[14.313473,36.027569],[14.253632,36.012143],[14.194204,36.042245],[14.180354,36.060383],[14.263243,36.075809],[14.303758,36.062295],[14.320914,36.03625],[14.313473,36.027569]]]]}},{"type":"Feature","id":"UGA","properties":{"name":"Uganda","iso3":"UGA"},"geometry":{"type":"Polygon","coordinates":[[[31.86617,-1.02736],[30.76986,-1.01455],[30.419105,-1.134659],[29.821519,-1.443322],[29.579466,-1.341313],[29.587838,-0.587406],[29.8195,-0.2053],[29.875779,0.59738],[30.086154,1.062313],[30.468508,1.583805],[30.85267,1.849396],[31.174149,2.204465],[30.77332,2.33989],[30.83385,3.50917],[31.24556,3.7819],[31.88145,3.55827],[32.68642,3.79232],[33.39,3.79],[34.005,4.249885],[34.47913,3.5556],[34.59607,3.05374],[35.03599,1.90584],[34.6721,1.17694],[34.18,0.515],[33.893569,0.109814],[33.903711,-0.95],[31.86617,-1.02736]]]}},{"type":"Feature","id":"MAR","properties":{"name":"Morocco","iso3":"MAR"},"geometry":{"type":"Polygon","coordinates":[[[-5.193863,35.755182],[-4.591006,35.330712],[-3.640057,35.399855],[-2.604306,35.179093],[-2.169914,35.168396],[-1.792986,34.527919],[-1.733455,33.919713],[-1.388049,32.864015],[-1.124551,32.651522],[-1.307899,32.262889],[-2.616605,32.094346],[-3.06898,31.724498],[-3.647498,31.637294],[-3.690441,30.896952],[-4.859646,30.501188],[-5.242129,30.000443],[-6.060632,29.7317],[-7.059228,29.579228],[-8.674116,28.841289],[-8.66559,27.656426],[-8.817809,27.656426],[-8.817828,27.656426],[-8.794884,27.120696],[-9.413037,27.088476],[-9.735343,26.860945],[-10.189424,26.860945],[-10.551263,26.990808],[-11.392555,26.883424],[-11.71822,26.104092],[-12.030759,26.030866],[-12.500963,24.770116],[-13.89111,23.691009],[-14.221168,22.310163],[-14.630833,21.86094],[-14.750955,21.5006],[-17.002962,21.420734],[-17.020428,21.42231],[-16.973248,21.885745],[-16.589137,22.158234],[-16.261922,22.67934],[-16.326414,23.017768],[-15.982611,23.723358],[-15.426004,24.359134],[-15.089332,24.520261],[-14.824645,25.103533],[-14.800926,25.636265],[-14.43994,26.254418],[-13.773805,26.618892],[-13.139942,27.640148],[-13.121613,27.654148],[-12.618837,28.038186],[-11.688919,28.148644],[-10.900957,28.832142],[-10.399592,29.098586],[-9.564811,29.933574],[-9.814718,31.177736],[-9.434793,32.038096],[-9.300693,32.564679],[-8.657476,33.240245],[-7.654178,33.697065],[-6.912544,34.110476],[-6.244342,35.145865],[-5.929994,35.759988],[-5.193863,35.755182]]]}},{"type":"Feature","id":"COD","properties":{"name":"Democratic Republic of the Congo","iso3":"COD"},"geometry":{"type":"Polygon","coordinates":[[[30.83386,3.509166],[30.773347,2.339883],[31.174149,2.204465],[30.85267,1.849396],[30.468508,1.583805],[30.086154,1.062313],[29.875779,0.59738],[29.819503,-0.20531],[29.587838,-0.587406],[29.579466,-1.341313],[29.291887,-1.620056],[29.254835,-2.21511],[29.117479,-2.292211],[29.024926,-2.839258],[29.276384,-3.293907],[29.339998,-4.499983],[29.519987,-5.419979],[29.419993,-5.939999],[29.620032,-6.520015],[30.199997,-7.079981],[30.740015,-8.340007],[30.346086,-8.238257],[29.002912,-8.407032],[28.734867,-8.526559],[28.449871,-9.164918],[28.673682,-9.605925],[28.49607,-10.789884],[28.372253,-11.793647],[28.642417,-11.971569],[29.341548,-12.360744],[29.616001,-12.178895],[29.699614,-13.257227],[28.934286,-13.248958],[28.523562,-12.698604],[28.155109,-12.272481],[27.388799,-12.132747],[27.16442,-11.608748],[26.553088,-11.92444],[25.75231,-11.784965],[25.418118,-11.330936],[24.78317,-11.238694],[24.314516,-11.262826],[24.257155,-10.951993],[23.912215,-10.926826],[23.456791,-10.867863],[22.837345,-11.017622],[22.402798,-10.993075],[22.155268,-11.084801],[22.208753,-9.894796],[21.875182,-9.523708],[21.801801,-8.908707],[21.949131,-8.305901],[21.746456,-7.920085],[21.728111,-7.290872],[20.514748,-7.299606],[20.601823,-6.939318],[20.091622,-6.94309],[20.037723,-7.116361],[19.417502,-7.155429],[19.166613,-7.738184],[19.016752,-7.988246],[18.464176,-7.847014],[18.134222,-7.987678],[17.47297,-8.068551],[17.089996,-7.545689],[16.860191,-7.222298],[16.57318,-6.622645],[16.326528,-5.87747],[13.375597,-5.864241],[13.024869,-5.984389],[12.735171,-5.965682],[12.322432,-6.100092],[12.182337,-5.789931],[12.436688,-5.684304],[12.468004,-5.248362],[12.631612,-4.991271],[12.995517,-4.781103],[13.25824,-4.882957],[13.600235,-4.500138],[14.144956,-4.510009],[14.209035,-4.793092],[14.582604,-4.970239],[15.170992,-4.343507],[15.75354,-3.855165],[16.00629,-3.535133],[15.972803,-2.712392],[16.407092,-1.740927],[16.865307,-1.225816],[17.523716,-0.74383],[17.638645,-0.424832],[17.663553,-0.058084],[17.82654,0.288923],[17.774192,0.855659],[17.898835,1.741832],[18.094276,2.365722],[18.393792,2.900443],[18.453065,3.504386],[18.542982,4.201785],[18.932312,4.709506],[19.467784,5.031528],[20.290679,4.691678],[20.927591,4.322786],[21.659123,4.224342],[22.405124,4.02916],[22.704124,4.633051],[22.84148,4.710126],[23.297214,4.609693],[24.410531,5.108784],[24.805029,4.897247],[25.128833,4.927245],[25.278798,5.170408],[25.650455,5.256088],[26.402761,5.150875],[27.044065,5.127853],[27.374226,5.233944],[27.979977,4.408413],[28.428994,4.287155],[28.696678,4.455077],[29.159078,4.389267],[29.715995,4.600805],[29.9535,4.173699],[30.83386,3.509166]]]}},{"type":"Feature","id":"EGY","properties":{"name":"Egypt","iso3":"EGY"},"geometry":{"type":"Polygon","coordinates":[[[34.9226,29.50133],[34.64174,29.09942],[34.42655,28.34399],[34.15451,27.8233],[33.92136,27.6487],[33.58811,27.97136],[33.13676,28.41765],[32.42323,29.85108],[32.32046,29.76043],[32.73482,28.70523],[33.34876,27.69989],[34.10455,26.14227],[34.47387,25.59856],[34.79507,25.03375],[35.69241,23.92671],[35.49372,23.75237],[35.52598,23.10244],[36.69069,22.20485],[36.86623,22],[32.9,22],[29.02,22],[25,22],[25,25.6825],[25,29.238655],[24.70007,30.04419],[24.95762,30.6616],[24.80287,31.08929],[25.16482,31.56915],[26.49533,31.58568],[27.45762,31.32126],[28.45048,31.02577],[28.91353,30.87005],[29.68342,31.18686],[30.09503,31.4734],[30.97693,31.55586],[31.68796,31.4296],[31.96041,30.9336],[32.19247,31.26034],[32.99392,31.02407],[33.7734,30.96746],[34.26544,31.21936],[34.9226,29.50133]]]}},{"type":"Feature","properties":{"name":"Andorra","iso3":"AND"},"geometry":{"type":"Polygon","coordinates":[[[1.707006,42.502781],[1.697498,42.494462],[1.686336,42.490612],[1.674244,42.490508],[1.662358,42.493712],[1.659774,42.496813],[1.656984,42.49764],[1.653986,42.496529],[1.650369,42.493402],[1.639517,42.466427],[1.607478,42.456428],[1.544432,42.450356],[1.538851,42.445653],[1.534511,42.439917],[1.528206,42.434233],[1.51663,42.429504],[1.508466,42.428677],[1.447901,42.434646],[1.436429,42.440951],[1.436429,42.453482],[1.407593,42.486762],[1.424543,42.492472],[1.430227,42.493557],[1.449968,42.504073],[1.446557,42.519886],[1.428987,42.531462],[1.406456,42.52924],[1.409764,42.540609],[1.4263,42.561796],[1.426403,42.565646],[1.418032,42.569832],[1.419272,42.579263],[1.424853,42.589365],[1.429297,42.595386],[1.451415,42.602052],[1.466814,42.641455],[1.49844,42.640241],[1.527793,42.648535],[1.543089,42.649362],[1.597349,42.621921],[1.608304,42.618123],[1.721993,42.609855],[1.713311,42.589546],[1.729434,42.582001],[1.752688,42.576679],[1.761107,42.567646],[1.765091,42.563372],[1.739976,42.561641],[1.721683,42.548515],[1.710624,42.527741],[1.707006,42.502781]]]}},{"type":"Feature","properties":{"name":"Antigua and Barbuda","iso3":"ATG"},"geometry":{"type":"MultiPolygon","coordinates":[[[[-61.883616,17.049018],[-61.879221,17.060452],[-61.882802,17.070217],[-61.882436,17.078803],[-61.8662,17.086859],[-61.873362,17.089545],[-61.894154,17.100531],[-61.883127,17.1105],[-61.865387,17.117825],[-61.842356,17.124416],[-61.850453,17.137641],[-61.848785,17.149482],[-61.83967,17.159857],[-61.825266,17.168769],[-61.793365,17.164944],[-61.78067,17.147162],[-61.77302,17.126532],[-61.756418,17.114163],[-61.755442,17.123033],[-61.752756,17.128892],[-61.743316,17.141506],[-61.73762,17.132961],[-61.729848,17.127997],[-61.720082,17.12637],[-61.708608,17.127834],[-61.71349,17.122545],[-61.716298,17.118801],[-61.72053,17.116116],[-61.729644,17.114163],[-61.725087,17.09984],[-61.714833,17.093085],[-61.70165,17.093451],[-61.6881,17.100531],[-61.680653,17.100531],[-61.675526,17.095608],[-61.672109,17.090644],[-61.667592,17.079413],[-61.674387,17.079901],[-61.68814,17.078925],[-61.694936,17.079413],[-61.685658,17.068264],[-61.677073,17.062934],[-61.67219,17.057563],[-61.674428,17.045885],[-61.685699,17.028551],[-61.697011,17.027818],[-61.70995,17.034166],[-61.726226,17.038479],[-61.733998,17.034857],[-61.734364,17.025784],[-61.729644,17.001166],[-61.737131,16.989244],[-61.753529,16.996812],[-61.769765,17.010972],[-61.776845,17.018541],[-61.783599,17.016913],[-61.804067,17.00731],[-61.81786,17.00495],[-61.838694,17.004828],[-61.851715,17.007636],[-61.883656,17.026272],[-61.89037,17.035386],[-61.883616,17.049018]]],[[[-61.838938,17.593329],[-61.851796,17.586575],[-61.857289,17.600979],[-61.859364,17.641791],[-61.863922,17.660142],[-61.86974,17.675482],[-61.87385,17.691148],[-61.873036,17.710639],[-61.869374,17.707343],[-61.867828,17.704088],[-61.8662,17.696357],[-61.860097,17.684231],[-61.844228,17.665961],[-61.838938,17.655422],[-61.839223,17.641425],[-61.84317,17.629584],[-61.84317,17.620185],[-61.831451,17.613837],[-61.826487,17.632473],[-61.825022,17.657945],[-61.831207,17.680487],[-61.849192,17.690131],[-61.856435,17.701077],[-61.851674,17.720282],[-61.837799,17.727688],[-61.81786,17.703192],[-61.824574,17.699368],[-61.831451,17.696357],[-61.818227,17.69184],[-61.797271,17.698798],[-61.784291,17.696357],[-61.768178,17.684638],[-61.754262,17.668769],[-61.743276,17.651353],[-61.735911,17.634914],[-61.728749,17.604967],[-61.727773,17.588446],[-61.729644,17.572821],[-61.736399,17.554023],[-61.743276,17.550605],[-61.75357,17.5515],[-61.77066,17.545559],[-61.776967,17.563422],[-61.794749,17.576117],[-61.838938,17.593329]]],[[[-62.345589,16.93914],[-62.344605,16.940405],[-62.343059,16.940897],[-62.342918,16.938366],[-62.343059,16.935063],[-62.344464,16.932532],[-62.347065,16.93197],[-62.34826,16.933657],[-62.347276,16.937382],[-62.345589,16.93914]]]]}},{"type":"Feature","properties":{"name":"Bahamas","iso3":"BHS"},"geometry":{"type":"MultiPolygon","coordinates":[[[[-72.999572,21.451708],[-73.033663,21.435888],[-73.043725,21.426067],[-73.053046,21.424904],[-73.054948,21.43544],[-73.052174,21.447796],[-73.059309,21.467041],[-73.072431,21.486337],[-73.076234,21.506796],[-73.066184,21.514148],[-73.042818,21.521401],[-73.024037,21.532172],[-73.006562,21.552085],[-72.991526,21.561998],[-72.982167,21.556545],[-72.970027,21.541886],[-72.959457,21.533128],[-72.939572,21.523056],[-72.919749,21.514797],[-72.910438,21.50485],[-72.91465,21.485062],[-72.933429,21.473452],[-72.970766,21.469428],[-72.98823,21.454092],[-72.999572,21.451708]]],[[[-73.13915,22.363349],[-73.156402,22.367662],[-73.166005,22.374213],[-73.163726,22.383694],[-73.145375,22.396877],[-73.151112,22.403957],[-73.151519,22.408596],[-73.145375,22.418606],[-73.140696,22.431545],[-73.142445,22.442288],[-73.142242,22.451361],[-73.131703,22.45954],[-73.114573,22.438544],[-73.106068,22.433498],[-73.09081,22.431586],[-73.090891,22.433661],[-73.085113,22.438178],[-73.077056,22.442857],[-73.070221,22.445258],[-73.06314,22.444729],[-73.048248,22.440131],[-73.039906,22.439032],[-73.015207,22.430487],[-72.963735,22.39765],[-72.939931,22.396877],[-72.944814,22.402493],[-72.953603,22.418606],[-72.920277,22.402899],[-72.903635,22.399075],[-72.892812,22.404283],[-72.877105,22.393012],[-72.861684,22.386868],[-72.843739,22.384345],[-72.820465,22.383775],[-72.813791,22.381008],[-72.805979,22.374254],[-72.792836,22.359605],[-72.783315,22.353217],[-72.763661,22.353217],[-72.754994,22.349677],[-72.746165,22.331285],[-72.750885,22.311225],[-72.763824,22.294867],[-72.779449,22.288235],[-72.797231,22.293647],[-72.843739,22.336005],[-72.864003,22.349921],[-72.879994,22.358222],[-72.897572,22.36225],[-72.922922,22.363349],[-72.934193,22.362128],[-72.949127,22.357001],[-72.957021,22.355902],[-72.968821,22.3581],[-72.975331,22.362982],[-72.980458,22.367865],[-72.988352,22.370185],[-73.009918,22.365953],[-73.04955,22.346625],[-73.07372,22.342231],[-73.084299,22.344387],[-73.090972,22.349066],[-73.095937,22.353705],[-73.101308,22.355902],[-73.13915,22.363349]]],[[[-73.468736,22.587662],[-73.475233,22.58617],[-73.517439,22.598202],[-73.536115,22.603462],[-73.556419,22.606474],[-73.558853,22.611723],[-73.54098,22.61396],[-73.523921,22.616196],[-73.501186,22.61093],[-73.478462,22.601164],[-73.468736,22.587662]]],[[[-73.647071,21.061555],[-73.645173,21.080533],[-73.656931,21.093983],[-73.667861,21.104998],[-73.667833,21.115223],[-73.633445,21.099702],[-73.613087,21.106897],[-73.595861,21.112644],[-73.584097,21.121341],[-73.552887,21.130204],[-73.545794,21.149743],[-73.523698,21.168271],[-73.514604,21.186867],[-73.492626,21.182086],[-73.472768,21.192694],[-73.443593,21.192939],[-73.433339,21.193264],[-73.423207,21.197903],[-73.412913,21.205146],[-73.398183,21.22484],[-73.389882,21.233303],[-73.38622,21.22899],[-73.379791,21.208197],[-73.363881,21.190253],[-73.343834,21.165413],[-73.317944,21.154068],[-73.255152,21.13506],[-73.233081,21.147965],[-73.211024,21.158074],[-73.160961,21.169863],[-73.137735,21.197671],[-73.117384,21.236701],[-73.068186,21.309882],[-73.053049,21.329291],[-73.033762,21.340399],[-73.012196,21.332017],[-73.004628,21.314439],[-73.005727,21.291449],[-73.025543,21.184556],[-73.03393,21.156731],[-73.097594,21.0814],[-73.129821,20.993663],[-73.151194,20.982123],[-73.225564,20.952463],[-73.26891,20.958726],[-73.281606,20.955064],[-73.291086,20.950588],[-73.310455,20.937649],[-73.317291,20.937649],[-73.317291,20.945054],[-73.310658,20.950507],[-73.325435,20.961338],[-73.346922,20.963827],[-73.398957,20.935761],[-73.43342,20.937649],[-73.492614,20.924457],[-73.536811,20.941236],[-73.600819,20.946519],[-73.615224,20.944566],[-73.631421,20.936681],[-73.635618,20.929263],[-73.64145,20.920331],[-73.64511,20.912399],[-73.651612,20.913781],[-73.663356,20.921082],[-73.676141,20.935162],[-73.67897,20.945995],[-73.681434,20.963242],[-73.682261,20.985785],[-73.699956,21.014328],[-73.703209,21.019766],[-73.69991,21.026871],[-73.670094,21.029793],[-73.653335,21.039886],[-73.647071,21.061555]]],[[[-74.283762,22.67182],[-74.28893,22.643744],[-74.317535,22.602484],[-74.354726,22.5633],[-74.385569,22.541449],[-74.376698,22.584377],[-74.347646,22.612942],[-74.312001,22.638332],[-74.283762,22.67182]]],[[[-73.995717,22.657538],[-74.002105,22.664049],[-74.016225,22.684882],[-73.983144,22.675971],[-73.97525,22.67182],[-73.971913,22.682929],[-73.964508,22.691474],[-73.955556,22.69538],[-73.947336,22.692288],[-73.941274,22.696479],[-73.938547,22.697903],[-73.934316,22.698472],[-73.934316,22.705959],[-73.942494,22.708075],[-73.945872,22.710191],[-73.948557,22.713772],[-73.954742,22.720201],[-73.903147,22.719672],[-73.878489,22.723334],[-73.851715,22.733303],[-73.850657,22.729438],[-73.850209,22.726223],[-73.848785,22.723131],[-73.844879,22.720201],[-73.868479,22.681464],[-73.879709,22.67182],[-73.880198,22.681871],[-73.883697,22.689846],[-73.890248,22.695461],[-73.899526,22.698472],[-73.896067,22.684882],[-73.887807,22.67182],[-73.876943,22.665473],[-73.865387,22.67182],[-73.858632,22.657172],[-73.849477,22.582465],[-73.843984,22.567125],[-73.831207,22.541449],[-73.848378,22.537584],[-73.85558,22.520657],[-73.85912,22.498725],[-73.865387,22.480048],[-73.875152,22.468492],[-73.889556,22.455024],[-73.904775,22.443752],[-73.9169,22.439032],[-73.928375,22.430121],[-73.961578,22.370185],[-74.013783,22.330064],[-74.02302,22.325751],[-74.033599,22.325019],[-74.09439,22.301907],[-74.119374,22.296861],[-74.134674,22.283881],[-74.159657,22.246649],[-74.167714,22.23843],[-74.194163,22.216864],[-74.204254,22.21247],[-74.226918,22.209215],[-74.24474,22.200385],[-74.276967,22.171536],[-74.278228,22.180569],[-74.276967,22.215888],[-74.27245,22.225735],[-74.261952,22.228502],[-74.222524,22.225531],[-74.214101,22.229193],[-74.183909,22.254096],[-74.183095,22.260484],[-74.193715,22.267768],[-74.193715,22.273912],[-74.174143,22.285549],[-74.167063,22.288235],[-74.172922,22.289862],[-74.17748,22.291693],[-74.180491,22.295315],[-74.181304,22.301907],[-74.161204,22.309231],[-74.131825,22.325914],[-74.108713,22.329169],[-74.103342,22.332424],[-74.092397,22.346503],[-74.079172,22.35517],[-74.08023,22.367743],[-74.084055,22.381537],[-74.083852,22.390611],[-74.065419,22.397528],[-74.038075,22.400214],[-74.013336,22.405829],[-74.002553,22.421698],[-73.998402,22.445868],[-73.986928,22.457506],[-73.96935,22.462226],[-73.947336,22.465766],[-73.907704,22.479438],[-73.880198,22.502916],[-73.870839,22.535305],[-73.885894,22.575588],[-73.913442,22.594468],[-73.984527,22.595608],[-74.016225,22.610338],[-74.031239,22.623684],[-74.02953,22.627427],[-74.017445,22.645494],[-74.010854,22.651272],[-74.00357,22.655097],[-73.995717,22.657538]]],[[[-74.286855,22.733303],[-74.351959,22.822659],[-74.348215,22.825873],[-74.346588,22.829169],[-74.345855,22.832587],[-74.344553,22.836249],[-74.333567,22.836859],[-74.316884,22.842231],[-74.310414,22.843166],[-74.298451,22.839993],[-74.27009,22.822659],[-74.260081,22.820217],[-74.238352,22.818427],[-74.228505,22.815823],[-74.200551,22.794664],[-74.197499,22.786119],[-74.19636,22.7685],[-74.193715,22.761176],[-74.190175,22.76024],[-74.177968,22.761705],[-74.173899,22.761176],[-74.171783,22.758246],[-74.167063,22.746894],[-74.147532,22.740668],[-74.111643,22.738349],[-74.090688,22.733303],[-74.098134,22.746894],[-74.075917,22.741889],[-74.016225,22.720201],[-74.090688,22.657538],[-74.094106,22.665676],[-74.094594,22.667873],[-74.10497,22.67182],[-74.104075,22.6883],[-74.122426,22.685207],[-74.148427,22.677802],[-74.222279,22.695624],[-74.232574,22.703518],[-74.248931,22.720201],[-74.254465,22.708482],[-74.266428,22.698554],[-74.27831,22.693183],[-74.283762,22.69538],[-74.277984,22.717027],[-74.278147,22.72842],[-74.286855,22.733303]]],[[[-73.666168,23.089545],[-73.755238,23.072984],[-73.797353,23.073798],[-73.816965,23.103827],[-73.741851,23.096991],[-73.685699,23.102484],[-73.666168,23.096991],[-73.666168,23.089545]]],[[[-75.653554,23.459459],[-75.619985,23.457099],[-75.576975,23.445868],[-75.539784,23.42768],[-75.523834,23.404853],[-75.559804,23.415595],[-75.601877,23.423407],[-75.637318,23.435492],[-75.653554,23.459459]]],[[[-75.798207,23.538642],[-75.782541,23.507554],[-75.744944,23.482733],[-75.661041,23.452623],[-75.675364,23.438544],[-75.698232,23.444281],[-75.742991,23.466946],[-75.793772,23.470526],[-75.812734,23.47956],[-75.804433,23.500434],[-75.822987,23.512397],[-75.841908,23.52851],[-75.859242,23.537543],[-75.873362,23.528388],[-75.90807,23.562405],[-75.945465,23.588039],[-75.987701,23.600816],[-76.03718,23.596625],[-76.03718,23.603461],[-76.00768,23.611762],[-76.003041,23.614],[-76.004954,23.622952],[-76.011586,23.632025],[-76.010569,23.6376],[-76.021148,23.64411],[-76.029449,23.655666],[-76.031484,23.668524],[-76.023549,23.679185],[-76.01122,23.676947],[-76.002594,23.680162],[-75.996083,23.684556],[-75.98998,23.685981],[-75.982249,23.682685],[-75.97704,23.677436],[-75.968251,23.664944],[-75.957183,23.654853],[-75.944976,23.64883],[-75.929311,23.645819],[-75.90807,23.645006],[-75.911448,23.640774],[-75.913238,23.637519],[-75.915883,23.63467],[-75.921742,23.631415],[-75.856313,23.567288],[-75.808949,23.541978],[-75.798207,23.538642]]],[[[-74.85912,22.980292],[-74.847035,22.97012],[-74.83845,22.944403],[-74.833404,22.91413],[-74.832021,22.874945],[-74.833974,22.864325],[-74.839955,22.859931],[-74.852284,22.863593],[-74.858062,22.870551],[-74.865346,22.904527],[-74.869049,22.902167],[-74.878977,22.897773],[-74.885487,22.923814],[-74.914052,22.970852],[-74.924428,23.011705],[-74.933909,23.025702],[-74.967641,23.06387],[-74.978017,23.072943],[-74.990549,23.078559],[-75.104888,23.099555],[-75.12975,23.114],[-75.142568,23.123684],[-75.213979,23.165473],[-75.229644,23.171454],[-75.226715,23.18122],[-75.222035,23.19009],[-75.21581,23.198228],[-75.207916,23.206244],[-75.201731,23.206244],[-75.191721,23.191799],[-75.163564,23.179023],[-75.15331,23.165229],[-75.179067,23.168606],[-75.187408,23.171454],[-75.180572,23.159857],[-75.170277,23.14997],[-75.158315,23.144192],[-75.146474,23.144761],[-75.134267,23.137274],[-75.115224,23.122382],[-75.106109,23.117499],[-75.094838,23.114976],[-75.078684,23.113674],[-75.068471,23.116645],[-75.075103,23.127387],[-75.132192,23.185981],[-75.139638,23.202826],[-75.135854,23.229804],[-75.127431,23.249254],[-75.118316,23.265123],[-75.112945,23.281317],[-75.113759,23.30508],[-75.120351,23.331936],[-75.131663,23.35578],[-75.146474,23.370754],[-75.150054,23.366156],[-75.160756,23.357001],[-75.159047,23.380601],[-75.196889,23.410142],[-75.194895,23.432115],[-75.208363,23.435248],[-75.22057,23.439765],[-75.226877,23.447252],[-75.222239,23.459459],[-75.242502,23.474311],[-75.250071,23.49018],[-75.256337,23.535142],[-75.276845,23.582953],[-75.286488,23.587633],[-75.29304,23.585435],[-75.30016,23.580471],[-75.311594,23.576809],[-75.304758,23.624945],[-75.310455,23.63939],[-75.33141,23.623969],[-75.322011,23.637193],[-75.31786,23.641547],[-75.311594,23.645006],[-75.324127,23.648668],[-75.332346,23.641506],[-75.340321,23.630805],[-75.35261,23.623969],[-75.35261,23.631415],[-75.342397,23.641425],[-75.334584,23.653144],[-75.330434,23.66767],[-75.33141,23.685981],[-75.325347,23.684516],[-75.320302,23.681627],[-75.315826,23.677476],[-75.311594,23.672349],[-75.252919,23.582953],[-75.239329,23.5751],[-75.221303,23.556057],[-75.204579,23.533352],[-75.194895,23.514106],[-75.182729,23.446438],[-75.170725,23.429104],[-75.153228,23.4112],[-75.094065,23.305325],[-75.09557,23.294989],[-75.087717,23.285793],[-75.085113,23.264065],[-75.085032,23.219875],[-75.076894,23.171698],[-75.059967,23.141669],[-75.031606,23.123358],[-74.94636,23.093736],[-74.909657,23.067328],[-74.844838,23.000149],[-74.84911,22.995022],[-74.854604,22.985256],[-74.85912,22.980292]]],[[[-74.900054,23.706488],[-74.849721,23.72012],[-74.812367,23.719672],[-74.799631,23.714545],[-74.777211,23.699652],[-74.787262,23.684068],[-74.793691,23.671332],[-74.803782,23.664049],[-74.824941,23.664944],[-74.824941,23.658677],[-74.818715,23.651068],[-74.836741,23.650824],[-74.860748,23.657904],[-74.872792,23.672349],[-74.890859,23.66474],[-74.923899,23.664455],[-74.94164,23.658677],[-74.945383,23.681586],[-74.938629,23.694322],[-74.923085,23.701239],[-74.900054,23.706488]]],[[[-76.325185,23.974026],[-76.340199,23.988186],[-76.358632,24.023668],[-76.374989,24.046576],[-76.387278,24.076402],[-76.397613,24.092515],[-76.401479,24.102932],[-76.401479,24.117377],[-76.37678,24.101386],[-76.318959,23.980211],[-76.325185,23.974026]]],[[[-74.468658,24.021796],[-74.476918,24.009996],[-74.491282,23.969184],[-74.492299,23.960395],[-74.558095,23.953559],[-74.558095,23.960395],[-74.541086,23.980048],[-74.529652,24.011054],[-74.525461,24.045722],[-74.530141,24.076402],[-74.529693,24.100409],[-74.518707,24.114936],[-74.501291,24.123847],[-74.48176,24.131049],[-74.476226,24.135199],[-74.470774,24.140692],[-74.464833,24.143948],[-74.45816,24.141303],[-74.443186,24.116685],[-74.440785,24.114244],[-74.438791,24.103827],[-74.429677,24.089789],[-74.427113,24.083238],[-74.427724,24.074164],[-74.433217,24.054429],[-74.43456,24.045396],[-74.475494,23.980211],[-74.478505,23.991685],[-74.476715,24.001614],[-74.468658,24.021796]]],[[[-77.880686,24.186265],[-77.893666,24.177639],[-77.944569,24.154242],[-77.962554,24.152167],[-77.969065,24.159573],[-77.974192,24.172838],[-77.976226,24.186835],[-77.973378,24.196194],[-77.964223,24.19717],[-77.951731,24.193996],[-77.940582,24.19359],[-77.935862,24.20307],[-77.925933,24.206448],[-77.871002,24.240912],[-77.866282,24.242743],[-77.850006,24.251451],[-77.83967,24.254584],[-77.798695,24.254584],[-77.802398,24.244452],[-77.80842,24.239447],[-77.825999,24.234687],[-77.834218,24.234565],[-77.838531,24.237942],[-77.843577,24.239691],[-77.853912,24.234687],[-77.860829,24.225246],[-77.870473,24.197903],[-77.880686,24.186265]]],[[[-77.92162,24.26203],[-77.936391,24.261542],[-77.942616,24.253119],[-77.941884,24.240465],[-77.935862,24.22724],[-77.950266,24.230536],[-77.975575,24.227118],[-77.990468,24.22724],[-78.001332,24.231431],[-78.012929,24.239651],[-78.016916,24.24844],[-78.00475,24.254584],[-77.978749,24.259223],[-77.95287,24.270453],[-77.9322,24.275702],[-77.92162,24.26203]]],[[[-76.463002,24.213609],[-76.481801,24.213772],[-76.493153,24.218817],[-76.535268,24.268378],[-76.544586,24.283026],[-76.544911,24.295559],[-76.52953,24.287421],[-76.520416,24.27497],[-76.513417,24.260891],[-76.503896,24.247748],[-76.492055,24.239203],[-76.481313,24.23432],[-76.471669,24.227607],[-76.463002,24.213609]]],[[[-77.524973,23.933051],[-77.51651,23.91885],[-77.522613,23.881008],[-77.517486,23.864163],[-77.534576,23.828559],[-77.547922,23.822252],[-77.572743,23.829413],[-77.569447,23.81684],[-77.55134,23.803127],[-77.545481,23.788398],[-77.546946,23.77497],[-77.552602,23.76024],[-77.559804,23.747707],[-77.565907,23.740668],[-77.59732,23.730618],[-77.621205,23.740058],[-77.642974,23.754869],[-77.668324,23.761135],[-77.651112,23.741929],[-77.651438,23.73314],[-77.660878,23.72016],[-77.668324,23.72016],[-77.684926,23.741441],[-77.714589,23.748725],[-77.778188,23.746812],[-77.744049,23.761135],[-77.749094,23.778266],[-77.727691,23.777737],[-77.67516,23.761135],[-77.669057,23.779242],[-77.658925,23.79206],[-77.645009,23.801459],[-77.591298,23.824897],[-77.576161,23.835842],[-77.576161,23.847113],[-77.594065,23.853461],[-77.611643,23.844143],[-77.62857,23.830268],[-77.644765,23.823188],[-77.703114,23.788398],[-77.699208,23.785631],[-77.696278,23.782213],[-77.720204,23.784817],[-77.744293,23.816392],[-77.764556,23.823188],[-77.698842,23.84512],[-77.665598,23.863471],[-77.660878,23.88467],[-77.675201,23.87051],[-77.694814,23.864691],[-77.747792,23.864163],[-77.762074,23.861558],[-77.774241,23.856757],[-77.785878,23.853705],[-77.798695,23.856676],[-77.806793,23.864691],[-77.812856,23.876654],[-77.827463,23.943915],[-77.828765,23.969184],[-77.822581,23.980211],[-77.837229,23.984809],[-77.837758,23.995917],[-77.833485,24.009589],[-77.833485,24.021796],[-77.844838,24.033393],[-77.858632,24.040961],[-77.866526,24.047553],[-77.860097,24.055976],[-77.860097,24.06273],[-77.879628,24.073961],[-77.942047,24.096869],[-77.936106,24.104478],[-77.929067,24.111233],[-77.914703,24.102525],[-77.909088,24.105292],[-77.908274,24.112616],[-77.908559,24.117377],[-77.907948,24.126776],[-77.910797,24.131334],[-77.911,24.13581],[-77.902333,24.144721],[-77.892161,24.149644],[-77.865102,24.157945],[-77.853912,24.165839],[-77.849924,24.174302],[-77.843414,24.198879],[-77.83967,24.206732],[-77.805409,24.20893],[-77.79247,24.213609],[-77.782379,24.221584],[-77.778879,24.227851],[-77.776723,24.235582],[-77.770741,24.247748],[-77.755727,24.259263],[-77.714426,24.275092],[-77.703114,24.288723],[-77.67516,24.302965],[-77.665842,24.289496],[-77.658518,24.273505],[-77.650217,24.260159],[-77.637929,24.254584],[-77.631215,24.249091],[-77.640736,24.237291],[-77.702463,24.190253],[-77.726959,24.177802],[-77.757721,24.172593],[-77.757721,24.165839],[-77.73998,24.164496],[-77.732533,24.15705],[-77.736928,24.148627],[-77.754628,24.144721],[-77.758534,24.140774],[-77.748118,24.131781],[-77.723541,24.117377],[-77.707672,24.123725],[-77.70226,24.112738],[-77.704823,24.094672],[-77.721262,24.06623],[-77.724599,24.05329],[-77.729848,24.042629],[-77.744049,24.035468],[-77.725453,24.030666],[-77.709584,24.043687],[-77.678538,24.101752],[-77.657704,24.123481],[-77.647857,24.137885],[-77.64387,24.157538],[-77.64273,24.182807],[-77.63915,24.206488],[-77.627349,24.221096],[-77.607533,24.218248],[-77.5926,24.198228],[-77.580474,24.173163],[-77.569325,24.15526],[-77.55663,24.141059],[-77.549469,24.125922],[-77.546213,24.108303],[-77.544301,24.075263],[-77.539174,24.054145],[-77.537994,24.045396],[-77.539174,24.033922],[-77.544301,24.014716],[-77.545481,24.004381],[-77.542226,23.998847],[-77.528188,23.979885],[-77.524973,23.970364],[-77.528188,23.958564],[-77.535227,23.950588],[-77.542226,23.945624],[-77.545481,23.942694],[-77.555776,23.9383],[-77.577545,23.937812],[-77.597076,23.930365],[-77.600697,23.905097],[-77.565745,23.927965],[-77.545033,23.936591],[-77.524973,23.933051]]],[[[-77.76769,24.326606],[-77.786855,24.314602],[-77.799794,24.317288],[-77.804433,24.327216],[-77.798695,24.337104],[-77.776682,24.347154],[-77.758046,24.359361],[-77.739247,24.367133],[-77.719228,24.371731],[-77.703114,24.370592],[-77.696156,24.367092],[-77.6881,24.360785],[-77.682444,24.352769],[-77.682607,24.34394],[-77.690338,24.338446],[-77.700592,24.341498],[-77.711252,24.34748],[-77.719838,24.350775],[-77.737538,24.349677],[-77.748036,24.345933],[-77.76769,24.326606]]],[[[-75.314687,24.217353],[-75.306996,24.202541],[-75.290435,24.144721],[-75.335805,24.158515],[-75.356435,24.160142],[-75.379872,24.158393],[-75.42512,24.14997],[-75.440907,24.142035],[-75.458404,24.127916],[-75.483144,24.125718],[-75.509918,24.142076],[-75.521311,24.162584],[-75.499623,24.172593],[-75.484934,24.176215],[-75.463612,24.185614],[-75.443918,24.198717],[-75.433909,24.213609],[-75.414662,24.213121],[-75.405751,24.240302],[-75.410064,24.272895],[-75.430735,24.288723],[-75.45995,24.294582],[-75.48058,24.309394],[-75.534006,24.389228],[-75.5419,24.417467],[-75.561106,24.443427],[-75.5655,24.456936],[-75.571523,24.488756],[-75.58849,24.512641],[-75.614369,24.526597],[-75.647369,24.528957],[-75.643463,24.539455],[-75.642649,24.5515],[-75.644154,24.564154],[-75.647369,24.576117],[-75.65274,24.588365],[-75.657826,24.592922],[-75.664703,24.596015],[-75.708852,24.631334],[-75.741078,24.646145],[-75.749827,24.651801],[-75.756581,24.660305],[-75.757558,24.667914],[-75.753,24.676011],[-75.732167,24.698635],[-75.723866,24.70185],[-75.708852,24.700181],[-75.702219,24.695746],[-75.675364,24.672309],[-75.649322,24.663072],[-75.637318,24.656968],[-75.626332,24.645006],[-75.61856,24.581244],[-75.61262,24.562445],[-75.602854,24.551907],[-75.586822,24.53852],[-75.572011,24.522691],[-75.559967,24.491441],[-75.532216,24.444892],[-75.476064,24.370592],[-75.458119,24.357327],[-75.419016,24.337836],[-75.40038,24.323472],[-75.3756,24.275946],[-75.369618,24.268256],[-75.35851,24.26142],[-75.314687,24.217353]]],[[[-77.47997,24.99136],[-77.495107,24.999335],[-77.514475,25.001166],[-77.532948,25.000718],[-77.545481,25.001899],[-77.561879,25.018866],[-77.551015,25.038031],[-77.52717,25.054389],[-77.504506,25.0633],[-77.489858,25.065619],[-77.456044,25.076972],[-77.440826,25.078518],[-77.398061,25.076972],[-77.355621,25.084052],[-77.339996,25.083808],[-77.32608,25.079332],[-77.302073,25.066107],[-77.263824,25.058092],[-77.274729,25.046088],[-77.379506,25.001532],[-77.403676,25.002143],[-77.435618,25.014879],[-77.441396,25.006537],[-77.45287,24.994615],[-77.466786,24.987006],[-77.47997,24.99136]]],[[[-78.353586,24.659247],[-78.342844,24.665351],[-78.335072,24.672838],[-78.333323,24.682115],[-78.340566,24.693427],[-78.327463,24.710639],[-78.311431,24.71011],[-78.297922,24.696845],[-78.292144,24.676011],[-78.293324,24.65884],[-78.297027,24.643785],[-78.303456,24.630316],[-78.312611,24.617662],[-78.330149,24.606431],[-78.333119,24.60399],[-78.331125,24.594143],[-78.326324,24.585395],[-78.319,24.581732],[-78.292063,24.597357],[-78.277252,24.601264],[-78.269114,24.609198],[-78.271637,24.631334],[-78.252187,24.622789],[-78.252024,24.604804],[-78.257232,24.583808],[-78.254262,24.566148],[-78.237701,24.556871],[-78.228261,24.569485],[-78.225942,24.591539],[-78.230702,24.610826],[-78.221099,24.60692],[-78.210683,24.601264],[-78.201731,24.598782],[-78.196523,24.60399],[-78.197133,24.618354],[-78.204498,24.628323],[-78.214589,24.636298],[-78.223256,24.645006],[-78.224517,24.650946],[-78.222239,24.666083],[-78.223256,24.672309],[-78.22936,24.679755],[-78.244985,24.692857],[-78.251129,24.700181],[-78.255116,24.714179],[-78.257883,24.729926],[-78.264027,24.739325],[-78.278472,24.734361],[-78.267893,24.72606],[-78.26415,24.710517],[-78.264801,24.672309],[-78.274241,24.682929],[-78.280629,24.699205],[-78.288442,24.714179],[-78.302358,24.720689],[-78.304067,24.728217],[-78.301137,24.745347],[-78.292144,24.775336],[-78.276845,24.789984],[-78.254954,24.806464],[-78.239613,24.826361],[-78.243723,24.85102],[-78.234242,24.857123],[-78.208119,24.861802],[-78.202748,24.867825],[-78.199696,24.880439],[-78.186025,24.904771],[-78.182932,24.918687],[-78.17394,24.919623],[-78.17748,24.927436],[-78.185536,24.937893],[-78.189687,24.946682],[-78.187611,24.954576],[-78.18224,24.968492],[-78.17455,24.981676],[-78.165517,24.987616],[-78.157704,25.00019],[-78.159901,25.028306],[-78.16926,25.073228],[-78.180043,25.104926],[-78.200917,25.14643],[-78.214345,25.184638],[-78.202748,25.206732],[-78.185902,25.205878],[-78.149566,25.19953],[-78.134429,25.193671],[-78.122182,25.183173],[-78.115346,25.172024],[-78.107045,25.163072],[-78.090443,25.159491],[-78.075185,25.165351],[-78.060455,25.176337],[-78.045155,25.183092],[-78.027984,25.176256],[-78.015248,25.167792],[-78.00121,25.160956],[-77.98766,25.152248],[-77.976877,25.138414],[-77.99177,25.122789],[-77.994293,25.10517],[-77.986399,25.088772],[-77.96996,25.076972],[-77.982533,25.037502],[-77.986562,25.012885],[-77.98058,25.001899],[-77.96227,24.999335],[-77.947255,24.991156],[-77.934193,24.976223],[-77.873362,24.838568],[-77.829172,24.778225],[-77.812571,24.761908],[-77.795562,24.754828],[-77.783518,24.748236],[-77.74649,24.714504],[-77.737213,24.700181],[-77.736155,24.682196],[-77.737782,24.657701],[-77.741811,24.634711],[-77.747792,24.62108],[-77.75357,24.602037],[-77.745473,24.577582],[-77.723541,24.535102],[-77.718739,24.499823],[-77.727895,24.474189],[-77.751088,24.458482],[-77.788726,24.453192],[-77.804107,24.448798],[-77.814565,24.438707],[-77.823313,24.427314],[-77.833485,24.419094],[-77.86384,24.415432],[-77.871693,24.406806],[-77.860097,24.384914],[-77.87206,24.373765],[-77.908559,24.350775],[-77.926625,24.345771],[-77.961415,24.345526],[-77.973378,24.340522],[-78.012766,24.314154],[-78.017812,24.306098],[-78.015777,24.297349],[-78.012441,24.289252],[-78.011708,24.281887],[-78.017812,24.275051],[-78.027455,24.272854],[-78.036977,24.275946],[-78.045522,24.281968],[-78.05191,24.288723],[-78.063303,24.31623],[-78.069692,24.350409],[-78.080149,24.379462],[-78.103424,24.39175],[-78.134145,24.403957],[-78.140859,24.433498],[-78.134429,24.501614],[-78.152455,24.488756],[-78.164784,24.475409],[-78.180043,24.464911],[-78.206451,24.460639],[-78.22643,24.465481],[-78.351633,24.530463],[-78.411488,24.581041],[-78.430531,24.601793],[-78.442983,24.624498],[-78.429596,24.627509],[-78.408844,24.636176],[-78.389801,24.646715],[-78.3815,24.655504],[-78.378407,24.66942],[-78.371083,24.668158],[-78.361806,24.661444],[-78.353586,24.659247]]],[[[-76.161285,25.165717],[-76.131256,25.147773],[-76.118276,25.133938],[-76.112904,25.114895],[-76.121327,25.030097],[-76.1256,25.014065],[-76.126576,25.005316],[-76.130605,24.994859],[-76.13976,24.988471],[-76.149281,24.984524],[-76.154449,24.981391],[-76.157948,24.962144],[-76.153554,24.944322],[-76.140859,24.918687],[-76.136952,24.902167],[-76.140859,24.854438],[-76.146148,24.834215],[-76.169667,24.799791],[-76.174957,24.785875],[-76.17748,24.715806],[-76.17398,24.677314],[-76.161285,24.645006],[-76.194488,24.658393],[-76.211781,24.690253],[-76.222646,24.726955],[-76.23644,24.754828],[-76.253,24.765774],[-76.296702,24.78205],[-76.315256,24.79267],[-76.336334,24.814927],[-76.33373,24.824164],[-76.317454,24.825263],[-76.21935,24.810045],[-76.212758,24.81273],[-76.208119,24.819159],[-76.203969,24.82689],[-76.198842,24.833686],[-76.182444,24.848782],[-76.177642,24.857652],[-76.174957,24.871527],[-76.175771,24.894517],[-76.183949,24.889309],[-76.195424,24.873277],[-76.205963,24.864081],[-76.212026,24.875393],[-76.210927,24.901028],[-76.20226,24.946682],[-76.196604,24.963446],[-76.193837,24.967434],[-76.187978,24.973944],[-76.15925,24.998196],[-76.154449,25.005316],[-76.146718,25.062445],[-76.147043,25.083808],[-76.164947,25.129828],[-76.19636,25.154283],[-76.232289,25.170966],[-76.263743,25.193671],[-76.346262,25.303534],[-76.371571,25.322496],[-76.409535,25.335191],[-76.489613,25.351304],[-76.530832,25.370429],[-76.591217,25.422553],[-76.630523,25.433254],[-76.652333,25.43537],[-76.693674,25.44477],[-76.712758,25.446926],[-76.734283,25.44184],[-76.769399,25.424058],[-76.784495,25.426418],[-76.759511,25.450019],[-76.745513,25.489244],[-76.729848,25.563625],[-76.736684,25.563625],[-76.702301,25.563951],[-76.686757,25.562079],[-76.675201,25.556789],[-76.686147,25.541327],[-76.690989,25.525946],[-76.691314,25.508857],[-76.688873,25.48786],[-76.673166,25.506659],[-76.661977,25.49726],[-76.652984,25.477973],[-76.64391,25.467353],[-76.624582,25.46247],[-76.497629,25.373481],[-76.460927,25.35456],[-76.41454,25.344468],[-76.368276,25.342719],[-76.351633,25.338609],[-76.335764,25.327094],[-76.284169,25.261908],[-76.223704,25.208075],[-76.161285,25.165717]]],[[[-77.819203,25.707587],[-77.831451,25.708686],[-77.844065,25.722073],[-77.860097,25.748521],[-77.880483,25.768988],[-77.887318,25.78144],[-77.880686,25.789537],[-77.868031,25.787421],[-77.858266,25.777289],[-77.820872,25.71662],[-77.819203,25.707587]]],[[[-77.537994,26.306586],[-77.542307,26.298977],[-77.572743,26.268704],[-77.567047,26.291002],[-77.572174,26.304877],[-77.579335,26.31802],[-77.579579,26.337592],[-77.570383,26.332709],[-77.543568,26.312486],[-77.537994,26.306586]]],[[[-78.590077,26.5362],[-78.607619,26.525734],[-78.628966,26.516102],[-78.64644,26.504853],[-78.65577,26.497788],[-78.676717,26.496132],[-78.686132,26.491911],[-78.726968,26.495446],[-78.766839,26.508104],[-78.791089,26.5297],[-78.834557,26.553651],[-78.9396,26.650788],[-78.987294,26.686225],[-78.997874,26.701321],[-78.987131,26.701483],[-78.978383,26.699408],[-78.970937,26.694892],[-78.964345,26.68769],[-78.835805,26.614569],[-78.80606,26.577826],[-78.786222,26.581144],[-78.770375,26.583325],[-78.738155,26.570809],[-78.714289,26.57052],[-78.691723,26.57997],[-78.671252,26.592918],[-78.657513,26.598589],[-78.645787,26.605097],[-78.637979,26.609731],[-78.634251,26.617819],[-78.621611,26.627014],[-78.619011,26.639518],[-78.604435,26.650535],[-78.592193,26.673048],[-78.573633,26.684159],[-78.575942,26.69477],[-78.600006,26.708197],[-78.641591,26.714993],[-78.634674,26.727973],[-78.607411,26.755927],[-78.601552,26.768256],[-78.593821,26.810533],[-78.574778,26.798285],[-78.5572,26.778551],[-78.54426,26.757025],[-78.539174,26.739203],[-78.520257,26.728995],[-78.437816,26.699821],[-78.417059,26.704749],[-78.370961,26.694525],[-78.319984,26.686527],[-78.287082,26.685492],[-78.273615,26.703583],[-78.25293,26.712942],[-78.221685,26.700294],[-78.202641,26.697159],[-78.167051,26.7104],[-78.118948,26.704328],[-78.087229,26.713121],[-78.055409,26.72602],[-78.035146,26.728583],[-77.971669,26.72956],[-77.956288,26.735419],[-77.946848,26.746568],[-77.940053,26.759467],[-77.931142,26.770494],[-77.915395,26.776435],[-77.913075,26.75788],[-77.91808,26.737494],[-77.920806,26.716946],[-77.902943,26.681586],[-77.90217,26.662421],[-77.910553,26.646308],[-77.929067,26.639228],[-77.936269,26.641791],[-77.953196,26.654853],[-77.962554,26.659735],[-77.975413,26.66177],[-78.040761,26.658433],[-78.100331,26.646064],[-78.237706,26.621325],[-78.293386,26.6213],[-78.503407,26.573065],[-78.521474,26.57038],[-78.540151,26.565009],[-78.570465,26.541571],[-78.590077,26.5362]]],[[[-77.812367,26.906806],[-77.830678,26.90941],[-77.909779,26.904039],[-77.941477,26.893541],[-77.962554,26.893052],[-77.959625,26.896959],[-77.956654,26.898424],[-77.949452,26.899888],[-77.913442,26.920966],[-77.868153,26.928412],[-77.774485,26.927232],[-77.682362,26.908433],[-77.629791,26.904202],[-77.606842,26.920396],[-77.553578,26.898017],[-77.511301,26.869534],[-77.327952,26.709133],[-77.307118,26.696438],[-77.283681,26.689683],[-77.2506,26.68769],[-77.259145,26.676703],[-77.272613,26.673],[-77.305247,26.674018],[-77.290598,26.646959],[-77.269887,26.625067],[-77.243886,26.6105],[-77.182769,26.600287],[-77.155263,26.58808],[-77.107249,26.556708],[-77.070546,26.53852],[-77.058827,26.529364],[-77.049794,26.516343],[-77.042307,26.498033],[-77.042144,26.481838],[-77.055409,26.474799],[-77.058583,26.467841],[-77.058827,26.423245],[-77.055409,26.406928],[-77.046254,26.396308],[-77.032948,26.389879],[-77.017201,26.385972],[-77.030019,26.362738],[-77.031565,26.355292],[-77.029286,26.344428],[-77.024403,26.337592],[-77.019439,26.332709],[-77.017201,26.327623],[-77.016103,26.319525],[-77.01476,26.31566],[-77.01651,26.311713],[-77.024729,26.303453],[-77.032704,26.297431],[-77.041005,26.293769],[-77.058827,26.290432],[-77.056752,26.294664],[-77.051991,26.309638],[-77.084462,26.306138],[-77.115305,26.290432],[-77.142649,26.268256],[-77.164947,26.245429],[-77.174387,26.220689],[-77.183217,26.144273],[-77.181711,26.125312],[-77.192209,26.068996],[-77.187164,25.988471],[-77.190745,25.916327],[-77.226674,25.885077],[-77.253041,25.89761],[-77.276235,25.926011],[-77.292714,25.957261],[-77.29898,25.977932],[-77.315053,25.990953],[-77.388173,26.005439],[-77.408274,26.029731],[-77.392079,26.029853],[-77.373931,26.035468],[-77.35912,26.045885],[-77.34789,26.070624],[-77.335601,26.073676],[-77.321034,26.075181],[-77.308949,26.080634],[-77.272369,26.118313],[-77.248931,26.136054],[-77.223297,26.145819],[-77.229807,26.153998],[-77.233795,26.162258],[-77.235829,26.171698],[-77.236318,26.183661],[-77.240346,26.190579],[-77.248769,26.196519],[-77.256418,26.203925],[-77.258046,26.214748],[-77.25182,26.22602],[-77.242502,26.234524],[-77.233876,26.244045],[-77.230133,26.258734],[-77.23058,26.285102],[-77.233388,26.298],[-77.250356,26.313056],[-77.218617,26.355292],[-77.219879,26.364936],[-77.228627,26.376939],[-77.230133,26.447455],[-77.215443,26.447699],[-77.204579,26.453315],[-77.196197,26.462877],[-77.189198,26.474799],[-77.1881,26.479804],[-77.189198,26.498969],[-77.186431,26.505927],[-77.180165,26.510077],[-77.173004,26.512844],[-77.16808,26.515774],[-77.157948,26.53144],[-77.153554,26.549465],[-77.160715,26.564195],[-77.196156,26.572659],[-77.219553,26.582424],[-77.312164,26.594672],[-77.329742,26.60456],[-77.340972,26.621527],[-77.353017,26.646064],[-77.348459,26.652167],[-77.34732,26.660305],[-77.350087,26.669013],[-77.36144,26.682318],[-77.366567,26.69302],[-77.370107,26.697903],[-77.375356,26.69953],[-77.380035,26.695705],[-77.384918,26.690334],[-77.390859,26.68769],[-77.411244,26.689399],[-77.426991,26.695136],[-77.43399,26.705512],[-77.428131,26.721177],[-77.444692,26.755072],[-77.490224,26.82331],[-77.517486,26.8522],[-77.534413,26.863186],[-77.556223,26.870551],[-77.578481,26.871161],[-77.596995,26.862047],[-77.614329,26.856513],[-77.638051,26.859931],[-77.696848,26.877346],[-77.714955,26.879381],[-77.754628,26.879462],[-77.766428,26.882799],[-77.794667,26.899726],[-77.812367,26.906806]]],[[[-79.514027,23.495673],[-79.517568,23.494045],[-79.53661,23.506496],[-79.538401,23.51024],[-79.514027,23.495673]]],[[[-79.563344,23.546698],[-79.552887,23.533759],[-79.554555,23.533149],[-79.59435,23.574652],[-79.588694,23.571357],[-79.563344,23.546698]]],[[[-79.268707,25.53856],[-79.26651,25.537828],[-79.262115,25.528062],[-79.264312,25.528795],[-79.268707,25.53856]]],[[[-79.28893,25.559149],[-79.288442,25.562974],[-79.279408,25.551663],[-79.279897,25.547797],[-79.28893,25.559149]]],[[[-75.722076,22.202582],[-75.71817,22.195787],[-75.714711,22.182929],[-75.721913,22.17536],[-75.734364,22.175035],[-75.742665,22.183254],[-75.748525,22.196682],[-75.749745,22.204535],[-75.745025,22.205756],[-75.739125,22.203925],[-75.733022,22.199774],[-75.733998,22.205959],[-75.739491,22.222846],[-75.736236,22.224799],[-75.731435,22.218207],[-75.722076,22.202582]]],[[[-75.745961,22.236029],[-75.749664,22.234849],[-75.753407,22.237372],[-75.751861,22.263251],[-75.747548,22.261461],[-75.744862,22.244696],[-75.745961,22.236029]]],[[[-75.811676,22.371568],[-75.807851,22.365668],[-75.802642,22.353176],[-75.805491,22.347602],[-75.81314,22.356269],[-75.82018,22.371324],[-75.823638,22.385728],[-75.819569,22.388414],[-75.813629,22.377875],[-75.811676,22.371568]]],[[[-73.618177,22.60125],[-73.605983,22.609494],[-73.593794,22.601993],[-73.607618,22.577255],[-73.625498,22.574258],[-73.618177,22.60125]]],[[[-75.109039,23.84691],[-75.106068,23.842353],[-75.105784,23.831448],[-75.110707,23.818671],[-75.117421,23.815131],[-75.123647,23.831],[-75.117299,23.845445],[-75.109039,23.84691]]],[[[-77.869211,24.346829],[-77.839752,24.350084],[-77.832834,24.349555],[-77.837026,24.34219],[-77.848622,24.327582],[-77.867299,24.319485],[-77.883697,24.327338],[-77.883616,24.341132],[-77.869211,24.346829]]],[[[-76.774322,24.538642],[-76.773061,24.531724],[-76.772572,24.51911],[-76.77892,24.51435],[-76.789296,24.5185],[-76.795074,24.53144],[-76.792388,24.54914],[-76.784657,24.552965],[-76.777496,24.54385],[-76.774322,24.538642]]],[[[-77.864125,25.407904],[-77.879506,25.407864],[-77.888417,25.408759],[-77.906728,25.409084],[-77.905873,25.410956],[-77.900014,25.415473],[-77.892405,25.418687],[-77.886301,25.419176],[-77.874827,25.41828],[-77.85912,25.419257],[-77.847279,25.425849],[-77.839589,25.434963],[-77.836822,25.434516],[-77.842152,25.423245],[-77.85204,25.412746],[-77.864125,25.407904]]],[[[-79.250071,25.774726],[-79.246083,25.763861],[-79.243235,25.742906],[-79.24592,25.734565],[-79.248036,25.738959],[-79.254628,25.736029],[-79.266957,25.732489],[-79.268707,25.741604],[-79.261708,25.756659],[-79.265533,25.761623],[-79.279042,25.749986],[-79.286244,25.741523],[-79.291575,25.733832],[-79.293853,25.720689],[-79.283315,25.712795],[-79.268137,25.707099],[-79.258046,25.699042],[-79.26183,25.693752],[-79.289174,25.697659],[-79.300649,25.697943],[-79.30427,25.702338],[-79.301259,25.716864],[-79.293813,25.736029],[-79.280344,25.757229],[-79.261057,25.771918],[-79.250071,25.774726]]],[[[-77.244252,26.478461],[-77.23762,26.474066],[-77.236073,26.470364],[-77.236562,26.469387],[-77.238433,26.47016],[-77.242096,26.470608],[-77.242991,26.469062],[-77.240712,26.467353],[-77.240468,26.46662],[-77.242502,26.466213],[-77.24352,26.454413],[-77.241038,26.442816],[-77.246653,26.438666],[-77.250559,26.438218],[-77.254547,26.438137],[-77.263295,26.442206],[-77.267445,26.453274],[-77.272328,26.460679],[-77.278228,26.465806],[-77.276682,26.469957],[-77.272369,26.469468],[-77.267568,26.472561],[-77.26183,26.477851],[-77.253774,26.480048],[-77.244252,26.478461]]],[[[-77.853831,26.600775],[-77.848459,26.605536],[-77.837514,26.613511],[-77.834625,26.610541],[-77.843617,26.600735],[-77.847076,26.594875],[-77.847157,26.590522],[-77.851877,26.583319],[-77.85558,26.57274],[-77.861928,26.564114],[-77.868398,26.56387],[-77.870513,26.566718],[-77.872874,26.570543],[-77.886586,26.585598],[-77.891103,26.594062],[-77.893137,26.602607],[-77.887807,26.606594],[-77.857574,26.611762],[-77.853098,26.607001],[-77.862416,26.596625],[-77.864491,26.593655],[-77.857086,26.597846],[-77.853831,26.600775]]],[[[-76.770186,25.551304],[-76.758432,25.548954],[-76.745895,25.545036],[-76.749813,25.539551],[-76.760783,25.540334],[-76.787424,25.541901],[-76.781156,25.54817],[-76.770186,25.551304]]],[[[-76.828954,25.531715],[-76.817984,25.532498],[-76.809364,25.529364],[-76.810932,25.523879],[-76.828954,25.516827],[-76.848543,25.516827],[-76.86108,25.508208],[-76.87205,25.506641],[-76.872834,25.514476],[-76.857162,25.523879],[-76.844625,25.52623],[-76.828954,25.531715]]]]}},{"type":"Feature","properties":{"name":"Bahrain","iso3":"BHR"},"geometry":{"type":"MultiPolygon","coordinates":[[[[50.551606,26.194241],[50.594737,26.160305],[50.604871,26.174732],[50.619898,26.185466],[50.626339,26.170438],[50.632779,26.146823],[50.64566,26.14575],[50.635507,26.134382],[50.634926,26.115694],[50.614757,26.111151],[50.620616,26.052965],[50.618419,25.964748],[50.603526,25.85456],[50.594493,25.832709],[50.56544,25.7897],[50.565278,25.789537],[50.558604,25.81977],[50.547211,25.852932],[50.531423,25.88524],[50.511404,25.913031],[50.467784,25.957587],[50.46046,25.985297],[50.479991,26.018866],[50.485444,26.033433],[50.490896,26.048],[50.485199,26.085639],[50.469981,26.122626],[50.452973,26.149563],[50.448904,26.161607],[50.449555,26.177965],[50.461192,26.225246],[50.468516,26.236884],[50.481456,26.24258],[50.481619,26.24254],[50.482595,26.24254],[50.503917,26.242011],[50.516368,26.239691],[50.5324,26.2331],[50.545421,26.227729],[50.545502,26.227769],[50.586681,26.242499],[50.593272,26.238593],[50.597423,26.225531],[50.604747,26.216498],[50.606944,26.212388],[50.609141,26.208279],[50.603526,26.197659],[50.594086,26.195299],[50.565603,26.198879],[50.551606,26.194241]]],[[[50.397704,26.174732],[50.408438,26.171511],[50.419172,26.166144],[50.419172,26.14897],[50.421319,26.135016],[50.423466,26.119988],[50.405218,26.124282],[50.385897,26.123208],[50.38053,26.139309],[50.382676,26.159704],[50.397704,26.174732]]],[[[50.60165,26.278852],[50.632779,26.287439],[50.65532,26.276705],[50.656394,26.261677],[50.656394,26.24665],[50.671421,26.227328],[50.684302,26.221961],[50.678935,26.208007],[50.673568,26.20264],[50.657467,26.211227],[50.653174,26.225181],[50.647807,26.239136],[50.633852,26.242356],[50.620972,26.244503],[50.612384,26.241283],[50.599504,26.262751],[50.60165,26.278852]]],[[[50.77431,25.721648],[50.782537,25.720382],[50.790764,25.726078],[50.80089,25.73114],[50.80089,25.724812],[50.798358,25.715952],[50.790764,25.705827],[50.78317,25.696967],[50.788233,25.692537],[50.795827,25.684943],[50.79203,25.67988],[50.780006,25.682411],[50.77431,25.678614],[50.766083,25.671653],[50.762286,25.667856],[50.766716,25.654566],[50.77431,25.645074],[50.776209,25.638745],[50.769248,25.636214],[50.765451,25.629886],[50.764185,25.621659],[50.769881,25.617862],[50.77431,25.612166],[50.767982,25.60647],[50.762286,25.597611],[50.757224,25.588751],[50.759755,25.582422],[50.756591,25.579891],[50.7452,25.584954],[50.737606,25.595712],[50.741403,25.605205],[50.748997,25.621026],[50.748364,25.630518],[50.748364,25.644441],[50.739504,25.653301],[50.740137,25.662161],[50.741403,25.674185],[50.7452,25.687474],[50.755325,25.70203],[50.768615,25.716585],[50.77431,25.721648]]],[[[50.775576,25.752657],[50.78317,25.755821],[50.790132,25.755188],[50.791397,25.74886],[50.780639,25.745063],[50.775576,25.752657]]],[[[50.804687,25.679247],[50.819875,25.678614],[50.816711,25.669122],[50.808484,25.664059],[50.804054,25.669755],[50.802156,25.674817],[50.804687,25.679247]]],[[[50.793296,25.652035],[50.799624,25.651402],[50.811648,25.649504],[50.816711,25.644441],[50.815445,25.636847],[50.811648,25.631784],[50.807851,25.63305],[50.802788,25.634315],[50.795827,25.63305],[50.790764,25.630518],[50.786334,25.638745],[50.788233,25.643808],[50.785069,25.648238],[50.786967,25.652668],[50.793296,25.652035]]]]}},{"type":"Feature","properties":{"name":"Barbados","iso3":"BRB"},"geometry":{"type":"Polygon","coordinates":[[[-59.42691,13.160386],[-59.430043,13.125922],[-59.455719,13.100043],[-59.475779,13.086493],[-59.487538,13.078559],[-59.50886,13.057318],[-59.516713,13.056383],[-59.523101,13.056464],[-59.529286,13.055406],[-59.536122,13.051174],[-59.545969,13.067694],[-59.564443,13.07803],[-59.586903,13.083197],[-59.60025,13.084133],[-59.608144,13.084662],[-59.621571,13.09398],[-59.633127,13.115912],[-59.646067,13.160386],[-59.654205,13.295111],[-59.652211,13.310614],[-59.645131,13.323717],[-59.63093,13.337958],[-59.612864,13.34455],[-59.594472,13.334784],[-59.580719,13.314521],[-59.575917,13.304389],[-59.568959,13.289659],[-59.549794,13.249172],[-59.53661,13.231391],[-59.518056,13.217515],[-59.491811,13.197943],[-59.476674,13.189399],[-59.457102,13.183173],[-59.438629,13.174872],[-59.42691,13.160386]]]}},{"type":"Feature","properties":{"name":"Cabo Verde","iso3":"CPV"},"geometry":{"type":"MultiPolygon","coordinates":[[[[-24.704335,14.900824],[-24.693105,14.890692],[-24.686757,14.876166],[-24.683949,14.859442],[-24.683258,14.842475],[-24.686879,14.826646],[-24.695302,14.819403],[-24.704416,14.814032],[-24.710561,14.803941],[-24.718007,14.803941],[-24.725453,14.814114],[-24.744618,14.826606],[-24.751536,14.838772],[-24.758941,14.831855],[-24.754709,14.840806],[-24.753245,14.849351],[-24.754709,14.857856],[-24.758941,14.866645],[-24.745351,14.866645],[-24.74942,14.885484],[-24.73762,14.892035],[-24.71935,14.894436],[-24.704335,14.900824]]],[[[-24.296539,14.917548],[-24.301503,14.90648],[-24.298207,14.895453],[-24.293284,14.884345],[-24.292836,14.87287],[-24.29955,14.863023],[-24.334462,14.831855],[-24.376536,14.815985],[-24.415028,14.820868],[-24.449086,14.83808],[-24.506581,14.884955],[-24.520375,14.903957],[-24.526235,14.924709],[-24.520619,14.945258],[-24.506744,14.969184],[-24.488922,14.990546],[-24.464589,15.007717],[-24.403432,15.038031],[-24.385569,15.043524],[-24.364858,15.045396],[-24.343251,15.040717],[-24.329213,15.028713],[-24.320139,15.013007],[-24.30724,14.979438],[-24.295766,14.930487],[-24.296539,14.917548]]],[[[-23.456776,15.023668],[-23.454579,15.018948],[-23.451894,15.015123],[-23.448354,15.012397],[-23.443105,15.010688],[-23.447825,14.995754],[-23.454661,14.985907],[-23.477895,14.969062],[-23.470448,14.962226],[-23.480214,14.946601],[-23.486318,14.930854],[-23.494008,14.918687],[-23.50829,14.913804],[-23.516225,14.912828],[-23.53185,14.908637],[-23.539296,14.90762],[-23.547353,14.908515],[-23.555816,14.912787],[-23.563222,14.913804],[-23.596425,14.914537],[-23.624135,14.918118],[-23.649729,14.9265],[-23.676503,14.935533],[-23.715077,14.968451],[-23.73054,14.985826],[-23.730702,15.0185],[-23.742055,15.026353],[-23.75829,15.031317],[-23.772084,15.037991],[-23.772694,15.041693],[-23.77953,15.064643],[-23.782297,15.068549],[-23.786285,15.072414],[-23.79011,15.077704],[-23.792592,15.085761],[-23.789866,15.093817],[-23.775624,15.118232],[-23.772084,15.127346],[-23.772939,15.140448],[-23.785756,15.174506],[-23.776194,15.177232],[-23.770131,15.183987],[-23.766754,15.193752],[-23.765859,15.205512],[-23.763661,15.216295],[-23.758697,15.22309],[-23.753814,15.228095],[-23.751576,15.233466],[-23.754954,15.250312],[-23.763295,15.269761],[-23.774403,15.285631],[-23.785756,15.291815],[-23.779124,15.294135],[-23.758412,15.304877],[-23.773061,15.310614],[-23.77953,15.311672],[-23.751576,15.33275],[-23.74413,15.33275],[-23.74356,15.325141],[-23.742014,15.32095],[-23.739898,15.317328],[-23.737945,15.311672],[-23.719228,15.322903],[-23.703236,15.313463],[-23.697825,15.296332],[-23.710683,15.284369],[-23.697336,15.266018],[-23.681752,15.254828],[-23.648549,15.237209],[-23.656077,15.229722],[-23.638783,15.226264],[-23.630279,15.219184],[-23.615102,15.195014],[-23.584218,15.162421],[-23.567372,15.152086],[-23.552358,15.153998],[-23.549143,15.149359],[-23.547475,15.145941],[-23.544993,15.143134],[-23.539296,15.140367],[-23.540761,15.139065],[-23.534413,15.133002],[-23.527252,15.127387],[-23.525706,15.127346],[-23.522939,15.126695],[-23.514068,15.127997],[-23.511383,15.127346],[-23.510813,15.124213],[-23.512034,15.116116],[-23.511383,15.113023],[-23.470448,15.037991],[-23.466542,15.034247],[-23.463612,15.033149],[-23.460683,15.030951],[-23.456776,15.023668]]],[[[-23.127797,15.311672],[-23.121897,15.29914],[-23.120513,15.283352],[-23.121571,15.256415],[-23.110463,15.199408],[-23.111928,15.171942],[-23.127797,15.146633],[-23.132802,15.144721],[-23.148671,15.142768],[-23.155141,15.140367],[-23.158844,15.135565],[-23.163645,15.123725],[-23.168813,15.119859],[-23.182729,15.118598],[-23.195953,15.122056],[-23.217152,15.133531],[-23.240631,15.150051],[-23.252065,15.161811],[-23.258168,15.174506],[-23.255116,15.186835],[-23.247304,15.199205],[-23.243276,15.21133],[-23.251332,15.222886],[-23.237172,15.231024],[-23.230865,15.243964],[-23.234853,15.254828],[-23.251332,15.256415],[-23.245717,15.271064],[-23.22411,15.286689],[-23.209788,15.311672],[-23.214467,15.313544],[-23.215159,15.314439],[-23.214955,15.315823],[-23.217152,15.319159],[-23.203277,15.324897],[-23.189849,15.33275],[-23.189565,15.329495],[-23.189849,15.319159],[-23.181264,15.325751],[-23.178944,15.327948],[-23.176259,15.33275],[-23.168813,15.325344],[-23.176259,15.319159],[-23.161936,15.312567],[-23.139516,15.317776],[-23.127797,15.311672]]],[[[-22.682118,16.113593],[-22.678375,16.111884],[-22.670806,16.10224],[-22.666575,16.091457],[-22.672515,16.08633],[-22.675608,16.082017],[-22.677113,16.072659],[-22.679799,16.063218],[-22.696441,16.052924],[-22.751088,16.010565],[-22.787587,15.991604],[-22.806142,15.985907],[-22.863678,15.982367],[-22.873891,15.983873],[-22.883656,15.988715],[-22.897776,16.000474],[-22.909291,16.00373],[-22.945546,16.01968],[-22.957753,16.030829],[-22.963979,16.052191],[-22.963246,16.071194],[-22.957753,16.089016],[-22.947418,16.10224],[-22.932607,16.107408],[-22.913564,16.125556],[-22.924428,16.212958],[-22.915598,16.243964],[-22.91161,16.236721],[-22.907216,16.231431],[-22.89509,16.222846],[-22.877919,16.214911],[-22.852528,16.20661],[-22.829416,16.204006],[-22.819325,16.212958],[-22.811676,16.22842],[-22.793813,16.23135],[-22.73469,16.216864],[-22.723866,16.212633],[-22.713857,16.205756],[-22.709828,16.198635],[-22.703765,16.179592],[-22.699574,16.175686],[-22.682485,16.168647],[-22.6787,16.15176],[-22.682118,16.113593]]],[[[-24.067535,16.613918],[-24.047963,16.598822],[-24.037424,16.593004],[-24.032826,16.596829],[-24.032826,16.562405],[-24.044097,16.559882],[-24.114735,16.559272],[-24.191965,16.592475],[-24.233306,16.602118],[-24.272328,16.587226],[-24.286366,16.570746],[-24.315338,16.520413],[-24.324696,16.482652],[-24.333404,16.49494],[-24.347483,16.531968],[-24.353383,16.540432],[-24.360178,16.547187],[-24.365631,16.555609],[-24.367909,16.569159],[-24.36856,16.579535],[-24.37092,16.587144],[-24.376088,16.591783],[-24.385081,16.593411],[-24.408274,16.600165],[-24.424713,16.617133],[-24.430653,16.639472],[-24.422597,16.662299],[-24.36148,16.681586],[-24.354237,16.680609],[-24.340566,16.67536],[-24.328684,16.667792],[-24.305165,16.647895],[-24.292836,16.641832],[-24.282379,16.641343],[-24.226796,16.649604],[-24.217112,16.647691],[-24.180572,16.630845],[-24.172475,16.629096],[-24.089996,16.622463],[-24.067535,16.613918]]],[[[-22.929189,16.593411],[-22.941396,16.669379],[-22.956532,16.699449],[-22.97761,16.689032],[-22.98176,16.703518],[-22.983144,16.723049],[-22.980051,16.741116],[-22.970815,16.751044],[-22.970815,16.75788],[-22.982737,16.761379],[-22.989247,16.770941],[-22.991567,16.784329],[-22.990793,16.81566],[-22.970123,16.831448],[-22.922434,16.860297],[-22.916982,16.853176],[-22.898915,16.836819],[-22.89509,16.829291],[-22.896311,16.825019],[-22.90274,16.813178],[-22.909779,16.803371],[-22.907948,16.800605],[-22.904042,16.79857],[-22.901845,16.795111],[-22.904652,16.735826],[-22.901845,16.716946],[-22.897369,16.710273],[-22.884185,16.698432],[-22.881337,16.692694],[-22.882395,16.681545],[-22.886627,16.661689],[-22.887603,16.651435],[-22.889556,16.645901],[-22.898793,16.639472],[-22.901845,16.634426],[-22.901479,16.629096],[-22.899403,16.621649],[-22.89684,16.615465],[-22.89509,16.613918],[-22.901723,16.605902],[-22.908844,16.6022],[-22.917633,16.599189],[-22.929189,16.593411]]],[[[-24.919749,16.895087],[-24.922922,16.890815],[-24.914459,16.881415],[-24.900136,16.872016],[-24.885894,16.867743],[-24.881093,16.862291],[-24.876291,16.84984],[-24.873606,16.835924],[-24.875071,16.826158],[-24.891103,16.813951],[-24.915517,16.805487],[-24.94286,16.800482],[-24.968129,16.798896],[-24.974517,16.796698],[-24.984202,16.78734],[-24.988026,16.785142],[-24.995229,16.786119],[-25.058176,16.809638],[-25.068227,16.81509],[-25.076161,16.822455],[-25.081125,16.832343],[-25.094146,16.826158],[-25.089752,16.84748],[-25.078196,16.865058],[-25.063588,16.877021],[-25.05012,16.881415],[-25.018788,16.882025],[-25.005971,16.887681],[-25.012196,16.901272],[-24.983998,16.915961],[-24.978098,16.923],[-24.971262,16.923],[-24.965199,16.908922],[-24.95519,16.910793],[-24.937734,16.923],[-24.927724,16.917792],[-24.918772,16.908271],[-24.914703,16.899156],[-24.919749,16.895087]]],[[[-25.046986,17.035061],[-25.055572,17.024807],[-25.115875,16.997463],[-25.143422,16.970038],[-25.162953,16.945299],[-25.187856,16.928168],[-25.231313,16.923],[-25.269195,16.923],[-25.280832,16.920722],[-25.289662,16.917182],[-25.298695,16.917385],[-25.31078,16.926093],[-25.313385,16.938463],[-25.313873,17.00495],[-25.327545,17.028225],[-25.331044,17.030951],[-25.348297,17.034125],[-25.354848,17.038479],[-25.360422,17.055243],[-25.35558,17.069566],[-25.330922,17.096829],[-25.316803,17.106106],[-25.302154,17.108059],[-25.289133,17.107001],[-25.279775,17.107327],[-25.269602,17.114325],[-25.245351,17.136705],[-25.226308,17.14468],[-25.202707,17.158759],[-25.179555,17.164374],[-25.118642,17.192857],[-25.10261,17.196601],[-25.091054,17.19302],[-25.079498,17.18537],[-25.053944,17.186184],[-25.03954,17.18244],[-25.030181,17.175482],[-25.026275,17.167711],[-25.025868,17.144924],[-25.020579,17.140367],[-24.99706,17.134182],[-24.99177,17.130927],[-24.988678,17.125718],[-24.974965,17.114488],[-24.971262,17.107327],[-24.973012,17.096625],[-24.978993,17.0869],[-25.015126,17.04914],[-25.019683,17.049018],[-25.023915,17.045396],[-25.042714,17.038479],[-25.046986,17.035061]]],[[[-24.59266,16.624312],[-24.569512,16.619972],[-24.575299,16.605505],[-24.589766,16.606952],[-24.60134,16.609845],[-24.604233,16.621419],[-24.59266,16.624312]]],[[[-24.7735,16.802259],[-24.748906,16.793579],[-24.735885,16.779112],[-24.725758,16.757411],[-24.706951,16.753071],[-24.695377,16.760304],[-24.683803,16.755964],[-24.68525,16.742944],[-24.702611,16.73571],[-24.722865,16.734263],[-24.740225,16.734263],[-24.748906,16.742944],[-24.754693,16.754518],[-24.7735,16.761751],[-24.787967,16.774772],[-24.787967,16.789239],[-24.7735,16.802259]]]]}},{"type":"Feature","properties":{"name":"Comoros","iso3":"COM"},"geometry":{"type":"MultiPolygon","coordinates":[[[[43.788748,-12.308038],[43.797048,-12.311619],[43.850108,-12.346124],[43.861583,-12.363377],[43.858165,-12.371352],[43.842947,-12.373468],[43.819347,-12.373468],[43.751475,-12.359959],[43.681407,-12.358087],[43.665212,-12.352472],[43.660818,-12.344985],[43.661794,-12.327732],[43.658946,-12.318292],[43.650238,-12.310235],[43.641124,-12.30641],[43.633962,-12.301039],[43.631033,-12.287774],[43.629893,-12.251723],[43.635753,-12.236912],[43.65211,-12.242608],[43.666352,-12.250095],[43.708344,-12.257908],[43.727224,-12.263604],[43.779307,-12.297621],[43.788748,-12.308038]]],[[[44.529063,-12.232843],[44.528494,-12.35475],[44.52296,-12.372817],[44.511485,-12.380304],[44.502696,-12.376723],[44.492442,-12.368259],[44.484141,-12.358005],[44.480724,-12.349298],[44.47877,-12.336847],[44.473318,-12.329767],[44.399587,-12.279962],[44.391368,-12.267022],[44.385265,-12.251723],[44.370128,-12.244317],[44.330577,-12.236261],[44.268403,-12.205011],[44.26002,-12.198419],[44.2199,-12.174981],[44.206391,-12.160577],[44.222504,-12.160089],[44.23585,-12.163344],[44.261567,-12.174249],[44.278982,-12.178643],[44.31129,-12.183282],[44.32309,-12.187921],[44.32838,-12.18377],[44.33839,-12.178643],[44.343516,-12.174249],[44.373546,-12.180352],[44.400076,-12.156508],[44.415294,-12.119317],[44.411794,-12.085545],[44.42156,-12.082696],[44.435313,-12.074802],[44.446056,-12.071873],[44.45102,-12.069757],[44.455333,-12.066583],[44.460134,-12.064142],[44.467052,-12.064386],[44.47283,-12.068536],[44.480724,-12.082452],[44.484141,-12.085545],[44.526378,-12.218845],[44.529063,-12.232843]]],[[[43.466563,-11.82171],[43.469086,-11.83172],[43.475352,-11.843032],[43.49879,-11.87363],[43.498302,-11.882013],[43.48699,-11.899835],[43.483735,-11.909926],[43.482595,-11.917169],[43.479991,-11.922784],[43.472667,-11.927911],[43.463145,-11.930922],[43.449555,-11.932875],[43.437673,-11.931573],[43.432384,-11.924086],[43.425955,-11.911554],[43.369965,-11.86061],[43.355154,-11.854587],[43.312266,-11.852146],[43.301768,-11.849542],[43.290294,-11.843357],[43.271007,-11.82822],[43.262869,-11.818048],[43.260102,-11.809177],[43.2588,-11.80047],[43.254242,-11.790704],[43.22877,-11.76629],[43.217784,-11.750258],[43.213227,-11.725763],[43.215994,-11.715997],[43.222504,-11.703871],[43.244151,-11.672947],[43.244395,-11.662286],[43.241547,-11.651544],[43.240571,-11.639825],[43.254405,-11.463067],[43.252289,-11.451349],[43.246837,-11.440606],[43.256602,-11.423272],[43.266124,-11.398696],[43.276541,-11.379571],[43.288341,-11.379164],[43.330821,-11.365004],[43.355724,-11.361261],[43.374034,-11.368585],[43.385997,-11.384047],[43.394867,-11.40016],[43.399425,-11.41839],[43.377126,-11.605076],[43.386078,-11.645603],[43.430512,-11.708185],[43.446625,-11.749119],[43.447113,-11.759373],[43.445567,-11.780532],[43.446625,-11.790704],[43.451182,-11.798028],[43.457774,-11.804376],[43.463878,-11.811619],[43.466563,-11.82171]]]]}},{"type":"Feature","properties":{"name":"Dominica","iso3":"DMA"},"geometry":{"type":"Polygon","coordinates":[[[-61.362864,15.201809],[-61.374094,15.20482],[-61.376129,15.212836],[-61.372792,15.237209],[-61.37328,15.266425],[-61.372792,15.270697],[-61.378285,15.28205],[-61.39094,15.296291],[-61.393219,15.308295],[-61.395009,15.333075],[-61.399566,15.351142],[-61.413726,15.380561],[-61.415679,15.387641],[-61.41808,15.405951],[-61.421213,15.41474],[-61.444203,15.436835],[-61.447865,15.445136],[-61.449778,15.454657],[-61.454254,15.46483],[-61.460032,15.472886],[-61.465566,15.476142],[-61.472076,15.481391],[-61.474273,15.493476],[-61.475209,15.517768],[-61.47936,15.525458],[-61.484853,15.530341],[-61.488922,15.535712],[-61.488881,15.545071],[-61.483998,15.551581],[-61.467275,15.562974],[-61.462148,15.572984],[-61.469065,15.574286],[-61.481191,15.578559],[-61.488881,15.57925],[-61.480621,15.59101],[-61.468984,15.633857],[-61.449208,15.633083],[-61.437245,15.632636],[-61.425933,15.628485],[-61.413726,15.619574],[-61.397572,15.596625],[-61.384633,15.588365],[-61.36974,15.595933],[-61.35733,15.598293],[-61.307688,15.57925],[-61.305898,15.572455],[-61.29955,15.557196],[-61.289622,15.540961],[-61.284047,15.531399],[-61.268625,15.509914],[-61.267161,15.507799],[-61.25768,15.472602],[-61.256012,15.43594],[-61.262929,15.407904],[-61.258372,15.406317],[-61.254221,15.402981],[-61.249257,15.401068],[-61.255523,15.364569],[-61.254058,15.332668],[-61.253733,15.324693],[-61.256663,15.285346],[-61.277211,15.25023],[-61.284413,15.244818],[-61.289296,15.243598],[-61.293202,15.243883],[-61.303375,15.24258],[-61.311879,15.244534],[-61.318186,15.243394],[-61.323598,15.238593],[-61.328725,15.225572],[-61.342681,15.219672],[-61.345937,15.212348],[-61.346384,15.211697],[-61.350738,15.205146],[-61.362864,15.201809]]]}},{"type":"Feature","properties":{"name":"Gambia","iso3":"GMB"},"geometry":{"type":"Polygon","coordinates":[[[-16.753651,13.065009],[-16.76887,13.077826],[-16.784332,13.082994],[-16.786733,13.090074],[-16.782541,13.098334],[-16.775502,13.112738],[-16.777333,13.127834],[-16.796742,13.177232],[-16.797475,13.189114],[-16.795033,13.235907],[-16.797353,13.248928],[-16.802968,13.262193],[-16.820058,13.281317],[-16.824452,13.294582],[-16.81664,13.310614],[-16.820302,13.315823],[-16.829701,13.338528],[-16.820709,13.349107],[-16.809967,13.379869],[-16.79955,13.386298],[-16.787343,13.389146],[-16.774322,13.396186],[-16.762929,13.404975],[-16.704457,13.475409],[-16.678822,13.496161],[-16.676747,13.485907],[-16.671132,13.478664],[-16.662506,13.473131],[-16.652252,13.468248],[-16.634633,13.477362],[-16.616851,13.478176],[-16.601389,13.472235],[-16.590728,13.461371],[-16.585317,13.443345],[-16.596303,13.440253],[-16.612782,13.439154],[-16.624257,13.427232],[-16.608713,13.413723],[-16.59553,13.385077],[-16.588368,13.355292],[-16.590728,13.338528],[-16.553863,13.295803],[-16.545766,13.290107],[-16.495188,13.287909],[-16.480824,13.283881],[-16.467763,13.275865],[-16.45995,13.268866],[-16.449696,13.264065],[-16.429351,13.262193],[-16.419667,13.255561],[-16.41393,13.239976],[-16.413482,13.222073],[-16.419423,13.208197],[-16.39977,13.224311],[-16.390859,13.224799],[-16.377797,13.215033],[-16.383656,13.225165],[-16.401926,13.243354],[-16.405751,13.246039],[-16.408274,13.258734],[-16.415273,13.267035],[-16.426015,13.270738],[-16.439931,13.269599],[-16.439931,13.276435],[-16.410512,13.275865],[-16.396799,13.277899],[-16.384633,13.283881],[-16.374745,13.263861],[-16.363271,13.268297],[-16.34968,13.282172],[-16.333404,13.290107],[-16.314809,13.295559],[-16.277943,13.319485],[-16.257965,13.324897],[-16.230133,13.316392],[-16.225901,13.296576],[-16.230214,13.273627],[-16.22761,13.256008],[-16.209706,13.251166],[-16.185455,13.258287],[-16.151275,13.276435],[-16.151275,13.283881],[-16.162262,13.282701],[-16.172515,13.279283],[-16.181752,13.273749],[-16.189809,13.265937],[-16.19929,13.259101],[-16.203521,13.26496],[-16.208079,13.292385],[-16.208608,13.303534],[-16.210764,13.3133],[-16.21703,13.317369],[-16.222035,13.31977],[-16.22525,13.325832],[-16.227122,13.333686],[-16.22761,13.341946],[-16.224436,13.360297],[-16.216217,13.372748],[-16.176178,13.405422],[-16.168691,13.413316],[-16.165517,13.423814],[-16.161204,13.428697],[-16.151438,13.426947],[-16.135121,13.420478],[-15.994862,13.413031],[-15.941314,13.425442],[-15.922231,13.427232],[-15.911285,13.426703],[-15.905629,13.425767],[-15.900624,13.425523],[-15.891225,13.427232],[-15.883778,13.430406],[-15.878407,13.434801],[-15.874379,13.43887],[-15.871327,13.440904],[-15.849517,13.442206],[-15.785024,13.43476],[-15.764475,13.436916],[-15.706207,13.454576],[-15.696767,13.459866],[-15.678049,13.473049],[-15.668691,13.475735],[-15.658925,13.472398],[-15.644683,13.457913],[-15.634918,13.454576],[-15.620839,13.45482],[-15.610422,13.456448],[-15.600901,13.460435],[-15.589589,13.468248],[-15.580922,13.478176],[-15.565053,13.502509],[-15.555409,13.509223],[-15.543446,13.50967],[-15.530995,13.505845],[-15.519643,13.499661],[-15.510732,13.492743],[-15.500396,13.488186],[-15.489654,13.489936],[-15.47936,13.493964],[-15.470041,13.496161],[-15.45108,13.490912],[-15.438873,13.478583],[-15.429433,13.464748],[-15.418853,13.454576],[-15.384429,13.443508],[-15.340566,13.440823],[-15.304799,13.455308],[-15.294749,13.496161],[-15.299957,13.496161],[-15.30191,13.496161],[-15.302154,13.496161],[-15.304067,13.481147],[-15.311391,13.467841],[-15.321848,13.458238],[-15.332875,13.454576],[-15.351674,13.456732],[-15.385976,13.466132],[-15.401479,13.468248],[-15.415761,13.473212],[-15.43224,13.484768],[-15.456451,13.50609],[-15.46524,13.510159],[-15.47411,13.508531],[-15.482818,13.505032],[-15.490834,13.502997],[-15.499867,13.505113],[-15.507558,13.509833],[-15.51358,13.514553],[-15.517893,13.516669],[-15.531728,13.519761],[-15.54304,13.525539],[-15.556142,13.528306],[-15.575836,13.522895],[-15.586008,13.515041],[-15.600697,13.49551],[-15.610666,13.489325],[-15.627756,13.488511],[-15.654652,13.500963],[-15.672109,13.502997],[-15.690175,13.498969],[-15.734202,13.475735],[-15.769887,13.465074],[-16.09024,13.440497],[-16.121897,13.451606],[-16.141591,13.454576],[-16.16039,13.450588],[-16.178456,13.440985],[-16.206532,13.420478],[-16.248443,13.378974],[-16.257965,13.372016],[-16.265614,13.36872],[-16.27302,13.362616],[-16.280588,13.359768],[-16.289133,13.365871],[-16.289703,13.373236],[-16.286733,13.383612],[-16.284901,13.395331],[-16.289133,13.406806],[-16.30602,13.391669],[-16.308095,13.383368],[-16.302113,13.372016],[-16.312123,13.366929],[-16.316396,13.365871],[-16.316396,13.359036],[-16.311635,13.357611],[-16.306996,13.35456],[-16.302113,13.352769],[-16.321889,13.342841],[-16.355946,13.337958],[-16.390533,13.336859],[-16.411977,13.338528],[-16.489491,13.357123],[-16.52184,13.359036],[-16.515777,13.367865],[-16.503529,13.392564],[-16.501332,13.403062],[-16.503529,13.416938],[-16.513417,13.436754],[-16.515696,13.444322],[-16.519765,13.451321],[-16.538197,13.46483],[-16.544504,13.475898],[-16.554433,13.481838],[-16.556549,13.485582],[-16.556549,13.50609],[-16.548004,13.548082],[-16.549143,13.56387],[-16.554799,13.577053],[-16.561399,13.586914],[-16.498756,13.586665],[-16.436641,13.586459],[-16.374577,13.5862],[-16.312462,13.585994],[-16.250295,13.585735],[-16.188232,13.585528],[-16.126117,13.58527],[-16.085383,13.585168],[-16.064054,13.585115],[-16.001938,13.584908],[-15.939772,13.58465],[-15.877708,13.584443],[-15.815593,13.584185],[-15.753426,13.583978],[-15.691363,13.58372],[-15.629196,13.583513],[-15.567133,13.583255],[-15.518195,13.5831],[-15.502486,13.588267],[-15.50047,13.627981],[-15.49803,13.641522],[-15.496801,13.648341],[-15.488946,13.670329],[-15.478611,13.691258],[-15.467501,13.708286],[-15.43634,13.741178],[-15.394069,13.771512],[-15.347766,13.788643],[-15.304462,13.781873],[-15.295108,13.773191],[-15.27573,13.748051],[-15.267255,13.741798],[-15.245964,13.746733],[-15.17062,13.793784],[-15.097704,13.819984],[-15.07631,13.818951],[-15.016779,13.796885],[-14.915803,13.792441],[-14.879268,13.780581],[-14.860314,13.765595],[-14.843973,13.752676],[-14.831312,13.735623],[-14.822372,13.7172],[-14.802942,13.65232],[-14.796017,13.644698],[-14.754934,13.620384],[-14.74093,13.615449],[-14.728579,13.619325],[-14.667188,13.652889],[-14.626674,13.663508],[-14.585539,13.660459],[-14.542596,13.640822],[-14.523243,13.625655],[-14.50973,13.609093],[-14.500221,13.589973],[-14.486863,13.546539],[-14.480378,13.533129],[-14.470275,13.522354],[-14.462135,13.516656],[-14.389582,13.465872],[-14.365553,13.454839],[-14.347285,13.452358],[-14.329947,13.456441],[-14.271217,13.476956],[-14.215794,13.510753],[-14.196829,13.518788],[-14.139132,13.531552],[-14.092882,13.554729],[-14.072599,13.55969],[-14.06185,13.560052],[-14.044461,13.558605],[-14.034022,13.560207],[-14.022266,13.565323],[-14.001905,13.577028],[-13.988495,13.579146],[-13.967489,13.575581],[-13.94209,13.566925],[-13.918086,13.554988],[-13.901343,13.541629],[-13.896175,13.532922],[-13.889793,13.513957],[-13.8846,13.505533],[-13.882504,13.503782],[-13.875479,13.497911],[-13.852793,13.484811],[-13.84269,13.476646],[-13.818713,13.429362],[-13.822562,13.378203],[-13.851036,13.33575],[-13.900568,13.314563],[-13.976119,13.308207],[-14.016272,13.297639],[-14.056579,13.297174],[-14.099496,13.281955],[-14.116808,13.282162],[-14.131794,13.275573],[-14.179827,13.240123],[-14.201687,13.229555],[-14.230625,13.228574],[-14.284911,13.238547],[-14.341781,13.233638],[-14.368834,13.235705],[-14.394982,13.242965],[-14.43144,13.26144],[-14.442034,13.268545],[-14.45149,13.276865],[-14.459139,13.286916],[-14.470326,13.298259],[-14.483633,13.301928],[-14.515104,13.303168],[-14.529574,13.307277],[-14.542854,13.314666],[-14.552109,13.323094],[-14.580733,13.34916],[-14.592154,13.35314],[-14.624555,13.345181],[-14.661607,13.340918],[-14.698142,13.345181],[-14.731577,13.359005],[-14.759482,13.38337],[-14.779636,13.410888],[-14.790333,13.417348],[-14.810797,13.421172],[-14.829142,13.427011],[-14.862576,13.447061],[-14.877614,13.451376],[-14.915907,13.454425],[-14.949703,13.463081],[-15.015074,13.495741],[-15.015229,13.495844],[-15.015435,13.495999],[-15.01559,13.496051],[-15.065251,13.531268],[-15.110158,13.57248],[-15.13765,13.589973],[-15.160491,13.580981],[-15.181331,13.559843],[-15.203951,13.536901],[-15.217955,13.51468],[-15.221728,13.452823],[-15.227774,13.425176],[-15.248341,13.398977],[-15.277073,13.380296],[-15.309836,13.368436],[-15.342392,13.36257],[-15.379237,13.362519],[-15.488326,13.385256],[-15.519539,13.3866],[-15.542948,13.377996],[-15.566048,13.365671],[-15.596123,13.355827],[-15.612453,13.354225],[-15.679891,13.360658],[-15.6925,13.360348],[-15.737407,13.346344],[-15.807118,13.339781],[-15.818694,13.333528],[-15.822673,13.319421],[-15.824367,13.248512],[-15.82474,13.232914],[-15.8266,13.161678],[-15.833318,13.156847],[-15.870784,13.157157],[-15.897441,13.157399],[-15.961734,13.157984],[-16.092062,13.15912],[-16.313289,13.161084],[-16.465218,13.162428],[-16.630014,13.1639],[-16.673525,13.164314],[-16.708407,13.156692],[-16.723186,13.132249],[-16.726339,13.122637],[-16.742152,13.107392],[-16.748508,13.099227],[-16.752125,13.088039],[-16.753651,13.065009]]]}},{"type":"Feature","properties":{"name":"Grenada","iso3":"GRD"},"geometry":{"type":"MultiPolygon","coordinates":[[[[-61.612945,12.214423],[-61.604563,12.197455],[-61.602773,12.182929],[-61.606313,12.133775],[-61.608713,12.126776],[-61.613108,12.119859],[-61.619781,12.10456],[-61.619456,12.096747],[-61.61384,12.08039],[-61.616363,12.077297],[-61.621571,12.074937],[-61.624501,12.069037],[-61.625722,12.061225],[-61.626047,12.053046],[-61.631581,12.044094],[-61.674428,12.02204],[-61.674428,12.029486],[-61.682973,12.025377],[-61.689361,12.019761],[-61.69343,12.012274],[-61.694936,12.002834],[-61.704254,12.004543],[-61.713246,12.00727],[-61.72175,12.011054],[-61.729644,12.015815],[-61.73998,12.006903],[-61.756947,12.003404],[-61.775543,12.00434],[-61.790517,12.008368],[-61.755849,12.03026],[-61.749501,12.036322],[-61.745961,12.05093],[-61.74885,12.062649],[-61.753774,12.074164],[-61.756418,12.087836],[-61.751047,12.110093],[-61.730295,12.149319],[-61.729644,12.166653],[-61.671457,12.23607],[-61.650502,12.239732],[-61.627675,12.236721],[-61.606028,12.223375],[-61.606679,12.220282],[-61.612945,12.214423]]],[[[-61.428049,12.454657],[-61.445668,12.459784],[-61.462554,12.455146],[-61.479237,12.446723],[-61.496246,12.440375],[-61.492787,12.446479],[-61.486073,12.462226],[-61.482655,12.468329],[-61.485748,12.468817],[-61.496246,12.468329],[-61.494781,12.472317],[-61.488881,12.482001],[-61.467275,12.475572],[-61.454335,12.492825],[-61.443471,12.516547],[-61.428049,12.529731],[-61.42162,12.513373],[-61.423329,12.495185],[-61.427398,12.475409],[-61.428049,12.454657]]]]}},{"type":"Feature","properties":{"name":"Kiribati","iso3":"KIR"},"geometry":{"type":"MultiPolygon","coordinates":[[[[173.038259,1.341051],[173.024425,1.336615],[173.018077,1.335924],[173.011241,1.337348],[173.059581,1.359768],[173.084727,1.366685],[173.151541,1.371812],[173.160655,1.374945],[173.143321,1.380316],[173.153168,1.386542],[173.164317,1.383246],[173.171723,1.374172],[173.171397,1.362372],[173.162934,1.356513],[173.150645,1.356431],[173.126475,1.36107],[173.104503,1.361965],[173.078624,1.360012],[173.054454,1.353583],[173.038259,1.341051]]],[[[-151.807729,-11.385919],[-151.797922,-11.401462],[-151.784495,-11.429376],[-151.780955,-11.454685],[-151.800893,-11.461114],[-151.812489,-11.443536],[-151.819529,-11.420994],[-151.818918,-11.399672],[-151.807729,-11.385919]]],[[[-155.899322,-5.616795],[-155.879628,-5.60947],[-155.865061,-5.615167],[-155.859812,-5.625095],[-155.867991,-5.630304],[-155.906443,-5.635349],[-155.922475,-5.629978],[-155.933461,-5.609145],[-155.923899,-5.608087],[-155.914988,-5.609063],[-155.906809,-5.611993],[-155.899322,-5.616795]]],[[[-155.011708,-4.047052],[-154.96227,-4.032159],[-154.940297,-4.031996],[-154.946604,-4.053155],[-154.953603,-4.060724],[-154.958567,-4.071222],[-154.959218,-4.083185],[-154.953359,-4.094822],[-154.964792,-4.094985],[-154.977528,-4.078709],[-154.990915,-4.074314],[-154.998484,-4.070001],[-155.010813,-4.060642],[-155.018422,-4.051202],[-155.011708,-4.047052]]],[[[-171.677805,-2.833185],[-171.707875,-2.825128],[-171.712107,-2.823012],[-171.712717,-2.822198],[-171.693186,-2.828302],[-171.664011,-2.835382],[-171.65807,-2.838556],[-171.652821,-2.843194],[-171.651601,-2.844578],[-171.633249,-2.862074],[-171.633127,-2.862074],[-171.630808,-2.858575],[-171.62975,-2.857599],[-171.628489,-2.857029],[-171.626943,-2.855727],[-171.627309,-2.851902],[-171.653879,-2.805922],[-171.666697,-2.793145],[-171.6787,-2.784926],[-171.697458,-2.775323],[-171.714589,-2.772882],[-171.721913,-2.78631],[-171.727854,-2.778416],[-171.72761,-2.771905],[-171.722768,-2.765802],[-171.715077,-2.759047],[-171.680287,-2.775811],[-171.649851,-2.797296],[-171.629628,-2.827244],[-171.625681,-2.847182],[-171.62446,-2.856134],[-171.625722,-2.86891],[-171.639353,-2.862074],[-171.648427,-2.849786],[-171.660105,-2.840509],[-171.674143,-2.834161],[-171.677805,-2.833185]]],[[[176.786143,-2.608168],[176.813162,-2.614435],[176.838227,-2.633884],[176.850922,-2.654067],[176.840668,-2.662774],[176.827322,-2.656183],[176.772309,-2.608168],[176.778982,-2.605157],[176.782237,-2.604913],[176.786143,-2.608168]]],[[[175.9817,-2.505955],[175.976817,-2.497817],[175.973155,-2.489679],[175.979991,-2.493585],[175.985118,-2.498305],[175.989268,-2.503839],[175.993175,-2.510349],[175.989431,-2.510919],[175.98699,-2.509861],[175.984711,-2.507908],[175.9817,-2.505955]]],[[[175.591482,-1.8742],[175.599946,-1.895115],[175.586274,-1.922459],[175.583263,-1.911065],[175.586274,-1.870782],[175.576182,-1.856052],[175.559093,-1.832289],[175.552257,-1.819268],[175.559581,-1.826104],[175.591482,-1.8742]]],[[[175.058767,-1.436293],[175.066661,-1.461033],[175.068614,-1.497003],[175.060557,-1.531671],[175.038259,-1.552423],[175.012543,-1.549249],[175.008474,-1.526788],[175.020844,-1.499933],[175.045095,-1.484145],[175.045095,-1.490981],[175.036143,-1.497166],[175.02589,-1.507257],[175.018565,-1.519627],[175.018321,-1.531915],[175.028005,-1.541192],[175.037852,-1.535252],[175.045665,-1.524184],[175.048839,-1.518243],[175.058279,-1.506768],[175.058849,-1.480564],[175.051768,-1.452732],[175.038259,-1.436293],[175.045095,-1.428888],[175.048106,-1.432794],[175.051117,-1.434503],[175.058767,-1.436293]]],[[[176.409353,-1.332696],[176.426443,-1.347101],[176.444835,-1.373793],[176.459321,-1.405857],[176.464041,-1.436293],[176.44988,-1.425388],[176.442149,-1.408787],[176.436778,-1.390395],[176.429861,-1.374282],[176.41033,-1.350356],[176.401134,-1.336358],[176.395681,-1.319594],[176.402354,-1.320489],[176.405447,-1.3235],[176.409353,-1.332696]]],[[[176.009288,-1.334242],[176.023448,-1.362888],[176.018321,-1.387872],[176.011974,-1.38128],[176.002778,-1.375584],[175.983572,-1.367446],[175.983572,-1.36061],[175.993175,-1.362563],[176.018321,-1.374282],[176.014903,-1.356541],[176.006358,-1.342706],[175.983572,-1.319594],[175.965831,-1.29518],[175.955903,-1.286554],[175.943126,-1.284845],[175.944347,-1.289321],[175.945567,-1.292169],[175.949392,-1.298517],[175.937022,-1.293064],[175.942149,-1.284845],[175.958018,-1.280206],[175.977306,-1.284845],[175.989268,-1.306817],[176.009288,-1.334242]]],[[[174.765147,-1.202895],[174.772716,-1.247735],[174.778819,-1.264418],[174.75587,-1.257501],[174.748302,-1.237481],[174.750743,-1.199477],[174.746755,-1.185968],[174.716645,-1.134698],[174.725352,-1.135512],[174.731619,-1.137953],[174.737478,-1.142267],[174.743988,-1.14837],[174.747569,-1.166111],[174.765147,-1.202895]]],[[[174.476573,-0.709568],[174.47934,-0.720392],[174.490733,-0.747166],[174.498383,-0.789158],[174.497976,-0.795831],[174.497895,-0.796482],[174.497325,-0.805108],[174.483409,-0.819431],[174.473888,-0.812758],[174.469737,-0.806736],[174.472341,-0.801853],[174.483409,-0.798923],[174.48113,-0.80462],[174.480805,-0.805759],[174.481944,-0.806817],[174.483409,-0.812595],[174.497569,-0.796889],[174.497732,-0.796319],[174.497732,-0.794773],[174.493907,-0.775486],[174.476573,-0.74033],[174.462901,-0.648126],[174.476573,-0.669122],[174.476573,-0.709568]]],[[[174.438731,-0.627618],[174.447113,-0.630792],[174.458669,-0.637872],[174.463634,-0.644789],[174.452647,-0.648126],[174.437185,-0.640802],[174.391612,-0.605645],[174.38087,-0.592869],[174.393891,-0.592869],[174.402599,-0.602227],[174.429942,-0.623468],[174.438731,-0.627618]]],[[[173.620616,0.133368],[173.609874,0.143052],[173.614513,0.155097],[173.634125,0.174018],[173.638357,0.195217],[173.6338,0.200873],[173.623302,0.207994],[173.606212,0.215969],[173.628673,0.219143],[173.636485,0.216742],[173.641124,0.208441],[173.641368,0.200019],[173.640798,0.192125],[173.637543,0.1765],[173.620616,0.133368]]],[[[173.832286,0.448676],[173.89088,0.418402],[173.917247,0.399482],[173.921641,0.379788],[173.867686,0.419582],[173.832042,0.436347],[173.804942,0.434394],[173.808767,0.441596],[173.813243,0.446926],[173.818614,0.451321],[173.82545,0.455512],[173.832286,0.448676]]],[[[172.987153,0.832343],[172.988943,0.833197],[172.990245,0.83397],[172.990001,0.830268],[172.989757,0.82803],[172.990001,0.825426],[172.986339,0.829169],[172.983409,0.831285],[172.987153,0.832343]]],[[[172.977794,0.83633],[172.979503,0.834215],[172.982432,0.831163],[172.97934,0.830756],[172.975352,0.831692],[172.972179,0.83454],[172.969412,0.839667],[172.975759,0.839667],[172.977794,0.83633]]],[[[173.075938,0.965888],[173.079926,0.960395],[173.079275,0.945217],[173.061209,0.914211],[173.049815,0.904202],[173.011241,0.854153],[172.990977,0.834418],[172.996593,0.845038],[173.013682,0.860338],[173.022716,0.882717],[173.046641,0.901516],[173.055919,0.92772],[173.064138,0.9383],[173.0713,0.949897],[173.071788,0.962592],[173.062266,0.975165],[173.044932,0.987779],[173.025564,0.998033],[173.009776,1.003607],[173.009532,1.00023],[173.009776,0.989936],[173.003673,0.989936],[173.003429,1.00141],[173.000499,1.010647],[172.995616,1.018052],[172.990001,1.024075],[173.003673,1.024075],[173.014659,1.008857],[173.064952,0.976264],[173.075938,0.965888]]],[[[172.983165,1.531195],[172.978282,1.531195],[172.975352,1.532945],[172.972992,1.53559],[172.969412,1.537991],[172.963145,1.560248],[172.959158,1.609687],[172.948985,1.627346],[172.962901,1.620592],[172.972341,1.590237],[172.983165,1.531195]]],[[[173.036143,1.777167],[173.038341,1.742377],[173.029307,1.716295],[173.003673,1.709296],[172.996349,1.710679],[172.993175,1.712063],[172.990001,1.715522],[173.023774,1.721096],[173.035492,1.743557],[173.033376,1.774319],[173.024669,1.804877],[173.02589,1.806138],[173.026622,1.807522],[173.02711,1.808905],[173.027354,1.810452],[173.036143,1.777167]]],[[[172.980317,1.882025],[173.020274,1.82807],[173.023448,1.821438],[172.975759,1.873765],[172.961436,1.899644],[172.955089,1.907945],[172.938487,1.923163],[172.933604,1.931464],[172.934744,1.942694],[172.941742,1.926947],[172.969412,1.90705],[172.975759,1.89765],[172.980317,1.882025]]],[[[-157.190989,1.763902],[-157.179392,1.753892],[-157.174631,1.733791],[-157.178782,1.718492],[-157.194081,1.722968],[-157.203074,1.717475],[-157.213246,1.712795],[-157.22411,1.709703],[-157.235056,1.709296],[-157.246409,1.713324],[-157.254628,1.720282],[-157.260854,1.726874],[-157.271189,1.732978],[-157.281565,1.747056],[-157.286855,1.75023],[-157.309275,1.751899],[-157.410593,1.781928],[-157.448964,1.800238],[-157.482655,1.825385],[-157.508616,1.849595],[-157.528269,1.862494],[-157.537302,1.856676],[-157.546824,1.856431],[-157.566029,1.863756],[-157.581166,1.880316],[-157.578236,1.907945],[-157.572336,1.912787],[-157.543528,1.929023],[-157.530141,1.930569],[-157.52123,1.92768],[-157.517568,1.923651],[-157.519887,1.921576],[-157.532826,1.916083],[-157.545359,1.90233],[-157.549509,1.884467],[-157.537302,1.86636],[-157.526926,1.864814],[-157.513051,1.866604],[-157.500925,1.865871],[-157.495717,1.856676],[-157.490671,1.850165],[-157.478831,1.847968],[-157.454783,1.847073],[-157.434682,1.838528],[-157.428538,1.838568],[-157.437367,1.850165],[-157.447947,1.857489],[-157.458608,1.862128],[-157.468088,1.868354],[-157.475209,1.880601],[-157.462351,1.876288],[-157.45165,1.87641],[-157.44579,1.883734],[-157.447336,1.901109],[-157.436594,1.893866],[-157.432485,1.883734],[-157.430002,1.872789],[-157.423695,1.863227],[-157.411977,1.858466],[-157.407948,1.866156],[-157.410024,1.879381],[-157.424428,1.901842],[-157.426381,1.912055],[-157.424387,1.92121],[-157.419993,1.929023],[-157.408315,1.921454],[-157.403147,1.924221],[-157.406321,1.942694],[-157.394724,1.935736],[-157.393992,1.926744],[-157.395863,1.916978],[-157.392079,1.907945],[-157.382069,1.902167],[-157.377187,1.90526],[-157.373972,1.911363],[-157.36384,1.917385],[-157.358469,1.923896],[-157.354115,1.93183],[-157.352366,1.938951],[-157.355051,1.947659],[-157.361684,1.951483],[-157.379628,1.955715],[-157.408884,1.969306],[-157.445302,1.994371],[-157.451039,1.997301],[-157.455393,2.002997],[-157.466298,2.013332],[-157.477528,2.018134],[-157.482655,2.007229],[-157.487904,2.000556],[-157.498891,2.002183],[-157.508412,2.010688],[-157.509389,2.024604],[-157.496287,2.03441],[-157.474599,2.033352],[-157.423818,2.020453],[-157.385854,1.990465],[-157.321848,1.972113],[-157.310129,1.97309],[-157.311391,1.962592],[-157.315053,1.952786],[-157.320668,1.945502],[-157.336171,1.939114],[-157.340443,1.930243],[-157.344919,1.907945],[-157.347727,1.860785],[-157.325429,1.835842],[-157.289784,1.818752],[-157.252431,1.795315],[-157.238393,1.783637],[-157.222971,1.773586],[-157.206899,1.766547],[-157.190989,1.763902]]],[[[172.750336,3.031968],[172.771495,3.023871],[172.788259,3.029039],[172.802257,3.041693],[172.814626,3.05622],[172.829112,3.064276],[172.868012,3.067776],[172.886974,3.072943],[172.886892,3.066392],[172.885753,3.061916],[172.880138,3.052476],[172.844412,3.059801],[172.812266,3.040473],[172.786469,3.016913],[172.770274,3.011461],[172.763357,3.014594],[172.757579,3.019029],[172.753429,3.024807],[172.750336,3.031968]]],[[[172.962087,3.141832],[172.967052,3.135403],[172.968272,3.132392],[172.969412,3.12816],[172.947032,3.123033],[172.89975,3.100246],[172.886974,3.100246],[172.944184,3.127387],[172.962087,3.141832]]],[[[-159.284535,3.874823],[-159.277903,3.866441],[-159.266428,3.845364],[-159.253285,3.828681],[-159.249989,3.81977],[-159.252634,3.810045],[-159.263417,3.79914],[-159.283762,3.790188],[-159.308705,3.784654],[-159.333445,3.786444],[-159.352854,3.79914],[-159.360789,3.819403],[-159.342763,3.819566],[-159.294789,3.805976],[-159.285227,3.811428],[-159.283884,3.82392],[-159.28718,3.837836],[-159.291371,3.847602],[-159.299672,3.854641],[-159.325144,3.865302],[-159.335439,3.871487],[-159.34203,3.881496],[-159.347849,3.902777],[-159.352854,3.909003],[-159.36616,3.911444],[-159.378245,3.907172],[-159.387888,3.898749],[-159.393788,3.888577],[-159.367136,3.840155],[-159.410024,3.862047],[-159.406321,3.902574],[-159.37682,3.933295],[-159.342275,3.925767],[-159.33137,3.910712],[-159.326772,3.90119],[-159.3249,3.891669],[-159.319895,3.879096],[-159.308095,3.876451],[-159.294667,3.877265],[-159.284535,3.874823]]],[[[-172.222768,-4.50628],[-172.214711,-4.517348],[-172.202016,-4.520685],[-172.187693,-4.518487],[-172.174387,-4.513116],[-172.20344,-4.532159],[-172.227162,-4.518731],[-172.229604,-4.497328],[-172.20047,-4.493422],[-172.201609,-4.49627],[-172.201039,-4.500095],[-172.206858,-4.501072],[-172.222768,-4.50628]]],[[[-174.506418,-4.689142],[-174.500681,-4.694268],[-174.501536,-4.697361],[-174.512156,-4.69199],[-174.521555,-4.683852],[-174.516713,-4.684259],[-174.506418,-4.689142]]],[[[-174.529286,-4.682712],[-174.527903,-4.683526],[-174.527659,-4.683852],[-174.533884,-4.680759],[-174.541737,-4.672784],[-174.54011,-4.672052],[-174.535878,-4.677504],[-174.529286,-4.682712]]],[[[-174.500844,-4.691095],[-174.513987,-4.676202],[-174.528269,-4.667413],[-174.538075,-4.665216],[-174.543406,-4.660252],[-174.538401,-4.656508],[-174.524403,-4.664483],[-174.501536,-4.687677],[-174.500844,-4.691095]]],[[[-171.259958,-4.444106],[-171.244985,-4.441339],[-171.233876,-4.448989],[-171.230051,-4.460545],[-171.236521,-4.46852],[-171.249582,-4.469822],[-171.259633,-4.465265],[-171.264027,-4.456313],[-171.259958,-4.444106]]],[[[-171.093577,-3.131443],[-171.090037,-3.120864],[-171.085439,-3.111261],[-171.083119,-3.129978],[-171.08727,-3.143162],[-171.092478,-3.14544],[-171.093577,-3.131443]]],[[[169.53891,-0.874607],[169.535492,-0.872003],[169.533702,-0.871515],[169.530284,-0.871515],[169.527599,-0.872491],[169.525076,-0.870864],[169.523204,-0.868259],[169.522146,-0.865004],[169.522634,-0.860528],[169.52296,-0.859308],[169.523774,-0.856622],[169.52475,-0.854669],[169.525076,-0.853774],[169.527599,-0.850844],[169.532481,-0.849542],[169.536388,-0.847914],[169.540701,-0.847914],[169.545177,-0.847914],[169.549083,-0.851821],[169.552257,-0.854181],[169.554454,-0.856052],[169.555919,-0.859145],[169.555919,-0.859796],[169.555675,-0.860772],[169.555349,-0.863377],[169.555349,-0.866143],[169.554454,-0.869317],[169.553477,-0.872247],[169.552501,-0.873793],[169.550548,-0.875584],[169.548106,-0.876886],[169.545258,-0.877211],[169.543142,-0.878025],[169.54127,-0.877618],[169.54005,-0.876642],[169.53891,-0.874607]]],[[[173.289724,2.03384],[173.28712,2.03856],[173.284679,2.040269],[173.281586,2.041815],[173.277029,2.044379],[173.270518,2.045559],[173.266124,2.04385],[173.264659,2.03677],[173.266938,2.020413],[173.268565,2.01142],[173.266775,2.004299],[173.262706,1.997463],[173.257823,1.997016],[173.258067,1.997626],[173.259288,2.000881],[173.260265,2.007229],[173.260509,2.012844],[173.26002,2.018785],[173.257498,2.028469],[173.258067,2.034003],[173.259613,2.043402],[173.262055,2.049872],[173.264659,2.055162],[173.268565,2.059312],[173.273611,2.059556],[173.278005,2.058661],[173.282888,2.056342],[173.289073,2.05036],[173.293468,2.043443],[173.293712,2.042304],[173.295909,2.033637],[173.29835,2.013983],[173.305431,1.993313],[173.309418,1.98432],[173.312511,1.982082],[173.315684,1.979967],[173.31837,1.976996],[173.318044,1.974026],[173.317882,1.970771],[173.315929,1.96776],[173.312999,1.965522],[173.31072,1.964179],[173.308849,1.963121],[173.304454,1.961575],[173.297374,1.961575],[173.284841,1.963772],[173.269216,1.967719],[173.260265,1.971137],[173.257498,1.974595],[173.25587,1.985663],[173.256196,1.989976],[173.258474,1.992825],[173.261485,1.993232],[173.263031,1.9914],[173.263927,1.988471],[173.26352,1.983588],[173.263927,1.978013],[173.271658,1.97484],[173.289317,1.970038],[173.293712,1.969143],[173.301524,1.968695],[173.304698,1.96955],[173.305919,1.969875],[173.307872,1.973293],[173.306814,1.976467],[173.305919,1.980699],[173.300792,1.985663],[173.297374,1.989895],[173.297618,1.991441],[173.296723,1.99372],[173.296153,1.997016],[173.293712,2.005439],[173.291515,2.015123],[173.29184,2.019477],[173.291515,2.026679],[173.289724,2.03384]]],[[[-160.41039,4.709174],[-160.416615,4.717108],[-160.411814,4.721625],[-160.401194,4.72309],[-160.390004,4.721015],[-160.378896,4.713284],[-160.382761,4.706977],[-160.395375,4.704779],[-160.41039,4.709174]]]]}},{"type":"Feature","properties":{"name":"Liechtenstein","iso3":"LIE"},"geometry":{"type":"Polygon","coordinates":[[[9.521155,47.262801],[9.53025,47.253654],[9.547096,47.243035],[9.540378,47.229108],[9.544823,47.220323],[9.554331,47.211615],[9.562909,47.19774],[9.561876,47.190609],[9.551954,47.175571],[9.552057,47.16689],[9.581823,47.154901],[9.605594,47.132266],[9.615723,47.106764],[9.608798,47.080771],[9.581203,47.05687],[9.560636,47.0524],[9.499554,47.059351],[9.477023,47.063898],[9.475886,47.073226],[9.487565,47.083949],[9.502861,47.094698],[9.51237,47.10803],[9.511853,47.129372],[9.503481,47.145392],[9.492629,47.15981],[9.484981,47.176346],[9.487358,47.210014],[9.504618,47.243732],[9.521155,47.262801]]]}},{"type":"Feature","properties":{"name":"Maldives","iso3":"MDV"},"geometry":{"type":"MultiPolygon","coordinates":[[[[73.163097,-0.681817],[73.172537,-0.688572],[73.165863,-0.688409],[73.163585,-0.686619],[73.163097,-0.681817]]],[[[73.204112,-0.671157],[73.201182,-0.675063],[73.199229,-0.678643],[73.196462,-0.681329],[73.191417,-0.682794],[73.192231,-0.677179],[73.19516,-0.674493],[73.204112,-0.671157]]],[[[73.124278,-0.656183],[73.126964,-0.666274],[73.123871,-0.664727],[73.123302,-0.66253],[73.123871,-0.659763],[73.124278,-0.656183]]],[[[73.240001,-0.625584],[73.227306,-0.642836],[73.226817,-0.632582],[73.229991,-0.623305],[73.234874,-0.619399],[73.240001,-0.625584]]],[[[73.246755,-0.588637],[73.24464,-0.607192],[73.238292,-0.600356],[73.236339,-0.59238],[73.239024,-0.584405],[73.247325,-0.577895],[73.248383,-0.580824],[73.247813,-0.583185],[73.246837,-0.585545],[73.246755,-0.588637]]],[[[73.435069,-0.283624],[73.443044,-0.292739],[73.445079,-0.29754],[73.444509,-0.304295],[73.437999,-0.298598],[73.435232,-0.293634],[73.434581,-0.288751],[73.435069,-0.283624]]],[[[73.09547,0.228013],[73.098888,0.224921],[73.10255,0.222805],[73.10434,0.219631],[73.102957,0.213528],[73.102875,0.213446],[73.098888,0.216376],[73.09783,0.218777],[73.097423,0.219713],[73.097341,0.220242],[73.09669,0.2237],[73.09547,0.228013]]],[[[73.208995,0.239976],[73.217459,0.237738],[73.217377,0.237698],[73.212657,0.232082],[73.210948,0.232164],[73.210297,0.235663],[73.208995,0.239976]]],[[[73.036794,0.269924],[73.036794,0.26968],[73.040375,0.259467],[73.040375,0.259345],[73.036143,0.260932],[73.035818,0.262071],[73.035411,0.26317],[73.035818,0.264675],[73.036306,0.266181],[73.036306,0.266506],[73.036794,0.269924]]],[[[73.379161,0.285224],[73.37908,0.285183],[73.36964,0.280015],[73.371104,0.285956],[73.373709,0.286933],[73.376394,0.286078],[73.379161,0.285224]]],[[[72.983653,0.305243],[72.984874,0.303412],[72.987071,0.302802],[72.987722,0.302232],[72.988129,0.301907],[72.986013,0.299628],[72.986013,0.299547],[72.981212,0.302069],[72.980968,0.303616],[72.983653,0.305243]]],[[[73.513438,0.387763],[73.513357,0.387681],[73.508637,0.380683],[73.508556,0.380561],[73.50644,0.385037],[73.50587,0.386176],[73.506602,0.387763],[73.509776,0.387437],[73.513438,0.387763]]],[[[72.958344,0.403306],[72.958425,0.403144],[72.961111,0.394273],[72.961192,0.394029],[72.957774,0.396796],[72.957205,0.399156],[72.958018,0.401353],[72.958344,0.403306]]],[[[72.940929,0.496283],[72.940603,0.487291],[72.937022,0.491441],[72.937022,0.493638],[72.940929,0.496283]]],[[[73.491954,0.508002],[73.492035,0.507799],[73.49464,0.498969],[73.490408,0.500678],[73.489757,0.50259],[73.490977,0.50495],[73.491954,0.508002]]],[[[73.387869,0.64175],[73.387218,0.639106],[73.387218,0.636786],[73.386729,0.635403],[73.386567,0.635403],[73.384776,0.635565],[73.383556,0.638902],[73.384288,0.640326],[73.386404,0.640815],[73.387869,0.64175]]],[[[73.373057,0.763088],[73.372406,0.760443],[73.372406,0.758124],[73.371837,0.756578],[73.370942,0.756822],[73.369965,0.757025],[73.368826,0.760443],[73.369802,0.761664],[73.369884,0.761705],[73.370779,0.761949],[73.371593,0.762152],[73.373057,0.763088]]],[[[73.353852,0.847724],[73.353852,0.847561],[73.353282,0.845608],[73.353201,0.845282],[73.353201,0.843207],[73.353038,0.842393],[73.352875,0.841539],[73.352061,0.841132],[73.351166,0.840684],[73.351085,0.840644],[73.349783,0.844062],[73.350434,0.845689],[73.352306,0.846625],[73.353852,0.847724]]],[[[72.831391,3.510565],[72.831554,3.510403],[72.832693,3.508246],[72.834727,3.506781],[72.835134,3.505439],[72.835053,3.505439],[72.831065,3.503567],[72.828054,3.505439],[72.827973,3.505439],[72.828624,3.506781],[72.830414,3.508246],[72.831391,3.510565]]],[[[72.793712,3.516913],[72.793793,3.51675],[72.79477,3.515326],[72.795177,3.514635],[72.797618,3.513129],[72.798839,3.511949],[72.796397,3.510891],[72.791189,3.510891],[72.790782,3.51203],[72.790782,3.512112],[72.792735,3.514228],[72.793712,3.516913]]],[[[72.928396,3.551907],[72.911794,3.541734],[72.911632,3.541653],[72.915701,3.548977],[72.919932,3.552151],[72.924327,3.552476],[72.928396,3.551907]]],[[[72.941905,3.618842],[72.943126,3.616645],[72.944428,3.615709],[72.94516,3.615139],[72.945567,3.613715],[72.94158,3.611884],[72.938487,3.613715],[72.938975,3.615139],[72.940684,3.616645],[72.941905,3.618842]]],[[[72.692556,3.726955],[72.692556,3.726752],[72.694021,3.723334],[72.696462,3.721015],[72.697439,3.718817],[72.697358,3.718817],[72.694591,3.714993],[72.692475,3.716295],[72.689708,3.717963],[72.689708,3.720852],[72.69158,3.723578],[72.692556,3.726955]]],[[[73.477306,3.942125],[73.477143,3.942003],[73.469981,3.935126],[73.46754,3.933661],[73.469249,3.936957],[73.471528,3.938707],[73.477306,3.942125]]],[[[72.703136,4.003323],[72.703624,4.000922],[72.704763,3.999905],[72.705577,3.999213],[72.706228,3.99844],[72.706716,3.997952],[72.706635,3.997911],[72.7046,3.996405],[72.699474,3.998114],[72.699392,3.998196],[72.699148,3.999335],[72.699067,3.999498],[72.701182,4.000922],[72.703136,4.003323]]],[[[73.508149,4.103583],[73.508311,4.093411],[73.508311,4.093329],[73.504568,4.096584],[73.502452,4.098538],[73.502289,4.100775],[73.505219,4.101996],[73.508149,4.103583]]],[[[72.97047,4.265937],[72.970632,4.265815],[72.972504,4.264146],[72.974376,4.263251],[72.975597,4.262356],[72.975759,4.260403],[72.972504,4.260403],[72.971528,4.261623],[72.971446,4.263577],[72.97047,4.265937]]],[[[73.70281,4.434719],[73.700857,4.432278],[73.697602,4.431464],[73.697439,4.431383],[73.70281,4.434719]]],[[[73.70281,4.45303],[73.702647,4.452908],[73.69988,4.449164],[73.699962,4.451646],[73.70281,4.45303]]],[[[73.37672,4.474433],[73.377289,4.465277],[73.373871,4.466986],[73.373871,4.468817],[73.373871,4.468899],[73.375255,4.471177],[73.37672,4.474433]]],[[[73.404959,4.634996],[73.404959,4.634752],[73.404959,4.632229],[73.405528,4.62995],[73.405284,4.628404],[73.403005,4.627427],[73.401215,4.629828],[73.401866,4.631334],[73.403575,4.632758],[73.404959,4.634996]]],[[[73.490489,4.723375],[73.490408,4.720608],[73.490977,4.718288],[73.490733,4.716742],[73.488455,4.715969],[73.487966,4.716539],[73.486664,4.718207],[73.487315,4.719794],[73.489024,4.721177],[73.490489,4.723375]]],[[[72.97934,4.895453],[72.97934,4.895372],[72.969656,4.880723],[72.969493,4.88052],[72.970063,4.890367],[72.972667,4.894355],[72.976085,4.895168],[72.97934,4.895453]]],[[[72.917491,4.898586],[72.922862,4.899075],[72.922699,4.898993],[72.920909,4.897854],[72.917654,4.898505],[72.917491,4.898586]]],[[[73.447276,4.97134],[73.436534,4.969875],[73.438975,4.974555],[73.441173,4.974921],[73.443858,4.973049],[73.447276,4.97134]]],[[[72.912852,5.034084],[72.909434,5.030788],[72.90919,5.030585],[72.910167,5.032701],[72.912852,5.034084]]],[[[72.927745,5.036526],[72.927664,5.036282],[72.927175,5.034247],[72.927094,5.033922],[72.92571,5.033474],[72.924408,5.033067],[72.924327,5.033026],[72.927745,5.036526]]],[[[73.04477,5.121812],[73.04477,5.121649],[73.043468,5.118842],[73.04127,5.118394],[73.04477,5.121812]]],[[[73.049083,5.133287],[73.049164,5.133165],[73.049978,5.130357],[73.051443,5.128079],[73.051443,5.126654],[73.047618,5.12637],[73.045258,5.128892],[73.046072,5.130276],[73.047862,5.131293],[73.049083,5.133287]]],[[[73.091319,5.161363],[73.090994,5.158515],[73.087901,5.157986],[73.087738,5.157945],[73.091319,5.161363]]],[[[73.103852,5.173041],[73.104177,5.172919],[73.106944,5.17178],[73.110525,5.170315],[73.110199,5.170356],[73.107107,5.170966],[73.103852,5.173041]]],[[[72.860118,5.237942],[72.860037,5.23782],[72.859223,5.2355],[72.856863,5.234565],[72.856619,5.234442],[72.860118,5.237942]]],[[[73.131847,5.244574],[73.131847,5.242499],[73.128429,5.241156],[73.131847,5.244574]]],[[[73.499766,5.246894],[73.499685,5.246812],[73.497325,5.245063],[73.497244,5.245022],[73.493826,5.245998],[73.499766,5.246894]]],[[[73.593598,5.282701],[73.582856,5.27558],[73.577647,5.274563],[73.57016,5.276679],[73.569998,5.27676],[73.575938,5.279934],[73.582042,5.281806],[73.587901,5.28262],[73.593598,5.282701]]],[[[73.112804,5.29857],[73.112641,5.298448],[73.109223,5.295152],[73.109223,5.296698],[73.112804,5.29857]]],[[[73.470225,5.307766],[73.470144,5.307725],[73.464366,5.306871],[73.464203,5.30683],[73.467052,5.308336],[73.467133,5.308336],[73.468435,5.308092],[73.470225,5.307766]]],[[[73.629568,5.332831],[73.629405,5.33275],[73.627208,5.331122],[73.623302,5.331855],[73.629568,5.332831]]],[[[73.646658,5.343248],[73.646495,5.343248],[73.640066,5.34219],[73.639903,5.34219],[73.643403,5.34394],[73.646658,5.343248]]],[[[72.953136,5.352769],[72.952403,5.350084],[72.949555,5.349311],[72.953136,5.352769]]],[[[73.397472,5.362209],[73.397553,5.362006],[73.398692,5.359605],[73.400645,5.357652],[73.401215,5.356147],[73.399425,5.355455],[73.396169,5.357123],[73.396007,5.358466],[73.397146,5.360175],[73.397472,5.362209]]],[[[73.323253,5.368232],[73.32488,5.366767],[73.324962,5.366767],[73.327891,5.367011],[73.327973,5.367011],[73.328217,5.367011],[73.330089,5.366848],[73.328868,5.364244],[73.319347,5.362942],[73.319184,5.362942],[73.317719,5.36579],[73.319184,5.366645],[73.322032,5.366889],[73.323253,5.368232]]],[[[73.350759,5.42768],[73.3449,5.426825],[73.344574,5.426744],[73.347504,5.428778],[73.350759,5.42768]]],[[[73.537446,5.451402],[73.534923,5.449856],[73.531261,5.450426],[73.537446,5.451402]]],[[[73.362966,5.46308],[73.362966,5.462795],[73.363129,5.459377],[73.360932,5.457953],[73.360688,5.457831],[73.362966,5.46308]]],[[[72.943126,5.467597],[72.943044,5.467475],[72.94158,5.465562],[72.941091,5.463568],[72.940278,5.462144],[72.938243,5.461493],[72.937022,5.465522],[72.938162,5.466702],[72.940603,5.466783],[72.943126,5.467597]]],[[[73.01588,5.492865],[73.014334,5.490912],[73.013845,5.488918],[73.013031,5.487454],[73.011078,5.486843],[73.010997,5.486802],[73.009939,5.49022],[73.009776,5.490912],[73.010916,5.492133],[73.013194,5.492133],[73.01588,5.492865]]],[[[73.462413,5.543606],[73.459321,5.541734],[73.456472,5.542629],[73.456309,5.54267],[73.462413,5.543606]]],[[[73.005626,5.713324],[73.003754,5.711127],[73.003184,5.708726],[73.002289,5.707099],[72.999766,5.706977],[72.99879,5.711982],[73.000173,5.713202],[73.000255,5.713202],[73.000824,5.713121],[73.002778,5.712836],[73.005626,5.713324]]],[[[72.949392,6.349799],[72.949392,6.349677],[72.950938,6.347724],[72.951182,6.347602],[72.952973,6.346625],[72.95338,6.346259],[72.953949,6.345608],[72.953136,6.343492],[72.948497,6.344428],[72.947765,6.345933],[72.948985,6.348049],[72.949392,6.349799]]],[[[72.892589,6.452094],[72.894216,6.449937],[72.896169,6.448879],[72.896902,6.448188],[72.897227,6.447903],[72.897227,6.447821],[72.896332,6.445787],[72.891775,6.446723],[72.891612,6.447008],[72.89088,6.448228],[72.8921,6.450263],[72.892589,6.452094]]],[[[73.097504,-0.599705],[73.104991,-0.606541],[73.111583,-0.61712],[73.116384,-0.629571],[73.118663,-0.64129],[73.111176,-0.64129],[73.0949,-0.604669],[73.091156,-0.586033],[73.104991,-0.579197],[73.104991,-0.586602],[73.098806,-0.587172],[73.09783,-0.59002],[73.098643,-0.594334],[73.098643,-0.594415],[73.097504,-0.599705]]],[[[73.365001,1.791083],[73.365164,1.791042],[73.375824,1.78856],[73.370453,1.782538],[73.368256,1.782945],[73.368175,1.782945],[73.366954,1.786689],[73.365001,1.791083]]],[[[73.400238,1.806342],[73.40032,1.806138],[73.401215,1.801703],[73.403087,1.798],[73.40211,1.7956],[73.400564,1.795437],[73.394379,1.794745],[73.394786,1.798651],[73.394786,1.798774],[73.395193,1.799343],[73.396658,1.801418],[73.398936,1.803534],[73.400238,1.806342]]],[[[73.452647,1.826809],[73.463634,1.826321],[73.456716,1.82038],[73.454112,1.820543],[73.45338,1.823717],[73.452647,1.826809]]],[[[73.518077,1.842719],[73.510834,1.836941],[73.499197,1.827786],[73.499197,1.827704],[73.49879,1.828111],[73.498546,1.828437],[73.498057,1.828803],[73.497813,1.82925],[73.500092,1.832058],[73.502289,1.834906],[73.507335,1.838365],[73.517914,1.842678],[73.518077,1.842719]]],[[[73.536469,1.870103],[73.536306,1.869737],[73.53297,1.86164],[73.5324,1.860093],[73.531505,1.863511],[73.5324,1.865668],[73.533051,1.86636],[73.534353,1.86758],[73.536469,1.870103]]],[[[73.25172,1.892401],[73.243663,1.888739],[73.243988,1.89411],[73.245616,1.894843],[73.247406,1.893988],[73.248302,1.893541],[73.25172,1.892401]]],[[[73.553071,1.93244],[73.548839,1.911363],[73.545665,1.901557],[73.541189,1.89289],[73.540863,1.892401],[73.549815,1.924994],[73.553071,1.93244]]],[[[73.550059,1.976386],[73.549815,1.965684],[73.549815,1.965522],[73.547699,1.968329],[73.547862,1.970608],[73.550059,1.976386]]],[[[73.317231,1.9914],[73.319835,1.989203],[73.322602,1.987982],[73.323253,1.986477],[73.31837,1.9831],[73.31544,1.985053],[73.315766,1.986802],[73.317149,1.988837],[73.317231,1.9914]]],[[[73.5442,2.026597],[73.542979,2.022162],[73.540375,2.022528],[73.540294,2.022528],[73.542247,2.024563],[73.5442,2.026597]]],[[[73.386974,2.033026],[73.386974,2.028632],[73.386241,2.030341],[73.386974,2.033026]]],[[[73.555675,2.082506],[73.551443,2.072577],[73.551443,2.072414],[73.550466,2.075873],[73.55128,2.07807],[73.553233,2.079901],[73.555675,2.082506]]],[[[73.567638,2.109931],[73.585378,2.109605],[73.58546,2.109605],[73.583507,2.10814],[73.580414,2.10578],[73.567719,2.097805],[73.561778,2.094713],[73.561778,2.098782],[73.562999,2.102362],[73.567638,2.109931]]],[[[73.043712,2.166449],[73.041352,2.1647],[73.039806,2.164618],[73.038259,2.164537],[73.038422,2.164618],[73.043712,2.166449]]],[[[73.103852,2.186591],[73.103852,2.18651],[73.102875,2.184394],[73.102875,2.182115],[73.102306,2.180976],[73.099457,2.181952],[73.098888,2.184638],[73.099783,2.185533],[73.101736,2.185696],[73.103852,2.186591]]],[[[73.115489,2.199693],[73.116873,2.197659],[73.12086,2.191799],[73.115001,2.191799],[73.113943,2.193508],[73.114919,2.196438],[73.115489,2.199693]]],[[[72.948416,2.274888],[72.946381,2.272406],[72.9463,2.272366],[72.943126,2.273017],[72.948416,2.274888]]],[[[72.926117,2.32746],[72.927013,2.316067],[72.922537,2.319566],[72.922374,2.322089],[72.924327,2.324449],[72.926117,2.32746]]],[[[73.344005,2.348049],[73.343923,2.347439],[73.343598,2.344184],[73.342296,2.342393],[73.342052,2.342108],[73.344005,2.348049]]],[[[73.354259,2.437201],[73.361339,2.424709],[73.365326,2.413886],[73.366222,2.411526],[73.367035,2.398017],[73.362641,2.385118],[73.362559,2.384914],[73.353852,2.429023],[73.354259,2.437201]]],[[[73.314789,2.505805],[73.315196,2.494127],[73.315196,2.494045],[73.313731,2.495185],[73.311778,2.496772],[73.311778,2.496894],[73.311534,2.499254],[73.313243,2.502102],[73.314789,2.505805]]],[[[73.145518,2.55329],[73.143809,2.55036],[73.141124,2.55036],[73.140961,2.55036],[73.145518,2.55329]]],[[[72.900076,2.682196],[72.902599,2.680976],[72.905284,2.680813],[72.906423,2.679674],[72.90447,2.675727],[72.901134,2.676174],[72.900564,2.677558],[72.900727,2.679755],[72.900076,2.682196]]],[[[72.872569,2.694159],[72.873709,2.683661],[72.873709,2.68358],[72.867361,2.686672],[72.866954,2.688951],[72.869802,2.69123],[72.872569,2.694159]]],[[[73.022309,2.741685],[73.032237,2.745103],[73.032237,2.745022],[73.028005,2.738227],[73.025401,2.737616],[73.02239,2.741645],[73.022309,2.741685]]],[[[73.353526,2.778266],[73.352712,2.775702],[73.353526,2.773627],[73.353526,2.771918],[73.351492,2.770738],[73.35141,2.770697],[73.348481,2.775377],[73.349294,2.777167],[73.351573,2.777533],[73.353526,2.778266]]],[[[73.399262,2.785712],[73.390636,2.775377],[73.391856,2.78148],[73.394379,2.784329],[73.397472,2.785305],[73.399262,2.785712]]],[[[73.548595,2.892727],[73.548757,2.892605],[73.550141,2.891343],[73.551036,2.890611],[73.549083,2.888129],[73.549083,2.888739],[73.548595,2.892727]]],[[[73.360362,2.903876],[73.361013,2.901516],[73.362315,2.899726],[73.362804,2.898383],[73.36085,2.897569],[73.360688,2.897528],[73.35727,2.899807],[73.35727,2.90119],[73.359141,2.902289],[73.360362,2.903876]]],[[[73.008474,2.953315],[73.014903,2.947414],[73.010427,2.945258],[73.009939,2.945705],[73.009044,2.946438],[73.009044,2.949449],[73.009044,2.94953],[73.008474,2.953315]]],[[[73.56422,2.954739],[73.56422,2.954617],[73.562022,2.946112],[73.56129,2.948472],[73.561778,2.950385],[73.56422,2.954739]]],[[[73.585948,2.961615],[73.585867,2.961534],[73.577485,2.951158],[73.578461,2.957343],[73.581309,2.96015],[73.584158,2.961249],[73.585948,2.961615]]],[[[72.870128,2.969184],[72.870128,2.969062],[72.867686,2.960883],[72.865082,2.958157],[72.864919,2.960883],[72.870128,2.969184]]],[[[72.901622,3.083808],[72.902843,3.081855],[72.904145,3.081488],[72.904796,3.081285],[72.906016,3.08039],[72.90447,3.077379],[72.899913,3.07685],[72.899425,3.078192],[72.900727,3.080634],[72.901622,3.083808]]],[[[73.613048,3.106757],[73.612559,3.102973],[73.608409,3.100409],[73.613048,3.106757]]],[[[72.977875,3.110175],[72.978038,3.110053],[72.979177,3.108059],[72.981293,3.106635],[72.981781,3.105048],[72.978201,3.102729],[72.975108,3.104193],[72.975352,3.105699],[72.976899,3.107652],[72.977875,3.110175]]],[[[73.042247,3.205471],[73.043468,3.203518],[73.043549,3.203477],[73.045665,3.202867],[73.046886,3.202053],[73.045095,3.19892],[73.040701,3.198472],[73.040212,3.199774],[73.041352,3.202297],[73.042247,3.205471]]],[[[73.031749,3.252997],[73.03183,3.252875],[73.033214,3.250881],[73.035167,3.249335],[73.035655,3.247789],[73.031993,3.245551],[73.031749,3.245673],[73.028982,3.246894],[73.029307,3.24844],[73.030772,3.250474],[73.031749,3.252997]]],[[[72.833263,3.312486],[72.834483,3.310533],[72.836681,3.310004],[72.837087,3.309638],[72.837657,3.309068],[72.836111,3.305976],[72.831554,3.305609],[72.831391,3.305609],[72.831228,3.30683],[72.832367,3.309312],[72.833263,3.312486]]],[[[73.516368,3.361233],[73.516531,3.36107],[73.517426,3.360297],[73.518809,3.359117],[73.518891,3.358873],[73.519135,3.356594],[73.519216,3.356391],[73.516368,3.361233]]],[[[73.747569,3.451117],[73.747732,3.450995],[73.753103,3.446438],[73.753184,3.446357],[73.751231,3.44713],[73.748546,3.448188],[73.748383,3.448635],[73.747569,3.451117]]],[[[73.50587,3.501207],[73.508474,3.496568],[73.508556,3.496487],[73.506196,3.497626],[73.506114,3.497707],[73.50587,3.501207]]],[[[72.952403,3.733832],[72.953787,3.731635],[72.955821,3.730129],[72.955821,3.728705],[72.951996,3.726874],[72.948985,3.728583],[72.949392,3.730048],[72.951182,3.731513],[72.952403,3.733832]]],[[[72.945811,3.772121],[72.947113,3.769843],[72.948578,3.768785],[72.949067,3.768378],[72.949392,3.766995],[72.945323,3.765204],[72.944916,3.765448],[72.942393,3.766954],[72.942882,3.768378],[72.944672,3.769843],[72.945811,3.772121]]],[[[72.944591,3.836859],[72.945811,3.834662],[72.946625,3.834011],[72.947765,3.833075],[72.94809,3.831692],[72.944102,3.829901],[72.941173,3.831692],[72.941661,3.833075],[72.94337,3.834662],[72.944591,3.836859]]],[[[73.437266,3.846625],[73.435232,3.844916],[73.433442,3.842719],[73.432302,3.841742],[73.431488,3.843695],[73.432465,3.846829],[73.43393,3.847398],[73.43572,3.846829],[73.437266,3.846625]]],[[[73.443533,3.920559],[73.443451,3.920478],[73.443044,3.918769],[73.438487,3.916612],[73.438162,3.916449],[73.443533,3.920559]]],[[[73.345063,3.944729],[73.3449,3.944566],[73.341482,3.942043],[73.341482,3.943101],[73.345063,3.944729]]],[[[73.422618,4.118354],[73.422537,4.118191],[73.421397,4.11636],[73.419119,4.115749],[73.418956,4.115709],[73.422618,4.118354]]],[[[73.546197,4.243039],[73.552883,4.236799],[73.551992,4.22833],[73.549317,4.212284],[73.538174,4.183312],[73.526585,4.171278],[73.510891,4.162087],[73.486916,4.164146],[73.476665,4.168603],[73.431201,4.184649],[73.432093,4.189998],[73.512015,4.186301],[73.520533,4.191123],[73.52614,4.207827],[73.533271,4.231004],[73.546197,4.243039]]],[[[72.94516,4.266303],[72.958669,4.262519],[72.958588,4.262519],[72.954438,4.261501],[72.954356,4.261461],[72.951182,4.262356],[72.94516,4.266303]]],[[[73.595876,4.342271],[73.595714,4.34219],[73.592459,4.340155],[73.589366,4.340562],[73.589122,4.340562],[73.595876,4.342271]]],[[[73.611501,4.363105],[73.611501,4.362942],[73.611339,4.360297],[73.61199,4.3581],[73.611827,4.356513],[73.609548,4.355618],[73.607677,4.3581],[73.608246,4.359442],[73.609874,4.360826],[73.611501,4.363105]]],[[[73.63795,4.370551],[73.637869,4.370429],[73.637055,4.368069],[73.637462,4.365627],[73.637462,4.365465],[73.637055,4.364],[73.635753,4.364244],[73.6338,4.364651],[73.633637,4.364691],[73.631684,4.368476],[73.632986,4.369534],[73.635427,4.369574],[73.63795,4.370551]]],[[[73.667979,4.3935],[73.667817,4.390692],[73.668468,4.388495],[73.668305,4.386868],[73.666189,4.385932],[73.664317,4.388332],[73.664887,4.389797],[73.666515,4.391303],[73.667979,4.3935]]],[[[72.957042,4.4383],[72.956065,4.422105],[72.948904,4.422919],[72.947113,4.423082],[72.94337,4.431586],[72.957042,4.4383]]],[[[73.553559,4.62051],[73.553559,4.620266],[73.553477,4.617662],[73.554047,4.615465],[73.553884,4.613918],[73.551606,4.612982],[73.550955,4.613837],[73.549815,4.615383],[73.550466,4.616848],[73.552013,4.618232],[73.553559,4.62051]]],[[[73.629568,5.418524],[73.634532,5.410956],[73.636729,5.402899],[73.635916,5.394477],[73.632498,5.386257],[73.632498,5.386054],[73.627778,5.413275],[73.629568,5.418524]]],[[[73.005626,5.463202],[73.005544,5.463121],[73.004161,5.461412],[73.002615,5.457587],[73.000987,5.456244],[72.999034,5.461005],[72.999034,5.461086],[73.000011,5.46247],[73.002778,5.46247],[73.005626,5.463202]]],[[[72.883962,5.494086],[72.882498,5.492011],[72.881847,5.490058],[72.881114,5.488471],[72.879161,5.48786],[72.877696,5.492092],[72.878754,5.49315],[72.881196,5.493232],[72.883962,5.494086]]],[[[73.019054,5.617825],[73.018972,5.617662],[73.017345,5.615709],[73.016856,5.613756],[73.016124,5.61225],[73.014171,5.611599],[73.014008,5.611558],[73.012869,5.615709],[73.013927,5.616889],[73.016449,5.616889],[73.019054,5.617825]]],[[[73.014659,5.676988],[73.013194,5.675035],[73.012462,5.673],[73.011892,5.671536],[73.009776,5.670844],[73.008556,5.675035],[73.009776,5.676093],[73.012055,5.676256],[73.014659,5.676988]]],[[[73.392833,5.737698],[73.392426,5.736802],[73.380707,5.714586],[73.380626,5.714748],[73.379893,5.715033],[73.379812,5.715074],[73.379568,5.715155],[73.382579,5.722113],[73.392833,5.737698]]],[[[72.986827,5.770738],[72.98585,5.76557],[72.982839,5.762559],[72.982758,5.762519],[72.986827,5.770738]]],[[[73.382335,5.794989],[73.382335,5.794745],[73.38266,5.791693],[73.384288,5.789252],[73.384532,5.787014],[73.384532,5.786933],[73.380707,5.784125],[73.376801,5.78734],[73.377696,5.789537],[73.380219,5.791693],[73.382335,5.794989]]],[[[72.976573,5.813625],[72.976573,5.813544],[72.975108,5.804551],[72.975108,5.804429],[72.972423,5.807034],[72.970958,5.808417],[72.971039,5.810452],[72.973806,5.811713],[72.976573,5.813625]]],[[[73.44988,5.840766],[73.449799,5.840725],[73.433767,5.830878],[73.433442,5.830715],[73.438975,5.838284],[73.443126,5.841254],[73.446544,5.841498],[73.44988,5.840766]]],[[[72.963634,5.864325],[72.963715,5.86404],[72.966482,5.850287],[72.962657,5.853461],[72.961925,5.856676],[72.963634,5.864325]]],[[[73.429047,5.911363],[73.429047,5.9112],[73.428477,5.908596],[73.428477,5.908515],[73.428477,5.906195],[73.428477,5.904446],[73.42628,5.903266],[73.423188,5.906887],[73.424083,5.908433],[73.426606,5.909491],[73.429047,5.911363]]],[[[72.931651,5.969062],[72.930186,5.956936],[72.925792,5.963284],[72.926443,5.966295],[72.931651,5.969062]]],[[[73.389822,5.970282],[73.395333,5.957802],[73.386729,5.961982],[73.384532,5.964748],[73.389822,5.970282]]],[[[72.915701,5.98135],[72.915619,5.981269],[72.913829,5.979641],[72.913422,5.977362],[72.912852,5.976304],[72.911388,5.977078],[72.909841,5.977932],[72.909679,5.982123],[72.910899,5.982733],[72.913097,5.981635],[72.915701,5.98135]]],[[[73.250743,6.083401],[73.250662,6.083279],[73.249034,6.079535],[73.245453,6.079779],[73.250743,6.083401]]],[[[73.252126,6.111233],[73.251964,6.111151],[73.247244,6.107978],[73.246837,6.107733],[73.248871,6.110175],[73.252126,6.111233]]],[[[73.22047,6.132066],[73.220388,6.131985],[73.219005,6.129299],[73.21518,6.128567],[73.22047,6.132066]]],[[[73.270274,6.156928],[73.270193,6.156806],[73.268809,6.154486],[73.268077,6.152411],[73.267263,6.150946],[73.26531,6.150662],[73.265147,6.150621],[73.265391,6.153551],[73.266612,6.154853],[73.26824,6.155585],[73.270274,6.156928]]],[[[73.219086,6.172349],[73.218923,6.172268],[73.214041,6.168769],[73.215831,6.17121],[73.219086,6.172349]]],[[[73.270844,6.189439],[73.270844,6.189358],[73.268077,6.178697],[73.265391,6.182766],[73.265961,6.185004],[73.268403,6.186835],[73.270844,6.189439]]],[[[73.03419,6.222357],[73.034028,6.222235],[73.029145,6.21898],[73.028982,6.218817],[73.030447,6.221015],[73.03419,6.222357]]],[[[73.24171,6.239691],[73.242198,6.236477],[73.243663,6.234036],[73.243907,6.231635],[73.240245,6.228949],[73.236339,6.232123],[73.237071,6.23428],[73.239757,6.236477],[73.24171,6.239691]]],[[[73.128429,6.286851],[73.12615,6.284003],[73.123057,6.283352],[73.122895,6.283352],[73.128429,6.286851]]],[[[73.21518,6.294827],[73.21518,6.294664],[73.213064,6.289211],[73.209158,6.286689],[73.208751,6.286444],[73.209321,6.286851],[73.21518,6.294827]]],[[[73.083344,6.30858],[73.083263,6.308458],[73.081391,6.305609],[73.078461,6.305121],[73.078136,6.30508],[73.083344,6.30858]]],[[[73.197032,6.32746],[73.197113,6.327297],[73.198253,6.324693],[73.199311,6.324205],[73.200369,6.323717],[73.201915,6.32217],[73.20102,6.318264],[73.195079,6.319648],[73.194998,6.319932],[73.194184,6.321601],[73.195974,6.324286],[73.197032,6.32746]]],[[[73.124522,6.332506],[73.124197,6.332261],[73.11964,6.329169],[73.119314,6.328925],[73.120942,6.331041],[73.124522,6.332506]]],[[[73.187266,6.350775],[73.184906,6.349066],[73.183604,6.347317],[73.18214,6.34634],[73.180186,6.347113],[73.181,6.34984],[73.182628,6.350491],[73.184825,6.350328],[73.187266,6.350775]]],[[[73.020518,6.368964],[73.021821,6.366767],[73.023936,6.365871],[73.024913,6.364814],[73.024181,6.362698],[73.019298,6.363593],[73.018728,6.36522],[73.019867,6.367174],[73.020518,6.368964]]],[[[72.690929,6.411607],[72.690847,6.411566],[72.688813,6.409735],[72.687185,6.407416],[72.685883,6.40648],[72.684825,6.408393],[72.685883,6.411607],[72.687511,6.412258],[72.689138,6.411607],[72.690929,6.411607]]],[[[72.902843,6.440172],[72.90447,6.437974],[72.906423,6.436916],[72.906912,6.436428],[72.907481,6.43594],[72.907481,6.435858],[72.906586,6.433824],[72.902029,6.43476],[72.901866,6.435045],[72.901134,6.436347],[72.902192,6.4383],[72.902843,6.440172]]],[[[73.048813,6.441342],[73.046235,6.436265],[73.043305,6.433865],[73.043142,6.433702],[73.048813,6.441342]]],[[[72.962087,6.559027],[72.959972,6.557522],[72.958995,6.555487],[72.958018,6.554348],[72.955821,6.555325],[72.956798,6.560004],[72.958344,6.560696],[72.958425,6.560655],[72.960216,6.559516],[72.962087,6.559027]]],[[[72.924001,6.565253],[72.925548,6.563056],[72.927501,6.562079],[72.928722,6.561103],[72.927745,6.558905],[72.923106,6.559882],[72.922537,6.56151],[72.923513,6.563381],[72.924001,6.565253]]],[[[73.029959,6.582343],[73.029877,6.58218],[73.02947,6.579657],[73.030121,6.577541],[73.030365,6.576117],[73.030447,6.576077],[73.028168,6.575181],[73.027354,6.576483],[73.025564,6.57925],[73.026134,6.580797],[73.028331,6.581366],[73.029959,6.582343]]],[[[73.04477,6.621894],[73.042654,6.620347],[73.041515,6.618354],[73.040701,6.617174],[73.038422,6.61815],[73.039399,6.62287],[73.041026,6.623603],[73.041108,6.623562],[73.042979,6.622504],[73.04477,6.621894]]],[[[73.069509,6.667955],[73.061778,6.660956],[73.062266,6.666897],[73.064138,6.668402],[73.066661,6.668118],[73.069509,6.667955]]],[[[73.105968,6.709947],[73.103526,6.705878],[73.102306,6.702338],[73.100434,6.699774],[73.095958,6.698472],[73.095876,6.698432],[73.09669,6.706122],[73.099294,6.70893],[73.105968,6.709947]]],[[[73.036632,6.759711],[73.036632,6.75963],[73.036143,6.757107],[73.036225,6.756781],[73.036794,6.755072],[73.036876,6.753485],[73.034679,6.75259],[73.033865,6.753852],[73.031993,6.756578],[73.032888,6.758246],[73.034841,6.758734],[73.036632,6.759711]]],[[[72.918468,6.763983],[72.916515,6.762437],[72.915375,6.760443],[72.914317,6.759223],[72.912364,6.760077],[72.912283,6.760159],[72.913259,6.764879],[72.914887,6.76557],[72.916759,6.764472],[72.918468,6.763983]]],[[[73.159516,6.786526],[73.164236,6.787055],[73.165538,6.785712],[73.165538,6.785631],[73.165538,6.783149],[73.166515,6.780341],[73.152843,6.749213],[73.144786,6.735541],[73.131847,6.725165],[73.131684,6.725043],[73.135997,6.741197],[73.152517,6.768215],[73.159516,6.786526]]],[[[73.181651,6.830512],[73.197276,6.828111],[73.189464,6.822821],[73.183767,6.821112],[73.180837,6.823432],[73.181651,6.830512]]],[[[72.995779,6.841498],[72.995697,6.841457],[72.993663,6.839911],[72.992442,6.837877],[72.991547,6.836737],[72.989513,6.837592],[72.989431,6.837633],[72.990245,6.842434],[72.992035,6.843004],[72.993907,6.841986],[72.995779,6.841498]]],[[[73.144379,6.843411],[73.142263,6.841864],[73.141287,6.839911],[73.14031,6.83869],[73.138031,6.839667],[73.139008,6.844428],[73.140636,6.845038],[73.142589,6.84394],[73.144379,6.843411]]],[[[72.976085,6.852851],[72.975597,6.850287],[72.976248,6.848131],[72.976248,6.848049],[72.976329,6.846666],[72.974213,6.845852],[72.974132,6.845852],[72.971528,6.849758],[72.972341,6.851386],[72.974376,6.851996],[72.976085,6.852851]]],[[[73.098155,6.8522],[73.098074,6.852118],[73.096039,6.850572],[73.095063,6.8487],[73.094005,6.847561],[73.092784,6.847968],[73.091807,6.848334],[73.092947,6.853095],[73.094493,6.853827],[73.096365,6.852769],[73.096446,6.852729],[73.098155,6.8522]]],[[[72.964692,6.860663],[72.962657,6.859198],[72.961436,6.857327],[72.960623,6.856065],[72.958751,6.856838],[72.958507,6.85696],[72.958344,6.857001],[72.959239,6.86164],[72.961111,6.862454],[72.962901,6.861314],[72.964692,6.860663]]],[[[73.106212,6.896674],[73.105724,6.894029],[73.106293,6.891913],[73.106537,6.89053],[73.106619,6.890448],[73.10434,6.889553],[73.101736,6.893541],[73.102306,6.895209],[73.104503,6.895738],[73.106212,6.896674]]],[[[73.214041,6.918606],[73.214041,6.918524],[73.213064,6.904608],[73.208751,6.891099],[73.203949,6.884955],[73.20102,6.893134],[73.201915,6.902248],[73.204926,6.91177],[73.209158,6.91828],[73.214041,6.918606]]],[[[72.925955,6.957424],[72.925955,6.957017],[72.92628,6.953803],[72.924585,6.951704],[72.925955,6.957424]]],[[[73.198497,6.97134],[73.194672,6.951239],[73.193858,6.950995],[73.19337,6.950995],[73.193207,6.950995],[73.193044,6.951077],[73.192556,6.951239],[73.191905,6.951646],[73.191173,6.96133],[73.191905,6.967597],[73.194102,6.970893],[73.198497,6.97134]]],[[[72.891938,6.991034],[72.891938,6.987698],[72.890554,6.98546],[72.890473,6.985419],[72.891938,6.991034]]],[[[72.979747,7.027737],[72.979747,7.027533],[72.981456,7.013983],[72.977306,7.019029],[72.977224,7.02261],[72.977224,7.022691],[72.979747,7.027737]]],[[[72.949962,7.056545],[72.949962,7.056423],[72.948497,7.050849],[72.947765,7.0539],[72.949962,7.056545]]],[[[72.912852,7.092719],[72.912852,7.092597],[72.911876,7.083197],[72.906423,7.089016],[72.906586,7.09101],[72.909679,7.09162],[72.912852,7.092719]]],[[[72.8838,7.107245],[72.884532,7.105699],[72.884532,7.103705],[72.882498,7.10163],[72.8838,7.107245]]]]}},{"type":"Feature","properties":{"name":"Marshall Islands","iso3":"MHL"},"geometry":{"type":"MultiPolygon","coordinates":[[[[168.101085,5.599311],[168.101329,5.599595],[168.10727,5.597235],[168.115245,5.595404],[168.121104,5.597357],[168.125662,5.605699],[168.127615,5.614244],[168.127289,5.622789],[168.124522,5.631049],[168.132009,5.618557],[168.12794,5.60163],[168.116222,5.591376],[168.101085,5.599311]]],[[[171.72462,6.101711],[171.728526,6.097642],[171.732432,6.092108],[171.743175,6.083197],[171.745128,6.079128],[171.738455,6.079169],[171.728201,6.079291],[171.72283,6.083441],[171.72169,6.090969],[171.72462,6.101711]]],[[[171.909679,7.098782],[171.917735,7.105129],[171.921886,7.111762],[171.921235,7.118476],[171.915375,7.125149],[171.928884,7.118313],[171.923839,7.104397],[171.908946,7.092271],[171.8921,7.090806],[171.896007,7.093899],[171.900238,7.095771],[171.909679,7.098782]]],[[[168.685395,4.573798],[168.735037,4.590522],[168.744314,4.598619],[168.768077,4.629055],[168.758474,4.604641],[168.741384,4.585842],[168.716807,4.574774],[168.685395,4.573798]]],[[[169.590343,5.80093],[169.610118,5.811916],[169.617524,5.818264],[169.623546,5.827297],[169.629649,5.840155],[169.638682,5.870347],[169.645193,5.917141],[169.655528,5.942857],[169.676036,5.961005],[169.700206,5.97602],[169.718598,5.993109],[169.734548,6.013129],[169.721446,5.97663],[169.665212,5.938788],[169.652517,5.899848],[169.647797,5.870022],[169.63502,5.829047],[169.615245,5.798774],[169.590343,5.80093]]],[[[172.029796,6.054145],[172.008311,6.05622],[171.984141,6.051703],[171.962413,6.051825],[171.948416,6.067776],[171.950531,6.066596],[171.956798,6.064154],[171.966482,6.061998],[171.996104,6.060981],[172.029796,6.054145]]],[[[171.756684,6.972113],[171.730317,6.975572],[171.688731,7.006578],[171.660411,7.013088],[171.613943,7.00609],[171.592621,7.015286],[171.577322,7.047187],[171.58725,7.034084],[171.597992,7.024726],[171.611176,7.019924],[171.676117,7.022854],[171.689464,7.019924],[171.73406,6.984687],[171.756684,6.972113]]],[[[171.393565,7.109931],[171.366873,7.094468],[171.293468,7.083686],[171.263194,7.067694],[171.235199,7.067694],[171.202159,7.072455],[171.060883,7.135403],[171.035655,7.155097],[171.050304,7.170722],[171.050548,7.161038],[171.052257,7.154853],[171.05714,7.143459],[171.22641,7.075751],[171.237478,7.075914],[171.263357,7.080797],[171.284841,7.088324],[171.393565,7.109931]]],[[[168.757823,7.307929],[168.830089,7.307929],[168.815278,7.292467],[168.791515,7.293402],[168.746104,7.304185],[168.695811,7.313381],[168.675059,7.320868],[168.67921,7.335191],[168.694021,7.321763],[168.716319,7.315375],[168.738292,7.309068],[168.757823,7.307929]]],[[[168.576834,7.40412],[168.563975,7.412746],[168.555186,7.430325],[168.553722,7.449856],[168.562511,7.464342],[168.566417,7.450995],[168.57252,7.417792],[168.576834,7.40412]]],[[[166.904145,11.172919],[166.894216,11.155178],[166.875255,11.144965],[166.853363,11.145413],[166.835785,11.159247],[166.871837,11.162299],[166.904145,11.172919]]],[[[169.114513,5.638129],[169.116466,5.649237],[169.120616,5.647406],[169.114513,5.638129]]],[[[171.792247,7.054999],[171.794444,7.057766],[171.795909,7.060207],[171.797862,7.061916],[171.800955,7.06269],[171.794444,7.04975],[171.785981,7.038235],[171.77589,7.028144],[171.764171,7.019517],[171.770193,7.028876],[171.792247,7.054999]]],[[[168.965587,7.574652],[168.967621,7.580634],[168.96811,7.584499],[168.962087,7.591702],[168.951345,7.595689],[168.938487,7.596381],[168.944102,7.59809],[168.951834,7.599189],[168.959646,7.598578],[168.965587,7.595364],[168.969249,7.586737],[168.969737,7.583889],[168.969249,7.578681],[168.968598,7.571234],[168.965587,7.574652]]],[[[167.401703,8.317816],[167.407725,8.307278],[167.399669,8.310777],[167.401703,8.317816]]],[[[167.731619,8.724595],[167.730724,8.730373],[167.730317,8.735256],[167.733084,8.739691],[167.740245,8.743842],[167.741547,8.737698],[167.740001,8.733222],[167.731619,8.724595]]],[[[170.851736,8.897773],[170.844737,8.886501],[170.839122,8.88817],[170.838552,8.888373],[170.837901,8.888658],[170.837413,8.889065],[170.837169,8.889594],[170.841319,8.898586],[170.844574,8.900784],[170.850108,8.901435],[170.851736,8.897773]]],[[[170.240245,9.449774],[170.23878,9.466702],[170.243907,9.466376],[170.247081,9.45775],[170.240245,9.449774]]],[[[170.874685,10.274604],[170.874522,10.286607],[170.878591,10.287177],[170.878754,10.275092],[170.874685,10.274604]]],[[[165.540212,11.633775],[165.542817,11.633002],[165.546886,11.631008],[165.550629,11.626939],[165.553722,11.619818],[165.540212,11.633775]]],[[[165.282237,11.695787],[165.282237,11.708441],[165.286794,11.710883],[165.28891,11.705959],[165.282237,11.695787]]],[[[169.010753,14.610175],[169.013682,14.6105],[169.007335,14.602769],[168.996918,14.593085],[168.987315,14.586859],[168.998302,14.599026],[169.010753,14.610175]]]]}},{"type":"Feature","properties":{"name":"Mauritius","iso3":"MUS"},"geometry":{"type":"MultiPolygon","coordinates":[[[[57.795746,-20.222752],[57.793956,-20.246759],[57.78891,-20.274184],[57.778168,-20.304783],[57.77589,-20.320408],[57.781505,-20.335707],[57.757091,-20.343357],[57.729259,-20.363946],[57.71225,-20.387465],[57.719981,-20.403985],[57.720714,-20.411065],[57.726085,-20.41961],[57.726817,-20.425063],[57.723318,-20.434259],[57.717621,-20.43613],[57.711274,-20.435805],[57.705821,-20.438735],[57.692393,-20.461521],[57.684744,-20.471612],[57.672211,-20.479669],[57.58839,-20.504815],[57.503591,-20.517348],[57.473643,-20.515069],[57.426931,-20.500909],[57.399262,-20.497979],[57.378103,-20.507013],[57.320567,-20.458185],[57.307872,-20.444268],[57.303477,-20.430922],[57.319347,-20.425063],[57.344086,-20.429864],[57.357758,-20.427423],[57.36378,-20.414483],[57.368988,-20.386407],[57.367849,-20.376153],[57.356944,-20.370375],[57.365001,-20.345961],[57.365977,-20.290785],[57.370616,-20.260512],[57.377452,-20.243097],[57.400157,-20.200616],[57.408458,-20.192315],[57.410492,-20.189223],[57.432628,-20.171808],[57.442231,-20.167413],[57.463878,-20.161554],[57.473643,-20.157485],[57.490733,-20.140802],[57.493826,-20.122328],[57.494477,-20.103692],[57.509613,-20.077407],[57.521983,-20.041599],[57.528087,-20.030857],[57.532481,-20.024835],[57.560069,-20.003839],[57.566905,-20.000909],[57.580333,-19.999933],[57.586111,-19.996759],[57.590505,-19.989679],[57.596528,-19.982599],[57.607107,-19.979425],[57.622895,-19.981703],[57.667735,-19.994073],[57.679698,-19.999933],[57.684825,-20.011],[57.67921,-20.028253],[57.683116,-20.037774],[57.690196,-20.047296],[57.697765,-20.06406],[57.706228,-20.078383],[57.708832,-20.089939],[57.713878,-20.096124],[57.717947,-20.096938],[57.729747,-20.095147],[57.733653,-20.096124],[57.744802,-20.105076],[57.747732,-20.111505],[57.744477,-20.143813],[57.752208,-20.154229],[57.762543,-20.162042],[57.772146,-20.190525],[57.791352,-20.212172],[57.795746,-20.222752]]],[[[56.524181,-10.330011],[56.525564,-10.327325],[56.52768,-10.325372],[56.531016,-10.324151],[56.535655,-10.323907],[56.542817,-10.346449],[56.568614,-10.386407],[56.569347,-10.406508],[56.548513,-10.382013],[56.529796,-10.35296],[56.524587,-10.34002],[56.524181,-10.330011]]],[[[63.476248,-19.67783],[63.493907,-19.681899],[63.489594,-19.70143],[63.469412,-19.722914],[63.438731,-19.733005],[63.416515,-19.736423],[63.400645,-19.744887],[63.38559,-19.756036],[63.366384,-19.767185],[63.337738,-19.738458],[63.332286,-19.736423],[63.335216,-19.717869],[63.343272,-19.709731],[63.355235,-19.704685],[63.389171,-19.684747],[63.421153,-19.674412],[63.454275,-19.669854],[63.476248,-19.67783]]]]}},{"type":"Feature","properties":{"name":"Micronesia","iso3":"FSM"},"geometry":{"type":"MultiPolygon","coordinates":[[[[163.026052,5.340888],[163.030447,5.335679],[163.037283,5.333686],[163.043712,5.330959],[163.04656,5.323554],[163.042979,5.31094],[163.025727,5.280015],[163.019216,5.272691],[163.005544,5.269761],[162.993419,5.272854],[162.981456,5.277655],[162.967621,5.280178],[162.945974,5.280015],[162.931326,5.281928],[162.916189,5.286933],[162.91212,5.304185],[162.924083,5.321031],[162.971446,5.361762],[162.990733,5.374823],[163.01059,5.379706],[163.026052,5.368842],[163.027354,5.362698],[163.025727,5.347602],[163.026052,5.340888]]],[[[158.290782,6.937974],[158.296235,6.928127],[158.304698,6.924384],[158.314708,6.925767],[158.324962,6.931138],[158.338227,6.879096],[158.338634,6.869086],[158.33074,6.866604],[158.308849,6.868476],[158.304454,6.865953],[158.306407,6.855211],[158.315603,6.836615],[158.317556,6.824693],[158.313813,6.808661],[158.304535,6.799302],[158.292491,6.795071],[158.244477,6.788275],[158.225352,6.789496],[158.215099,6.800767],[158.193533,6.793443],[158.180186,6.802476],[158.170584,6.817532],[158.160492,6.828111],[158.164561,6.841213],[158.166026,6.85399],[158.162934,6.86579],[158.153087,6.875922],[158.155935,6.879869],[158.160492,6.890204],[158.132986,6.891913],[158.125824,6.907416],[158.132498,6.941352],[158.141856,6.950995],[158.161143,6.951361],[158.178233,6.956041],[158.180919,6.978949],[158.201671,6.970038],[158.208263,6.965277],[158.218028,6.970852],[158.225271,6.970201],[158.232432,6.967108],[158.242361,6.965277],[158.267345,6.966376],[158.276622,6.965277],[158.277354,6.963202],[158.293956,6.952297],[158.297048,6.951646],[158.303477,6.942857],[158.300792,6.940741],[158.290782,6.937974]]],[[[151.588634,7.383612],[151.622406,7.39175],[151.636404,7.387112],[151.650157,7.369371],[151.650727,7.354234],[151.644542,7.336086],[151.634288,7.327867],[151.622732,7.342678],[151.615896,7.342678],[151.607432,7.336127],[151.595958,7.336737],[151.582693,7.340399],[151.568126,7.342678],[151.571137,7.346259],[151.574229,7.347724],[151.581798,7.348863],[151.591075,7.35342],[151.617361,7.358954],[151.622732,7.365912],[151.618419,7.375881],[151.596934,7.372748],[151.588634,7.383612]]],[[[151.87672,7.458726],[151.8838,7.463568],[151.892263,7.46247],[151.903168,7.45954],[151.917654,7.458726],[151.907481,7.446926],[151.890636,7.435248],[151.871918,7.426744],[151.856212,7.424628],[151.855642,7.436957],[151.856781,7.44717],[151.863048,7.465562],[151.867442,7.464748],[151.870291,7.463528],[151.87672,7.458726]]],[[[138.192393,9.575873],[138.181651,9.558743],[138.184255,9.544379],[138.19752,9.539008],[138.219005,9.54857],[138.214122,9.537055],[138.202403,9.521186],[138.188731,9.506822],[138.177989,9.50019],[138.164073,9.504828],[138.156586,9.525784],[138.143809,9.521308],[138.134451,9.511868],[138.079845,9.425442],[138.068126,9.412055],[138.063813,9.436103],[138.073009,9.470404],[138.089122,9.501166],[138.105968,9.514472],[138.112966,9.52147],[138.121267,9.554877],[138.126231,9.565985],[138.141124,9.574368],[138.147227,9.567369],[138.150076,9.541164],[138.151866,9.550849],[138.154959,9.560736],[138.15919,9.569525],[138.164399,9.575873],[138.173188,9.582343],[138.184906,9.588813],[138.193614,9.588853],[138.192393,9.575873]]],[[[154.808116,0.927802],[154.814301,0.925767],[154.817638,0.922187],[154.812836,0.918158],[154.801768,0.918199],[154.798595,0.924465],[154.802989,0.927069],[154.808116,0.927802]]],[[[154.714854,0.965562],[154.721934,0.969184],[154.732921,0.967027],[154.726817,0.960639],[154.715099,0.961371],[154.714854,0.965562]]],[[[154.793142,0.972113],[154.79656,0.965806],[154.792328,0.962877],[154.783702,0.96369],[154.778168,0.968817],[154.778494,0.9737],[154.784353,0.975491],[154.793142,0.972113]]],[[[154.879242,3.751939],[154.87672,3.767971],[154.891856,3.778795],[154.894298,3.762844],[154.879242,3.751939]]],[[[154.789317,3.791815],[154.791759,3.776557],[154.773692,3.766262],[154.771251,3.78148],[154.789317,3.791815]]],[[[153.667735,5.286038],[153.671723,5.297675],[153.685313,5.309719],[153.700857,5.316962],[153.710704,5.314602],[153.707693,5.305365],[153.694102,5.296454],[153.678233,5.289496],[153.667735,5.286038]]],[[[157.161876,5.773871],[157.160655,5.77619],[157.158946,5.777899],[157.158458,5.779202],[157.160899,5.779934],[157.16391,5.778713],[157.163829,5.777289],[157.162446,5.775824],[157.161876,5.773871]]],[[[149.315766,6.696926],[149.316091,6.703925],[149.316905,6.709906],[149.318858,6.715074],[149.323497,6.719468],[149.325694,6.712551],[149.324718,6.707099],[149.321056,6.702216],[149.315766,6.696926]]],[[[157.936371,6.71719],[157.93922,6.727362],[157.942068,6.730536],[157.948904,6.731676],[157.948253,6.725775],[157.945811,6.722602],[157.936371,6.71719]]],[[[151.856781,7.316596],[151.853201,7.353827],[151.854503,7.370063],[151.862641,7.361762],[151.865571,7.350653],[151.865245,7.338772],[151.861827,7.327135],[151.856781,7.316596]]],[[[149.18572,7.371649],[149.180837,7.381171],[149.187266,7.381578],[149.188243,7.379788],[149.186697,7.376125],[149.18572,7.371649]]],[[[150.407481,8.575507],[150.404633,8.586005],[150.409353,8.584662],[150.409841,8.582343],[150.408458,8.579291],[150.407481,8.575507]]],[[[149.668712,8.574693],[149.665294,8.587592],[149.667817,8.604234],[149.675548,8.616441],[149.687266,8.616034],[149.688813,8.607327],[149.682953,8.594306],[149.67449,8.581732],[149.668712,8.574693]]],[[[150.118175,8.976304],[150.124278,8.9855],[150.127452,8.987494],[150.132986,8.98607],[150.130544,8.980943],[150.127126,8.979153],[150.122813,8.978217],[150.118175,8.976304]]],[[[140.514171,9.767808],[140.521739,9.774726],[140.531261,9.77558],[140.532888,9.771918],[140.524669,9.764472],[140.515391,9.761176],[140.514171,9.767808]]]]}},{"type":"Feature","properties":{"name":"Monaco","iso3":"MCO"},"geometry":{"type":"Polygon","coordinates":[[[7.437454,43.743361],[7.432845,43.739853],[7.417957,43.730904],[7.404319,43.717969],[7.380723,43.719273],[7.36575,43.72273],[7.367263,43.734125],[7.372655,43.745832],[7.387538,43.757899],[7.406969,43.763506],[7.426246,43.755464],[7.437454,43.743361]]]}},{"type":"Feature","properties":{"name":"Montenegro","iso3":"MNE"},"geometry":{"type":"Polygon","coordinates":[[[18.49643,42.416327],[18.497816,42.431158],[18.492855,42.442372],[18.475492,42.449813],[18.467741,42.453379],[18.454925,42.464722],[18.444279,42.477925],[18.437148,42.493402],[18.436425,42.510765],[18.442006,42.543012],[18.437355,42.559212],[18.44769,42.566214],[18.458956,42.569728],[18.470531,42.569056],[18.481797,42.563682],[18.492132,42.564767],[18.495852,42.570865],[18.493682,42.579831],[18.486654,42.58983],[18.506798,42.59849],[18.517247,42.602982],[18.538434,42.618304],[18.542832,42.626429],[18.549596,42.638923],[18.550009,42.668069],[18.539674,42.695457],[18.522518,42.71189],[18.502157,42.727445],[18.46743,42.769199],[18.453891,42.793151],[18.444589,42.817078],[18.443659,42.834467],[18.453478,42.845655],[18.465984,42.852812],[18.473322,42.862553],[18.467637,42.881699],[18.443969,42.916865],[18.434047,42.936889],[18.433531,42.954201],[18.452754,42.993398],[18.483037,43.014637],[18.538951,43.023887],[18.598379,43.024455],[18.638996,43.020243],[18.621116,43.09644],[18.620599,43.122563],[18.621128,43.124578],[18.629074,43.154886],[18.645301,43.180182],[18.688399,43.224469],[18.664318,43.233176],[18.679511,43.24948],[18.807151,43.318029],[18.833506,43.324153],[18.830302,43.328157],[18.824618,43.337408],[18.821207,43.341387],[18.839604,43.34782],[18.899135,43.351903],[18.923423,43.346838],[18.950295,43.333067],[18.957323,43.325858],[18.957943,43.318985],[18.957116,43.311828],[18.959493,43.303456],[18.968589,43.292216],[18.988949,43.272941],[18.989506,43.272016],[18.992463,43.267102],[19.002902,43.273949],[19.01086,43.28232],[19.017164,43.291157],[19.022535,43.296546],[19.024709,43.298728],[19.036285,43.303327],[19.062536,43.304386],[19.069668,43.30883],[19.039592,43.350714],[19.00993,43.410995],[18.975306,43.444274],[18.968278,43.448098],[18.946264,43.443938],[18.946368,43.44908],[18.950708,43.457297],[18.951225,43.463808],[18.937893,43.478949],[18.930658,43.482282],[18.915258,43.485383],[18.905647,43.490628],[18.90513,43.499051],[18.911021,43.507268],[18.920529,43.512203],[18.938926,43.518947],[18.962697,43.5383],[18.977477,43.546232],[19.000214,43.547886],[19.01427,43.537783],[19.025019,43.523029],[19.038145,43.511015],[19.054991,43.5067],[19.076386,43.507242],[19.096023,43.512901],[19.122791,43.535948],[19.147699,43.538145],[19.195345,43.532796],[19.175191,43.509619],[19.175914,43.480887],[19.192244,43.454532],[19.218392,43.438202],[19.355645,43.393063],[19.372285,43.384226],[19.414039,43.338389],[19.473054,43.293276],[19.485146,43.280098],[19.502303,43.251935],[19.512431,43.240643],[19.547845,43.218815],[19.549948,43.217518],[19.580851,43.187804],[19.598111,43.176203],[19.618678,43.168245],[19.663016,43.158504],[19.684617,43.156721],[19.69733,43.160209],[19.705494,43.166178],[19.713556,43.165609],[19.742805,43.126516],[19.761202,43.108739],[19.781769,43.096466],[19.805127,43.089955],[19.838303,43.088353],[19.872203,43.090368],[19.883778,43.095691],[19.907136,43.113261],[19.916644,43.117059],[19.92915,43.113907],[19.936591,43.105897],[19.942276,43.095639],[19.949821,43.085924],[19.959742,43.07856],[20.019894,43.047348],[20.054388,43.022221],[20.056344,43.020796],[20.116942,42.976654],[20.129464,42.973605],[20.14092,42.970815],[20.19456,42.966836],[20.223189,42.957663],[20.275589,42.929887],[20.337084,42.906969],[20.35362,42.890975],[20.355171,42.86617],[20.345352,42.827439],[20.264427,42.817258],[20.226083,42.806768],[20.217608,42.802737],[20.209236,42.791704],[20.208409,42.782093],[20.20996,42.772972],[20.208409,42.763282],[20.183398,42.742508],[20.149498,42.749872],[20.112085,42.766538],[20.076325,42.773437],[20.065059,42.769458],[20.055638,42.763866],[20.034673,42.751423],[20.026508,42.743206],[20.024751,42.723414],[20.03612,42.707989],[20.037006,42.707363],[20.094205,42.666983],[20.101956,42.656674],[20.10392,42.653108],[20.090587,42.627348],[20.079218,42.61125],[20.075704,42.603085],[20.075394,42.586962],[20.078185,42.572906],[20.077048,42.55991],[20.064956,42.546758],[20.039221,42.557765],[20.017723,42.546241],[19.981757,42.510765],[19.956332,42.505314],[19.907549,42.506399],[19.882745,42.493609],[19.882538,42.493402],[19.873339,42.486839],[19.835512,42.470251],[19.829063,42.468723],[19.819596,42.466479],[19.801406,42.468132],[19.784456,42.474566],[19.75159,42.493402],[19.73433,42.524382],[19.730919,42.533658],[19.730299,42.540428],[19.732159,42.555543],[19.733916,42.562597],[19.741358,42.574405],[19.746009,42.579934],[19.747766,42.578901],[19.746885,42.58893],[19.746009,42.5989],[19.737534,42.624402],[19.722134,42.64608],[19.699293,42.654814],[19.676039,42.646675],[19.658037,42.634613],[19.647927,42.627838],[19.621779,42.604997],[19.605035,42.584844],[19.599248,42.571046],[19.593667,42.54482],[19.588086,42.532857],[19.575683,42.522341],[19.561317,42.516243],[19.549328,42.508595],[19.543747,42.493557],[19.543747,42.493402],[19.531655,42.474773],[19.517806,42.45803],[19.501476,42.444129],[19.481735,42.434491],[19.468403,42.41811],[19.417243,42.374107],[19.412076,42.368397],[19.402671,42.352015],[19.400707,42.344755],[19.401327,42.331061],[19.400397,42.325893],[19.304589,42.215099],[19.274926,42.191276],[19.272033,42.180682],[19.281956,42.164723],[19.282058,42.164559],[19.297767,42.151666],[19.355025,42.12004],[19.369998,42.106507],[19.372491,42.104253],[19.374869,42.094667],[19.356575,42.064798],[19.351718,42.047615],[19.350581,42.027823],[19.354198,42.008703],[19.363396,41.993639],[19.363707,41.993484],[19.371045,41.98656],[19.365774,41.969713],[19.359779,41.965993],[19.351614,41.965166],[19.346447,41.961548],[19.352854,41.938501],[19.350477,41.931369],[19.346653,41.926176],[19.345413,41.921189],[19.34593,41.914471],[19.34531,41.910337],[19.347687,41.906358],[19.356989,41.89964],[19.364947,41.888995],[19.364223,41.862846],[19.365082,41.852362],[19.346934,41.863959],[19.310232,41.894517],[19.293224,41.900784],[19.220225,41.91885],[19.202973,41.927069],[19.178477,41.933905],[19.170258,41.937974],[19.162283,41.947943],[19.161957,41.953437],[19.163259,41.95897],[19.16033,41.96898],[19.15561,41.970649],[19.145274,41.977607],[19.13795,41.985297],[19.142914,41.988837],[19.143565,41.993069],[19.139171,42.042426],[19.08253,42.081204],[19.074718,42.095649],[19.083832,42.110093],[19.076427,42.115953],[19.063975,42.120185],[19.048676,42.140204],[19.01059,42.139553],[19.002126,42.150214],[18.999848,42.161078],[18.994802,42.163642],[18.988048,42.163723],[18.981619,42.16706],[18.968028,42.188707],[18.953461,42.199856],[18.913341,42.222235],[18.901703,42.237494],[18.894705,42.270494],[18.885997,42.284369],[18.871593,42.290473],[18.854015,42.290473],[18.838878,42.285712],[18.831391,42.277533],[18.826508,42.282213],[18.820486,42.286689],[18.817638,42.291164],[18.801524,42.284369],[18.793956,42.280341],[18.788748,42.276028],[18.786388,42.274115],[18.778575,42.27147],[18.771983,42.276923],[18.762462,42.291164],[18.729503,42.311591],[18.714529,42.325263],[18.714122,42.338935],[18.708344,42.342475],[18.699718,42.34984],[18.693614,42.353217],[18.693614,42.359442],[18.695811,42.373765],[18.678477,42.385972],[18.658539,42.386623],[18.653168,42.366278],[18.646495,42.366278],[18.638438,42.370307],[18.61671,42.368069],[18.612315,42.36994],[18.607107,42.37641],[18.5949,42.383734],[18.580903,42.389838],[18.570649,42.392971],[18.573009,42.39643],[18.57309,42.397528],[18.574067,42.398261],[18.578136,42.400377],[18.552989,42.413642],[18.545177,42.42357],[18.550141,42.435126],[18.562836,42.438544],[18.644949,42.418362],[18.656505,42.415513],[18.685557,42.403998],[18.70045,42.392971],[18.708181,42.408515],[18.706554,42.421047],[18.683849,42.458808],[18.683279,42.468085],[18.687348,42.482896],[18.654145,42.451809],[18.608653,42.44538],[18.502452,42.455634],[18.502452,42.448188],[18.521251,42.437974],[18.51295,42.409003],[18.529796,42.400377],[18.510265,42.40526],[18.49643,42.416327]]]}},{"type":"Feature","properties":{"name":"Myanmar","iso3":"MMR"},"geometry":{"type":"MultiPolygon","coordinates":[[[[92.575879,21.977574],[92.583837,21.980313],[92.591278,21.984241],[92.597996,21.989305],[92.603887,21.995403],[92.615256,22.008787],[92.627555,22.012353],[92.639854,22.013386],[92.650913,22.019174],[92.658354,22.032816],[92.658354,22.046562],[92.65608,22.060567],[92.656184,22.075294],[92.662075,22.094777],[92.664555,22.093846],[92.669516,22.092658],[92.67396,22.095242],[92.674684,22.105577],[92.671067,22.133896],[92.67396,22.147073],[92.683779,22.154308],[92.708067,22.147952],[92.771629,22.104182],[92.836121,22.046511],[92.853898,22.024135],[92.862063,21.995403],[92.867024,21.966516],[92.877462,21.957007],[92.889244,21.966722],[92.89865,21.995403],[92.906194,22.017314],[92.920974,22.021809],[92.937407,22.013024],[92.950326,21.995351],[92.955597,21.989615],[92.961695,21.986876],[92.968103,21.987238],[92.974924,21.990907],[92.977094,21.993026],[92.978955,21.995351],[92.979885,22.002276],[92.979575,22.009355],[92.977921,22.016487],[92.974924,22.023308],[92.968413,22.036175],[92.965312,22.04956],[92.967172,22.062685],[92.985466,22.095965],[92.995181,22.103251],[93.00748,22.105939],[93.025464,22.112915],[93.02257,22.120976],[93.023913,22.188828],[93.022363,22.196217],[93.024533,22.201902],[93.036419,22.206243],[93.045824,22.206863],[93.072489,22.20247],[93.090576,22.197148],[93.104322,22.187174],[93.119515,22.180973],[93.141735,22.187277],[93.123132,22.218387],[93.123545,22.230686],[93.124786,22.232287],[93.129747,22.231616],[93.151451,22.240969],[93.161269,22.242519],[93.169021,22.246912],[93.173672,22.259418],[93.174292,22.269391],[93.16592,22.386593],[93.153518,22.427521],[93.117861,22.462868],[93.109593,22.479042],[93.099154,22.51196],[93.098224,22.535266],[93.109076,22.574696],[93.110523,22.596348],[93.104425,22.615933],[93.081894,22.65283],[93.073936,22.671899],[93.070835,22.69288],[93.079517,22.77272],[93.112383,22.799953],[93.115897,22.798403],[93.125302,22.821554],[93.161062,22.860983],[93.175532,22.881705],[93.177392,22.900205],[93.171088,22.920437],[93.151141,22.956223],[93.143182,22.977513],[93.138221,23.005264],[93.140082,23.031903],[93.152381,23.049938],[93.177082,23.058439],[93.196512,23.053839],[93.212119,23.039887],[93.225555,23.020379],[93.246535,23.004488],[93.272787,23.00591],[93.298832,23.01795],[93.318262,23.03366],[93.333352,23.052289],[93.3749,23.129726],[93.37521,23.142154],[93.373039,23.154221],[93.372729,23.169827],[93.380791,23.237265],[93.37645,23.279485],[93.377897,23.296822],[93.384201,23.313126],[93.403735,23.338757],[93.407249,23.347258],[93.407766,23.356379],[93.405905,23.36767],[93.399808,23.426091],[93.400221,23.454022],[93.432364,23.647317],[93.430297,23.680339],[93.425956,23.690803],[93.412313,23.708709],[93.406319,23.719122],[93.374796,23.739017],[93.35826,23.855263],[93.35919,23.890946],[93.355986,23.906991],[93.351852,23.913916],[93.345961,23.918696],[93.337589,23.928411],[93.316092,23.961097],[93.308134,23.977504],[93.302966,23.995281],[93.301106,24.016571],[93.302559,24.035775],[93.302966,24.041143],[93.309684,24.063984],[93.32219,24.080056],[93.348545,24.088893],[93.368285,24.07848],[93.3965,24.037526],[93.406526,24.025847],[93.439185,23.995229],[93.445593,23.981612],[93.449004,23.968926],[93.456652,23.95996],[93.474842,23.957505],[93.495719,23.959133],[93.526828,23.975385],[93.543468,23.980889],[93.549979,23.978021],[93.55525,23.970993],[93.561348,23.965696],[93.571063,23.968021],[93.576954,23.973008],[93.581812,23.979597],[93.585636,23.987297],[93.588013,23.995229],[93.612404,24.009052],[93.660464,24.011223],[93.711106,24.005461],[93.743042,23.995281],[93.782833,23.945465],[93.803711,23.936059],[93.883189,23.94531],[93.912334,23.939005],[93.94055,23.928876],[93.97507,23.920918],[93.997911,23.916965],[94.055065,23.887949],[94.071084,23.876115],[94.085347,23.857511],[94.099713,23.842628],[94.11687,23.841647],[94.128859,23.853905],[94.131856,23.856969],[94.13506,23.877303],[94.133613,23.899162],[94.13506,23.919006],[94.144878,23.938876],[94.19025,23.995281],[94.193868,24.009673],[94.199139,24.048094],[94.203686,24.057757],[94.214125,24.069178],[94.218466,24.08667],[94.222186,24.122637],[94.233969,24.160335],[94.282751,24.266427],[94.286885,24.283067],[94.289986,24.31676],[94.29536,24.332599],[94.302802,24.341022],[94.323679,24.354664],[94.330707,24.362855],[94.33174,24.371098],[94.32833,24.388487],[94.328743,24.394481],[94.340009,24.406005],[94.352204,24.413937],[94.361196,24.425409],[94.363676,24.46582],[94.370394,24.477732],[94.381866,24.48631],[94.397059,24.495069],[94.410805,24.545945],[94.418453,24.560311],[94.430236,24.570904],[94.474987,24.597389],[94.48708,24.620462],[94.507957,24.689011],[94.516329,24.704953],[94.531005,24.707485],[94.543407,24.70733],[94.555706,24.708855],[94.569452,24.716399],[94.581544,24.73012],[94.589502,24.74725],[94.593223,24.765931],[94.593223,24.783786],[94.599011,24.813474],[94.639112,24.862799],[94.654821,24.889154],[94.673528,24.974807],[94.689755,24.99509],[94.708565,25.02589],[94.713836,25.068264],[94.706808,25.109941],[94.689135,25.138518],[94.653271,25.154125],[94.612964,25.161359],[94.576893,25.173607],[94.553329,25.204147],[94.550125,25.245282],[94.608003,25.394627],[94.630533,25.42739],[94.65036,25.44665],[94.659472,25.455502],[94.692028,25.476327],[94.711149,25.482787],[94.745772,25.486611],[94.764375,25.491675],[94.782359,25.504594],[94.80799,25.542628],[94.822356,25.559113],[94.831038,25.562472],[94.850778,25.562782],[94.860287,25.567174],[94.86101,25.571412],[94.852949,25.580765],[94.853466,25.586036],[94.857496,25.589344],[94.868038,25.594718],[94.871656,25.598025],[94.961469,25.717966],[94.969014,25.725614],[94.978626,25.729077],[94.999917,25.731557],[95.008805,25.737138],[95.015316,25.755122],[95.013456,25.777704],[94.993199,25.880954],[94.994026,25.900436],[95.00064,25.922036],[95.012009,25.931442],[95.049423,25.943741],[95.065856,25.953817],[95.10823,25.995107],[95.139546,26.029937],[95.151225,26.049936],[95.150088,26.070968],[95.137479,26.082957],[95.101719,26.093395],[95.08818,26.104093],[95.078361,26.171324],[95.082392,26.179798],[95.08973,26.187602],[95.094484,26.195043],[95.090764,26.202691],[95.082806,26.206619],[95.074537,26.208324],[95.066373,26.211011],[95.058724,26.217677],[95.046322,26.24796],[95.041775,26.287596],[95.043635,26.327696],[95.050456,26.359064],[95.064202,26.392602],[95.066062,26.407433],[95.061722,26.426605],[95.042601,26.459678],[95.040638,26.475594],[95.054384,26.494921],[95.069887,26.506239],[95.099239,26.536107],[95.109574,26.5513],[95.114948,26.562566],[95.116189,26.569335],[95.115879,26.57564],[95.119082,26.604217],[95.122803,26.611607],[95.132622,26.620805],[95.141407,26.624991],[95.163421,26.629745],[95.173239,26.633828],[95.181611,26.641682],[95.195564,26.660751],[95.204865,26.667572],[95.223262,26.670363],[95.239075,26.649641],[95.246933,26.648904],[95.260573,26.647625],[95.278969,26.652948],[95.31597,26.669071],[95.392658,26.691757],[95.410641,26.701627],[95.439993,26.735372],[95.462731,26.777178],[95.489809,26.810716],[95.531357,26.820276],[95.554405,26.816607],[95.574765,26.816142],[95.591302,26.823739],[95.603394,26.844254],[95.613316,26.867922],[95.624271,26.880738],[95.639981,26.886422],[95.686076,26.89128],[95.699305,26.896189],[95.709227,26.907454],[95.734962,26.947297],[95.777957,26.995149],[95.804932,27.004761],[95.861466,27.014218],[95.888855,27.027034],[95.91645,27.051373],[95.938361,27.079899],[95.974844,27.142892],[96.013188,27.190796],[96.074166,27.229864],[96.142586,27.25751],[96.407789,27.29818],[96.474659,27.295389],[96.490058,27.290738],[96.510936,27.292495],[96.531813,27.298542],[96.547316,27.306448],[96.56747,27.328307],[96.576048,27.345412],[96.5869,27.353577],[96.614185,27.348409],[96.623177,27.343655],[96.629275,27.338694],[96.636406,27.335542],[96.649015,27.336214],[96.659247,27.341433],[96.675887,27.357659],[96.687255,27.361742],[96.705239,27.36076],[96.724152,27.356264],[96.758879,27.341743],[96.776346,27.330633],[96.789161,27.317972],[96.809935,27.285777],[96.821718,27.273065],[96.853757,27.248725],[96.859648,27.240716],[96.851276,27.221182],[96.841768,27.204387],[96.842698,27.188522],[96.865332,27.171624],[97.002998,27.114522],[97.011887,27.107029],[97.018915,27.098709],[97.02677,27.091474],[97.038035,27.08703],[97.047854,27.087805],[97.058827,27.092076],[97.066974,27.095246],[97.077206,27.096487],[97.089918,27.092198],[97.09798,27.085893],[97.106041,27.082586],[97.119167,27.087288],[97.122888,27.093696],[97.133016,27.119586],[97.134773,27.127338],[97.129296,27.13788],[97.120821,27.143926],[97.111726,27.148835],[97.104388,27.156018],[97.1017,27.165268],[97.101287,27.183303],[97.095499,27.191261],[97.067904,27.2171],[96.905123,27.408406],[96.881352,27.444114],[96.877011,27.463079],[96.890241,27.492483],[96.888484,27.507185],[96.884659,27.515841],[96.881042,27.534393],[96.880319,27.54385],[96.877321,27.553074],[96.866159,27.568448],[96.862025,27.578369],[96.862129,27.599298],[96.87019,27.61909],[96.883523,27.636325],[96.899749,27.649476],[96.93954,27.674023],[96.957006,27.688079],[96.990906,27.726629],[97.004032,27.734277],[97.036175,27.74292],[97.050541,27.746783],[97.056742,27.746783],[97.060359,27.750452],[97.062013,27.763345],[97.06532,27.773991],[97.072348,27.779184],[97.092192,27.785489],[97.098186,27.791018],[97.106041,27.805539],[97.112449,27.809208],[97.123198,27.812154],[97.131776,27.816856],[97.182109,27.857267],[97.198025,27.873261],[97.210944,27.889513],[97.222933,27.899719],[97.241227,27.907858],[97.260657,27.912044],[97.276367,27.910339],[97.288046,27.897756],[97.288666,27.884346],[97.292903,27.87755],[97.314917,27.884604],[97.333521,27.894164],[97.338172,27.901554],[97.336311,27.913181],[97.335691,27.935609],[97.340032,27.951809],[97.356775,27.980567],[97.362253,27.994881],[97.355122,28.023045],[97.306546,28.069657],[97.292903,28.095082],[97.298898,28.12924],[97.328663,28.190012],[97.323496,28.217478],[97.333831,28.235254],[97.369591,28.25347],[97.377859,28.263599],[97.384371,28.284838],[97.39822,28.288895],[97.41672,28.286052],[97.436667,28.286414],[97.447829,28.297602],[97.452377,28.317678],[97.452377,28.35548],[97.450206,28.364859],[97.446796,28.374006],[97.445349,28.382971],[97.450103,28.391912],[97.465709,28.406691],[97.471497,28.414959],[97.474598,28.426199],[97.488137,28.441934],[97.50302,28.47772],[97.513975,28.494696],[97.527721,28.529526],[97.546221,28.538466],[97.567512,28.525495],[97.589939,28.494696],[97.613607,28.481984],[97.641099,28.498365],[97.670451,28.511284],[97.699597,28.48803],[97.740008,28.38261],[97.765329,28.352431],[97.797265,28.34393],[97.85907,28.37013],[97.897518,28.355325],[97.94475,28.298842],[97.978753,28.2806],[97.992912,28.268922],[97.993842,28.25254],[97.984851,28.224221],[97.991052,28.214015],[98.031359,28.208331],[98.048619,28.199624],[98.115002,28.143888],[98.118693,28.14079],[98.126961,28.124279],[98.127994,28.105469],[98.122517,28.015449],[98.118486,27.994726],[98.107117,27.973074],[98.113525,27.961705],[98.148975,27.944549],[98.165822,27.929692],[98.177294,27.912923],[98.176674,27.898117],[98.156727,27.889203],[98.140087,27.878558],[98.145771,27.860729],[98.162411,27.842849],[98.196621,27.823187],[98.200651,27.813601],[98.198481,27.800449],[98.197861,27.780631],[98.202098,27.771252],[98.208403,27.766162],[98.211504,27.760322],[98.201788,27.736551],[98.204372,27.727301],[98.238065,27.680224],[98.254395,27.648133],[98.275686,27.570101],[98.294703,27.536615],[98.328602,27.522869],[98.363949,27.532171],[98.383276,27.555787],[98.392888,27.587154],[98.398159,27.619814],[98.397435,27.656814],[98.400019,27.675728],[98.410251,27.684254],[98.42224,27.680895],[98.474537,27.657176],[98.492313,27.64343],[98.522182,27.656298],[98.54337,27.642526],[98.56435,27.603536],[98.578406,27.591728],[98.604554,27.592735],[98.616543,27.59842],[98.625845,27.605551],[98.635044,27.611055],[98.647239,27.611727],[98.655921,27.606766],[98.665739,27.597076],[98.674214,27.586121],[98.679279,27.577336],[98.681759,27.556484],[98.671114,27.516151],[98.668323,27.475249],[98.674421,27.386598],[98.677315,27.376108],[98.683723,27.373627],[98.691061,27.373162],[98.697365,27.368925],[98.707701,27.337247],[98.704187,27.304174],[98.680209,27.237047],[98.673594,27.207901],[98.672561,27.175603],[98.682689,27.110078],[98.691371,27.092404],[98.70274,27.086823],[98.716486,27.082482],[98.731368,27.068788],[98.737776,27.048686],[98.731679,27.031064],[98.72062,27.013959],[98.712662,26.995149],[98.735709,26.907299],[98.736329,26.898256],[98.733125,26.887921],[98.718656,26.872676],[98.714522,26.862031],[98.718139,26.842497],[98.742427,26.810406],[98.750385,26.792009],[98.749248,26.771442],[98.734366,26.734287],[98.731989,26.713513],[98.746458,26.68106],[98.747388,26.672688],[98.746768,26.66442],[98.747078,26.655738],[98.750695,26.646127],[98.755553,26.625043],[98.748525,26.605974],[98.727958,26.572591],[98.721137,26.538898],[98.717209,26.408725],[98.713488,26.38945],[98.707391,26.371053],[98.697675,26.354051],[98.657781,26.311625],[98.649513,26.290593],[98.644552,26.271576],[98.642175,26.254523],[98.648169,26.244807],[98.66822,26.248218],[98.677005,26.23933],[98.701499,26.191167],[98.70553,26.174941],[98.700259,26.165329],[98.692404,26.159955],[98.686513,26.154115],[98.68672,26.133238],[98.680829,26.12497],[98.644449,26.097891],[98.630806,26.096909],[98.624295,26.108485],[98.625742,26.144348],[98.619334,26.145744],[98.602177,26.139956],[98.563007,26.131223],[98.550191,26.120784],[98.54554,26.105643],[98.547297,26.08828],[98.553808,26.071071],[98.572618,26.03557],[98.577166,26.017328],[98.575409,25.995107],[98.582437,25.982291],[98.592462,25.980741],[98.604244,25.982498],[98.616233,25.979397],[98.625328,25.969992],[98.658091,25.925034],[98.66729,25.905758],[98.672354,25.901831],[98.684653,25.897593],[98.689821,25.891599],[98.692404,25.87899],[98.690234,25.865554],[98.68486,25.8531],[98.677832,25.843282],[98.626052,25.806488],[98.610032,25.800597],[98.600317,25.801734],[98.590912,25.806385],[98.562387,25.816358],[98.539546,25.833721],[98.526833,25.838786],[98.50947,25.838062],[98.498101,25.830724],[98.474537,25.805764],[98.461307,25.794654],[98.452626,25.777963],[98.439293,25.743598],[98.432265,25.736105],[98.424721,25.730834],[98.418726,25.724219],[98.416659,25.712592],[98.416349,25.70019],[98.413248,25.692076],[98.375214,25.649288],[98.36984,25.636783],[98.357231,25.592754],[98.347102,25.57782],[98.332633,25.566968],[98.312066,25.557459],[98.289432,25.55038],[98.276616,25.552447],[98.24716,25.579163],[98.232381,25.586553],[98.150215,25.613063],[98.140087,25.611461],[98.138433,25.598955],[98.139363,25.550225],[98.134196,25.534618],[98.123033,25.522216],[98.104637,25.506765],[98.099779,25.500047],[98.099469,25.493329],[98.10474,25.466974],[98.108874,25.45824],[98.111975,25.448474],[98.110218,25.41044],[98.112078,25.396229],[98.108357,25.388891],[98.089961,25.385945],[98.075698,25.376075],[98.062572,25.354319],[98.044899,25.311944],[98.03353,25.301299],[97.992395,25.282489],[97.976272,25.272257],[97.930797,25.218513],[97.90992,25.207558],[97.888939,25.205646],[97.878811,25.213553],[97.871783,25.22766],[97.860311,25.244093],[97.82362,25.261612],[97.800986,25.237634],[97.777008,25.158621],[97.754064,25.113559],[97.737527,25.090511],[97.721611,25.079271],[97.703628,25.073923],[97.699597,25.065009],[97.705178,25.028835],[97.703318,24.960416],[97.708278,24.927291],[97.724091,24.897215],[97.760988,24.870292],[97.772977,24.854686],[97.765226,24.834661],[97.748483,24.82647],[97.726572,24.826289],[97.685954,24.833524],[97.66394,24.829778],[97.642546,24.816781],[97.603995,24.786447],[97.536196,24.74508],[97.536093,24.745028],[97.532785,24.723324],[97.538573,24.597259],[97.513872,24.461686],[97.513252,24.438587],[97.519556,24.430784],[97.600688,24.44192],[97.624356,24.442282],[97.639859,24.439285],[97.6473,24.432334],[97.652261,24.422722],[97.655465,24.412077],[97.657325,24.402],[97.662596,24.390063],[97.680993,24.377764],[97.688331,24.367713],[97.689572,24.346474],[97.674275,24.340841],[97.653605,24.338722],[97.638205,24.328103],[97.64451,24.302394],[97.718407,24.277667],[97.724091,24.241519],[97.71851,24.233974],[97.711172,24.228471],[97.704661,24.221727],[97.701561,24.210926],[97.704558,24.199248],[97.718717,24.181548],[97.723058,24.171265],[97.720061,24.147442],[97.707658,24.125299],[97.516456,23.942829],[97.532992,23.923709],[97.572679,23.90756],[97.609887,23.883143],[97.615468,23.875133],[97.619705,23.865986],[97.624666,23.846711],[97.637068,23.863557],[97.647345,23.868524],[97.655672,23.872549],[97.676963,23.878699],[97.696806,23.887122],[97.748173,23.93407],[97.76781,23.946472],[97.789514,23.953139],[97.804087,23.954508],[97.817832,23.958151],[97.836333,23.971768],[97.87664,24.014401],[97.889973,24.022617],[98.10505,24.101527],[98.181531,24.118658],[98.219152,24.117366],[98.293256,24.100132],[98.330669,24.099486],[98.347309,24.104938],[98.378728,24.122405],[98.395575,24.128063],[98.434952,24.13026],[98.474537,24.127831],[98.503269,24.121268],[98.54306,24.093957],[98.570241,24.082097],[98.585227,24.075715],[98.597113,24.083079],[98.612513,24.087549],[98.640418,24.100752],[98.681759,24.106876],[98.716176,24.121345],[98.818082,24.128968],[98.855289,24.138967],[98.865727,24.145685],[98.866967,24.143256],[98.873479,24.114498],[98.856219,24.083802],[98.765578,24.027062],[98.716796,23.988408],[98.699226,23.981561],[98.679899,23.976264],[98.663259,23.969546],[98.658815,23.961123],[98.665739,23.953216],[98.674524,23.936886],[98.672974,23.928308],[98.664809,23.903374],[98.664189,23.890378],[98.671424,23.816739],[98.668323,23.808703],[98.663569,23.80307],[98.663672,23.796947],[98.675661,23.787386],[98.684963,23.784803],[98.708321,23.784699],[98.738396,23.775552],[98.777877,23.7693],[98.793173,23.758473],[98.799065,23.743229],[98.800305,23.692715],[98.807953,23.675791],[98.849604,23.614735],[98.856012,23.610007],[98.857356,23.604348],[98.850224,23.590628],[98.8433,23.584014],[98.796274,23.557917],[98.784388,23.547039],[98.780874,23.532854],[98.799995,23.480738],[98.809813,23.474098],[98.83007,23.480015],[98.848881,23.480403],[98.86397,23.466605],[98.875546,23.446425],[98.889602,23.406789],[98.892289,23.386894],[98.890118,23.367903],[98.88185,23.349687],[98.873789,23.344571],[98.86211,23.340592],[98.853221,23.334985],[98.853428,23.324882],[98.860456,23.322376],[98.896526,23.32328],[98.910686,23.297597],[98.860146,23.212279],[98.859009,23.179387],[98.933423,23.172153],[98.970734,23.162205],[98.990371,23.160034],[99.009388,23.162153],[99.026441,23.160448],[99.033159,23.146418],[99.039257,23.127142],[99.05507,23.109598],[99.074913,23.101666],[99.092173,23.101511],[99.13,23.106239],[99.138682,23.105206],[99.164004,23.097687],[99.17868,23.096421],[99.18271,23.095206],[99.184881,23.094845],[99.194183,23.095775],[99.19935,23.092261],[99.19966,23.073838],[99.202141,23.067275],[99.209582,23.061539],[99.21661,23.057379],[99.224878,23.056888],[99.236144,23.062314],[99.257435,23.079213],[99.266736,23.083863],[99.284823,23.088153],[99.294021,23.096783],[99.302186,23.112596],[99.314072,23.126471],[99.333812,23.129623],[99.350969,23.119262],[99.381045,23.081641],[99.403265,23.068335],[99.478196,23.065751],[99.493079,23.057379],[99.495043,23.043478],[99.491632,23.028208],[99.490392,23.012007],[99.498763,22.995161],[99.534627,22.949324],[99.538038,22.926431],[99.5153,22.90881],[99.484501,22.910256],[99.42993,22.936741],[99.413394,22.930746],[99.411224,22.919248],[99.416908,22.874341],[99.414428,22.856901],[99.403575,22.841062],[99.378874,22.813234],[99.35903,22.77489],[99.350659,22.768146],[99.338463,22.764916],[99.327198,22.760498],[99.316966,22.754116],[99.307974,22.745176],[99.307871,22.719596],[99.355,22.608544],[99.357377,22.587098],[99.347041,22.553353],[99.344148,22.533251],[99.346628,22.523071],[99.356343,22.506173],[99.35779,22.495476],[99.353449,22.484107],[99.345078,22.472841],[99.282756,22.411915],[99.243068,22.393156],[99.237384,22.380134],[99.240588,22.372951],[99.246376,22.365923],[99.248339,22.353675],[99.243689,22.341221],[99.225705,22.321223],[99.218367,22.310009],[99.206172,22.26133],[99.19935,22.245258],[99.166381,22.204641],[99.159353,22.184694],[99.175062,22.168674],[99.14447,22.153533],[99.166381,22.132087],[99.212269,22.11245],[99.252887,22.102786],[99.329988,22.095552],[99.364922,22.098859],[99.42497,22.122423],[99.438612,22.124232],[99.490392,22.104337],[99.505068,22.103355],[99.538968,22.106714],[99.633536,22.084751],[99.642217,22.079945],[99.650072,22.071936],[99.65927,22.054572],[99.663818,22.048733],[99.683868,22.039018],[99.69379,22.046924],[99.703816,22.061239],[99.723659,22.070592],[99.739162,22.066768],[99.799882,22.037467],[99.807478,22.030956],[99.813421,22.022998],[99.821018,22.017779],[99.833678,22.019484],[99.84174,22.02708],[99.842308,22.047027],[99.847838,22.055037],[99.866855,22.05788],[99.942406,22.045529],[99.934913,22.032506],[99.934344,22.018864],[99.939822,22.005893],[99.950467,21.995351],[99.96566,21.963002],[99.955273,21.924554],[99.920185,21.852001],[99.917963,21.82916],[99.922097,21.812261],[99.939202,21.777018],[99.95026,21.721156],[99.960699,21.704774],[99.996718,21.686119],[100.082345,21.684466],[100.120534,21.673665],[100.135159,21.662348],[100.142807,21.654907],[100.146321,21.649222],[100.143737,21.640024],[100.136192,21.63682],[100.126115,21.634856],[100.115728,21.629482],[100.103946,21.615633],[100.094851,21.598838],[100.08865,21.581836],[100.085601,21.567574],[100.086066,21.550934],[100.089994,21.52892],[100.09728,21.508301],[100.10777,21.495537],[100.128337,21.482359],[100.162496,21.436367],[100.187145,21.427892],[100.197894,21.433215],[100.230243,21.456831],[100.244093,21.464531],[100.275202,21.475176],[100.289516,21.483134],[100.30228,21.49533],[100.302487,21.495537],[100.314631,21.512952],[100.326517,21.524269],[100.341968,21.530367],[100.363259,21.531762],[100.383671,21.527834],[100.399122,21.518894],[100.429301,21.495382],[100.434262,21.47838],[100.44346,21.463497],[100.456689,21.455022],[100.474259,21.456831],[100.4971,21.461792],[100.545986,21.453007],[100.571825,21.455074],[100.621744,21.469078],[100.645774,21.479879],[100.661328,21.49533],[100.661535,21.495537],[100.703961,21.516414],[100.75662,21.569847],[100.79703,21.626123],[100.834909,21.657542],[100.877491,21.677334],[100.974281,21.704154],[100.992781,21.711441],[101.042907,21.745392],[101.055309,21.754539],[101.068693,21.762032],[101.082801,21.766735],[101.118871,21.75981],[101.124866,21.744152],[101.127656,21.695163],[101.136338,21.684724],[101.149257,21.676766],[101.161453,21.658369],[101.168842,21.637853],[101.166724,21.623281],[101.173855,21.611912],[101.167654,21.600181],[101.157732,21.586229],[101.154218,21.568039],[101.159024,21.552691],[101.161143,21.534707],[101.157112,21.519669],[101.143159,21.513417],[101.003426,21.405981],[100.909943,21.360093],[100.896043,21.355752],[100.862453,21.323299],[100.851342,21.314772],[100.8146,21.3002],[100.791966,21.297357],[100.772588,21.30423],[100.764991,21.309191],[100.756671,21.312447],[100.747731,21.314256],[100.738378,21.314772],[100.725407,21.311672],[100.721996,21.303662],[100.722565,21.292707],[100.721066,21.280666],[100.689388,21.15933],[100.637557,21.069671],[100.625516,21.054117],[100.606758,21.043936],[100.561851,21.0351],[100.543454,21.0274],[100.555753,20.999856],[100.557252,20.992001],[100.551981,20.985335],[100.533274,20.97345],[100.529243,20.968437],[100.527073,20.94694],[100.517823,20.906322],[100.515704,20.886478],[100.534204,20.873921],[100.623088,20.888545],[100.65213,20.882757],[100.65213,20.876608],[100.626602,20.853509],[100.607776,20.839881],[100.598903,20.833458],[100.569034,20.8178],[100.536685,20.807672],[100.513379,20.807],[100.470849,20.818265],[100.383671,20.831701],[100.364809,20.828187],[100.351115,20.81532],[100.341968,20.799507],[100.329669,20.786019],[100.290188,20.775012],[100.27453,20.76199],[100.248744,20.731966],[100.221613,20.70959],[100.21133,20.697394],[100.207196,20.680754],[100.202338,20.667939],[100.180169,20.638173],[100.172934,20.622102],[100.172934,20.609079],[100.160067,20.582672],[100.149266,20.548101],[100.136657,20.459217],[100.127407,20.42785],[100.125237,20.406404],[100.120948,20.388782],[100.111129,20.37483],[100.099812,20.362221],[100.097073,20.348371],[100.097642,20.334936],[100.099295,20.317805],[100.055474,20.344186],[100.047619,20.355244],[100.042658,20.364779],[100.036147,20.373124],[100.022918,20.380773],[100.008448,20.383589],[99.996718,20.383511],[99.985917,20.387025],[99.974342,20.400823],[99.96473,20.408626],[99.961113,20.417825],[99.958787,20.427488],[99.952379,20.436273],[99.942044,20.444025],[99.937135,20.445006],[99.932484,20.442733],[99.877913,20.435136],[99.855693,20.428057],[99.837709,20.416843],[99.82634,20.401392],[99.813008,20.36527],[99.804016,20.348992],[99.78717,20.334083],[99.7696,20.328424],[99.729085,20.328528],[99.708415,20.325014],[99.671259,20.310131],[99.651932,20.306824],[99.642217,20.308839],[99.627024,20.318761],[99.618033,20.322378],[99.607594,20.323153],[99.589301,20.320776],[99.579689,20.321241],[99.502898,20.345219],[99.454115,20.377104],[99.439956,20.382168],[99.420629,20.375553],[99.42962,20.358681],[99.466414,20.322172],[99.474992,20.303723],[99.486258,20.245484],[99.518917,20.212178],[99.525842,20.196184],[99.520571,20.170966],[99.510339,20.15381],[99.508734,20.152805],[99.49928,20.146885],[99.487498,20.141252],[99.474476,20.128075],[99.441403,20.101617],[99.321203,20.06627],[99.295675,20.062497],[99.275315,20.072187],[99.236454,20.102728],[99.218987,20.110453],[99.177749,20.121796],[99.158422,20.123553],[99.117495,20.117791],[99.073466,20.101229],[99.036466,20.075158],[99.016829,20.041],[99.005874,19.972348],[99.007011,19.962452],[99.012798,19.944236],[99.013522,19.93496],[99.010938,19.930206],[99.006184,19.924935],[99.001429,19.917881],[98.999362,19.907727],[99.00267,19.883594],[99.007631,19.864887],[99.008768,19.845922],[99.000913,19.821013],[98.987684,19.799361],[98.973834,19.78807],[98.935077,19.773471],[98.899317,19.748615],[98.883711,19.745463],[98.864487,19.773213],[98.851878,19.784039],[98.837925,19.793444],[98.80785,19.806544],[98.749248,19.763498],[98.730128,19.757296],[98.641348,19.744946],[98.623778,19.737504],[98.615407,19.729779],[98.598353,19.709082],[98.590705,19.704096],[98.568278,19.699987],[98.548331,19.692649],[98.537995,19.68389],[98.536548,19.677095],[98.532621,19.675854],[98.515464,19.683373],[98.505129,19.691512],[98.497584,19.700711],[98.488799,19.706705],[98.477801,19.705629],[98.474537,19.70531],[98.439603,19.68774],[98.394438,19.686345],[98.347619,19.690634],[98.307312,19.689988],[98.262767,19.66986],[98.237548,19.664692],[98.219152,19.676991],[98.216671,19.687456],[98.217911,19.707971],[98.213261,19.717764],[98.205922,19.721485],[98.172023,19.731562],[98.132232,19.766056],[98.111355,19.77714],[98.08593,19.773161],[98.072907,19.777295],[98.060608,19.793909],[98.045622,19.807629],[98.024538,19.802978],[98.017924,19.789388],[98.004591,19.723913],[98.005625,19.705646],[98.013893,19.669447],[98.013583,19.651747],[98.008312,19.639112],[98.000147,19.636296],[97.990432,19.636554],[97.979476,19.633325],[97.970691,19.625935],[97.956119,19.609373],[97.948057,19.602422],[97.885839,19.572812],[97.869123,19.57049],[97.848632,19.567644],[97.839847,19.555319],[97.838916,19.537103],[97.840984,19.517156],[97.844291,19.504521],[97.848115,19.49956],[97.848735,19.493979],[97.84212,19.479381],[97.833542,19.468709],[97.800366,19.440778],[97.767086,19.397525],[97.767706,19.390368],[97.775148,19.371067],[97.776698,19.361093],[97.783106,19.33709],[97.797059,19.318383],[97.806154,19.301097],[97.798299,19.281408],[97.788687,19.277739],[97.777318,19.278618],[97.768016,19.277119],[97.764089,19.266396],[97.76967,19.257275],[97.796335,19.236682],[97.805223,19.227355],[97.812561,19.208467],[97.815145,19.190561],[97.810804,19.11222],[97.804087,19.097957],[97.789927,19.082583],[97.727812,19.037082],[97.71696,19.018323],[97.710449,18.979902],[97.703318,18.964373],[97.689055,18.949749],[97.668074,18.935434],[97.657842,18.925719],[97.661873,18.913782],[97.684404,18.892491],[97.708589,18.875206],[97.71913,18.864638],[97.723368,18.851977],[97.719441,18.82588],[97.720371,18.817638],[97.73267,18.780509],[97.73577,18.762654],[97.736287,18.740588],[97.741248,18.703149],[97.752617,18.663436],[97.759748,18.622792],[97.75179,18.582484],[97.745692,18.571064],[97.742798,18.569255],[97.737941,18.570496],[97.690295,18.557886],[97.637378,18.559282],[97.617948,18.553158],[97.548392,18.509078],[97.509531,18.491276],[97.462815,18.492464],[97.438114,18.488123],[97.427469,18.489519],[97.416617,18.49603],[97.412172,18.503032],[97.409382,18.511352],[97.388918,18.542228],[97.380133,18.547758],[97.372899,18.548617],[97.351401,18.551169],[97.357602,18.539903],[97.3791,18.520783],[97.390468,18.501818],[97.394602,18.48709],[97.41765,18.441149],[97.443075,18.403348],[97.446486,18.381179],[97.446796,18.358312],[97.452583,18.333611],[97.466536,18.311442],[97.486483,18.29214],[97.508084,18.27656],[97.528341,18.26532],[97.537643,18.272581],[97.541984,18.280229],[97.560587,18.328262],[97.562448,18.33051],[97.573816,18.333094],[97.624666,18.313405],[97.637585,18.306326],[97.643786,18.291314],[97.643269,18.27302],[97.635725,18.257595],[97.620739,18.251083],[97.617948,18.241678],[97.629007,18.220853],[97.680373,18.15264],[97.684301,18.146103],[97.685334,18.14016],[97.685334,18.131608],[97.687505,18.119825],[97.696806,18.101584],[97.69908,18.090654],[97.698047,18.08466],[97.693706,18.075125],[97.692776,18.070113],[97.694222,18.061508],[97.697736,18.060733],[97.702181,18.061844],[97.706418,18.059286],[97.720061,18.053059],[97.722128,18.048925],[97.725228,18.036755],[97.739801,18.002933],[97.744039,17.997817],[97.747242,17.992495],[97.75179,17.980764],[97.754064,17.969034],[97.75086,17.963659],[97.747553,17.96092],[97.720061,17.943195],[97.691845,17.895601],[97.685541,17.880718],[97.69908,17.833331],[97.676136,17.830334],[97.683991,17.816536],[97.696496,17.806563],[97.706521,17.794729],[97.711172,17.781293],[97.716857,17.769769],[97.741041,17.750184],[97.74962,17.739849],[97.751583,17.729565],[97.75179,17.718093],[97.753134,17.70538],[97.759335,17.691479],[97.768947,17.67918],[97.907994,17.554866],[97.933794,17.531799],[97.948574,17.522394],[97.972242,17.511697],[97.982784,17.505444],[97.991672,17.495729],[97.996116,17.480795],[98.018234,17.447412],[98.028569,17.418783],[98.035494,17.405037],[98.048723,17.391549],[98.062262,17.384831],[98.076835,17.380026],[98.08872,17.372791],[98.094715,17.358631],[98.094095,17.346333],[98.090477,17.325249],[98.092648,17.312226],[98.100606,17.302614],[98.186182,17.224221],[98.201788,17.215694],[98.221012,17.20076],[98.256255,17.151616],[98.278993,17.136578],[98.270828,17.127793],[98.266177,17.116372],[98.268348,17.107742],[98.294393,17.107587],[98.295323,17.099836],[98.290155,17.090844],[98.286228,17.087434],[98.299664,17.064748],[98.313306,17.052035],[98.330669,17.046868],[98.379762,17.045782],[98.399916,17.04015],[98.417899,17.029039],[98.436193,17.011573],[98.446735,16.996328],[98.463685,16.963617],[98.474537,16.950439],[98.480428,16.937262],[98.480738,16.92057],[98.484458,16.905894],[98.500065,16.898918],[98.50947,16.892665],[98.515981,16.878971],[98.524559,16.850445],[98.51195,16.859282],[98.500582,16.862228],[98.49252,16.857422],[98.49004,16.843211],[98.49438,16.83117],[98.503372,16.826003],[98.513191,16.822178],[98.520529,16.814117],[98.517531,16.803006],[98.505439,16.790656],[98.489213,16.780734],[98.474537,16.776652],[98.462548,16.760115],[98.454693,16.740995],[98.456657,16.723218],[98.486319,16.700997],[98.491383,16.689732],[98.498411,16.662395],[98.51226,16.643275],[98.54709,16.620124],[98.56156,16.601727],[98.565797,16.591547],[98.567761,16.582503],[98.567347,16.573305],[98.56404,16.562711],[98.564247,16.551962],[98.570448,16.541575],[98.631633,16.463131],[98.639798,16.444992],[98.638248,16.43445],[98.628222,16.413573],[98.629463,16.402669],[98.642382,16.373627],[98.656954,16.301642],[98.663259,16.286656],[98.682379,16.273478],[98.698399,16.28495],[98.728268,16.328255],[98.788626,16.374557],[98.802062,16.398277],[98.810433,16.439618],[98.818702,16.455638],[98.839579,16.472432],[98.843403,16.438378],[98.86211,16.420653],[98.885261,16.406183],[98.902521,16.381637],[98.903348,16.363447],[98.893426,16.319884],[98.888672,16.274563],[98.883711,16.25875],[98.855599,16.226969],[98.843093,16.208728],[98.836685,16.189039],[98.834721,16.167748],[98.835445,16.144545],[98.830794,16.135605],[98.807229,16.110542],[98.798444,16.104444],[98.783045,16.102429],[98.776017,16.106873],[98.770332,16.11385],[98.758447,16.119172],[98.697159,16.126872],[98.679589,16.126149],[98.658711,16.116278],[98.65034,16.099639],[98.644139,16.07964],[98.630186,16.060003],[98.619127,16.051011],[98.611582,16.046929],[98.603108,16.045843],[98.590085,16.045792],[98.579957,16.048789],[98.567658,16.053957],[98.555875,16.055507],[98.546987,16.047497],[98.550088,16.034216],[98.576959,15.996906],[98.583781,15.976959],[98.58068,15.95913],[98.568588,15.920166],[98.569311,15.896137],[98.576649,15.854176],[98.574375,15.835985],[98.54306,15.735371],[98.540269,15.711962],[98.544055,15.675098],[98.545747,15.658632],[98.54368,15.601504],[98.567141,15.452546],[98.569001,15.402136],[98.559906,15.355317],[98.533551,15.325965],[98.530244,15.347721],[98.515464,15.363456],[98.495,15.374799],[98.474537,15.383481],[98.455416,15.373636],[98.439397,15.36759],[98.40343,15.360097],[98.396919,15.35573],[98.396195,15.347617],[98.400329,15.330667],[98.399089,15.321779],[98.393611,15.316276],[98.384826,15.311366],[98.383689,15.310281],[98.381209,15.306638],[98.378832,15.301625],[98.377488,15.296458],[98.379969,15.293848],[98.386067,15.290386],[98.392061,15.285838],[98.394748,15.280076],[98.394748,15.264909],[98.392268,15.258243],[98.38524,15.256253],[98.370254,15.261912],[98.336044,15.282169],[98.317854,15.28899],[98.295116,15.292608],[98.283024,15.289972],[98.247677,15.240931],[98.232898,15.226798],[98.215431,15.218865],[98.207693,15.219216],[98.17719,15.220597],[98.177906,15.208921],[98.177914,15.208789],[98.18468,15.193155],[98.19073,15.179178],[98.185769,15.160781],[98.164995,15.125796],[98.160447,15.106366],[98.168072,15.082771],[98.1988,15.051583],[98.198998,15.051382],[98.204372,15.029575],[98.201168,15.019291],[98.195691,15.010687],[98.19135,15.001153],[98.191224,14.99321],[98.191143,14.98813],[98.19507,14.977588],[98.214914,14.943172],[98.221632,14.921261],[98.220392,14.885268],[98.222149,14.864262],[98.225146,14.858965],[98.235895,14.850387],[98.239099,14.844005],[98.238789,14.839095],[98.235378,14.824548],[98.243336,14.805118],[98.297493,14.721247],[98.418209,14.607559],[98.431335,14.587845],[98.440017,14.56627],[98.445494,14.542033],[98.452832,14.528055],[98.465131,14.523352],[98.478154,14.516505],[98.54771,14.377676],[98.593186,14.321608],[98.601454,14.313649],[98.614476,14.305149],[98.621504,14.30241],[98.636904,14.298973],[98.644242,14.295666],[98.650753,14.289413],[98.663569,14.272877],[98.67039,14.267916],[98.685583,14.267399],[98.697365,14.271378],[98.706977,14.269983],[98.731058,14.2235],[98.753693,14.200116],[98.872342,14.112473],[98.893736,14.103249],[98.917714,14.096376],[98.935284,14.085395],[98.945309,14.069142],[98.947583,14.046405],[98.952957,14.028034],[98.98479,13.990594],[98.996985,13.971629],[99.007114,13.949641],[99.016209,13.937936],[99.047628,13.914992],[99.052072,13.909049],[99.057137,13.894088],[99.061064,13.888016],[99.066335,13.885329],[99.080288,13.881557],[99.084835,13.878534],[99.090003,13.870111],[99.092173,13.863574],[99.091863,13.855925],[99.089486,13.843911],[99.089796,13.826651],[99.101165,13.778824],[99.108813,13.762701],[99.141266,13.732109],[99.146779,13.723674],[99.152531,13.714875],[99.152841,13.688726],[99.149534,13.665989],[99.152015,13.581963],[99.187878,13.42714],[99.188808,13.407917],[99.183641,13.357971],[99.186948,13.338748],[99.186948,13.329136],[99.18271,13.318723],[99.176923,13.310326],[99.172789,13.300921],[99.173409,13.287433],[99.186018,13.249993],[99.190152,13.229504],[99.187258,13.212244],[99.18648,13.211559],[99.172789,13.199506],[99.133204,13.195165],[99.114084,13.188085],[99.102095,13.171342],[99.102199,13.151834],[99.105299,13.129613],[99.102509,13.104395],[99.093827,13.080676],[99.088349,13.058351],[99.093207,13.038327],[99.115324,13.021403],[99.132481,13.011042],[99.151084,12.994789],[99.16483,12.975514],[99.167311,12.956006],[99.163073,12.944663],[99.157906,12.935956],[99.154185,12.926602],[99.153151,12.913554],[99.155322,12.904485],[99.168448,12.874099],[99.171858,12.843326],[99.175269,12.83343],[99.183227,12.822578],[99.203071,12.803871],[99.210719,12.792269],[99.21444,12.771676],[99.2132,12.752608],[99.21413,12.73465],[99.224465,12.717468],[99.233457,12.713127],[99.256298,12.709458],[99.266736,12.702843],[99.27118,12.6938],[99.273454,12.673543],[99.276865,12.665585],[99.28627,12.660004],[99.309731,12.653492],[99.317172,12.645896],[99.32358,12.635406],[99.333399,12.625432],[99.344458,12.61675],[99.393757,12.589775],[99.403265,12.575926],[99.404747,12.566941],[99.407296,12.551483],[99.407089,12.530244],[99.404196,12.508127],[99.400268,12.497481],[99.389519,12.475984],[99.387039,12.465907],[99.391276,12.44534],[99.414014,12.405239],[99.420629,12.38338],[99.423419,12.327776],[99.426727,12.308655],[99.432204,12.296408],[99.447604,12.278218],[99.454425,12.267263],[99.457112,12.256411],[99.454735,12.238221],[99.455562,12.227575],[99.459386,12.217085],[99.470135,12.197396],[99.473752,12.187268],[99.471995,12.173625],[99.46383,12.164582],[99.454115,12.156882],[99.448844,12.147218],[99.452255,12.12939],[99.466311,12.126031],[99.522638,12.144221],[99.53287,12.144531],[99.541655,12.140655],[99.545789,12.13187],[99.543515,12.122465],[99.539278,12.112285],[99.537624,12.100865],[99.521708,12.053684],[99.518401,12.025934],[99.534317,12.011568],[99.553334,12.005522],[99.566976,11.993326],[99.574004,11.976324],[99.572867,11.955912],[99.557365,11.915605],[99.554057,11.895037],[99.561395,11.87292],[99.573798,11.857727],[99.591781,11.842276],[99.611005,11.830183],[99.627955,11.825378],[99.630022,11.815766],[99.615346,11.749413],[99.606871,11.725694],[99.542585,11.640479],[99.5307,11.630919],[99.489152,11.628439],[99.466104,11.623943],[99.449774,11.613763],[99.440576,11.597278],[99.439232,11.57392],[99.441093,11.533406],[99.437372,11.516688],[99.428173,11.496896],[99.415874,11.480231],[99.387039,11.45155],[99.377634,11.435505],[99.372053,11.410855],[99.370503,11.393337],[99.364301,11.376723],[99.326371,11.336234],[99.315726,11.320809],[99.300533,11.28063],[99.28844,11.258306],[99.256194,11.219988],[99.243275,11.197664],[99.212993,11.108264],[99.206172,11.100021],[99.184881,11.092967],[99.175062,11.087438],[99.167621,11.077981],[99.158216,11.057311],[99.151705,11.047673],[99.140946,11.03941],[99.133101,11.033385],[99.093207,11.012972],[99.076877,10.996513],[99.072536,10.987599],[99.063648,10.95742],[99.05507,10.94525],[99.045251,10.945509],[99.034709,10.950961],[99.02334,10.954371],[99.010628,10.956232],[99.005564,10.958815],[99.001533,10.957627],[98.992334,10.947963],[98.98665,10.939308],[98.982619,10.928946],[98.980242,10.918017],[98.979622,10.907656],[98.981792,10.895486],[98.989751,10.875151],[98.989854,10.860449],[98.986133,10.840321],[98.981896,10.832415],[98.974454,10.824198],[98.9697,10.823113],[98.934043,10.807714],[98.923295,10.808101],[98.914716,10.812287],[98.905415,10.814406],[98.892082,10.808515],[98.883607,10.799187],[98.879191,10.788203],[98.875339,10.77862],[98.868208,10.769886],[98.86087,10.767664],[98.839579,10.766398],[98.83007,10.763556],[98.81095,10.746632],[98.766715,10.688754],[98.756793,10.666068],[98.747905,10.623125],[98.751522,10.610361],[98.770746,10.59398],[98.777257,10.583231],[98.791313,10.520418],[98.790383,10.500265],[98.776534,10.462102],[98.766405,10.4112],[98.747406,10.350531],[98.739919,10.347357],[98.735037,10.343085],[98.731212,10.337348],[98.718923,10.312567],[98.70281,10.262763],[98.696056,10.2237],[98.687022,10.208401],[98.66505,10.185452],[98.644216,10.155015],[98.589854,10.04206],[98.560557,10.002143],[98.543142,9.987454],[98.53533,9.997382],[98.533458,10.006741],[98.524425,10.021064],[98.521007,10.028998],[98.52003,10.038886],[98.521495,10.059394],[98.521007,10.069322],[98.514822,10.101508],[98.513927,10.146918],[98.493663,10.179185],[98.490489,10.190619],[98.489594,10.197903],[98.490733,10.204332],[98.507579,10.24494],[98.512218,10.26142],[98.5171,10.30744],[98.528494,10.343248],[98.528494,10.364203],[98.512218,10.422797],[98.494151,10.45246],[98.493419,10.472724],[98.500499,10.515041],[98.495453,10.556871],[98.46339,10.630032],[98.458995,10.672675],[98.459321,10.715399],[98.463552,10.729438],[98.476573,10.734687],[98.498302,10.731594],[98.510997,10.722886],[98.528494,10.693101],[98.538748,10.704413],[98.538341,10.718695],[98.531016,10.732164],[98.521007,10.740953],[98.532563,10.746772],[98.543712,10.745063],[98.55421,10.737982],[98.563243,10.727281],[98.569998,10.743109],[98.577403,10.770413],[98.583018,10.781928],[98.599864,10.805487],[98.602712,10.819485],[98.59669,10.837144],[98.606944,10.836371],[98.615977,10.838446],[98.624034,10.843207],[98.63087,10.850816],[98.620128,10.85456],[98.59547,10.856838],[98.586436,10.861029],[98.581798,10.867255],[98.578868,10.87519],[98.581554,10.882025],[98.61378,10.890286],[98.625011,10.902004],[98.634044,10.913723],[98.64796,10.919094],[98.652843,10.917182],[98.663829,10.908271],[98.673106,10.905463],[98.675059,10.908515],[98.68922,10.913398],[98.703624,10.916164],[98.706554,10.912828],[98.712413,10.924384],[98.716807,10.942206],[98.717621,10.960679],[98.712738,10.974311],[98.720225,10.980536],[98.713878,10.989976],[98.696544,11.00259],[98.692882,11.00845],[98.695323,11.020087],[98.700938,11.02497],[98.708344,11.027655],[98.716482,11.032375],[98.722423,11.044867],[98.718272,11.058824],[98.710623,11.076077],[98.706554,11.097846],[98.688813,11.092475],[98.67628,11.100572],[98.658214,11.131985],[98.702647,11.143622],[98.724132,11.156195],[98.733165,11.176011],[98.733165,11.207099],[98.745616,11.236029],[98.750987,11.257066],[98.757091,11.263373],[98.759288,11.268948],[98.74643,11.285875],[98.726573,11.333441],[98.721934,11.350084],[98.721365,11.367255],[98.727061,11.385199],[98.702647,11.379055],[98.698009,11.388007],[98.706554,11.423082],[98.715343,11.443183],[98.735688,11.450141],[98.774913,11.453518],[98.765636,11.467434],[98.763438,11.506252],[98.754405,11.522406],[98.745291,11.524848],[98.728852,11.517646],[98.720225,11.522406],[98.717947,11.531887],[98.725759,11.548407],[98.720225,11.557115],[98.733572,11.573432],[98.736339,11.588772],[98.733165,11.624823],[98.735606,11.642035],[98.741547,11.665025],[98.752208,11.681708],[98.768077,11.68008],[98.780284,11.68651],[98.787934,11.683336],[98.795177,11.676825],[98.805919,11.673245],[98.817149,11.677395],[98.818696,11.687201],[98.818126,11.698676],[98.822602,11.707953],[98.83546,11.71011],[98.85434,11.707099],[98.872895,11.700914],[98.884776,11.693671],[98.891612,11.693671],[98.87672,11.722642],[98.804942,11.736518],[98.78297,11.755113],[98.790294,11.77969],[98.812022,11.802639],[98.825694,11.825873],[98.80893,11.851304],[98.816091,11.833808],[98.810232,11.822008],[98.800548,11.813788],[98.79127,11.802476],[98.768077,11.761949],[98.761485,11.760891],[98.744151,11.762519],[98.740733,11.758531],[98.737966,11.756496],[98.725841,11.74433],[98.723643,11.741441],[98.712169,11.736518],[98.708995,11.724514],[98.708263,11.709947],[98.703136,11.697455],[98.692638,11.686754],[98.684337,11.682807],[98.674164,11.685248],[98.647634,11.700507],[98.616873,11.7237],[98.610362,11.731269],[98.608735,11.7414],[98.603282,11.753607],[98.603526,11.761949],[98.605968,11.769192],[98.617849,11.789252],[98.623302,11.79328],[98.628917,11.791938],[98.632091,11.792873],[98.63087,11.803616],[98.603526,11.803616],[98.619314,11.825873],[98.624034,11.830268],[98.631358,11.832099],[98.64088,11.832261],[98.648692,11.831488],[98.651378,11.830268],[98.66033,11.845201],[98.667979,11.863593],[98.680919,11.877346],[98.706554,11.878648],[98.694102,11.89289],[98.673106,11.892076],[98.63087,11.878648],[98.549001,11.878648],[98.558116,11.899115],[98.578136,11.906684],[98.627452,11.905951],[98.64503,11.910224],[98.664073,11.920356],[98.67921,11.932807],[98.690929,11.954332],[98.702891,11.959052],[98.714854,11.961168],[98.720225,11.964301],[98.721446,11.997789],[98.720225,12.008368],[98.713145,12.025214],[98.705333,12.036851],[98.703136,12.048082],[98.712738,12.063625],[98.66505,12.060248],[98.658458,12.067125],[98.64503,12.07807],[98.6338,12.090318],[98.634288,12.101142],[98.640961,12.113674],[98.636241,12.122545],[98.629649,12.131985],[98.63087,12.146186],[98.637869,12.151068],[98.650727,12.155097],[98.673106,12.159166],[98.673106,12.166653],[98.658214,12.166653],[98.667654,12.17768],[98.695811,12.193101],[98.709727,12.20425],[98.713715,12.215766],[98.710216,12.228013],[98.703298,12.237779],[98.6963,12.241767],[98.662934,12.236802],[98.64088,12.224555],[98.62143,12.20897],[98.59669,12.193996],[98.588552,12.197699],[98.570811,12.203518],[98.563243,12.207668],[98.54713,12.223456],[98.539073,12.241767],[98.540212,12.260972],[98.552013,12.279608],[98.56837,12.29092],[98.587657,12.297065],[98.676768,12.315253],[98.697765,12.327948],[98.706554,12.347886],[98.699962,12.363959],[98.684255,12.373236],[98.651378,12.385728],[98.626801,12.409573],[98.62086,12.413723],[98.607432,12.41828],[98.605154,12.428941],[98.610362,12.450914],[98.611339,12.473049],[98.616222,12.485745],[98.628429,12.492133],[98.651378,12.495592],[98.68922,12.495592],[98.701427,12.498725],[98.708751,12.505561],[98.709727,12.512397],[98.703136,12.51553],[98.694835,12.517035],[98.681488,12.52558],[98.673106,12.529731],[98.661957,12.531317],[98.650727,12.530951],[98.639985,12.531887],[98.63087,12.537258],[98.623057,12.558173],[98.631196,12.579332],[98.644379,12.600653],[98.651378,12.62226],[98.654633,12.625718],[98.661876,12.625474],[98.669444,12.624457],[98.673106,12.625393],[98.672211,12.631741],[98.66505,12.64643],[98.667654,12.674791],[98.673106,12.687445],[98.680349,12.697008],[98.686697,12.702826],[98.691173,12.710435],[98.692882,12.725287],[98.689301,12.728095],[98.661632,12.721584],[98.648448,12.723334],[98.641775,12.728095],[98.64088,12.734687],[98.644542,12.742011],[98.652354,12.745429],[98.663097,12.745103],[98.673025,12.746812],[98.678722,12.756293],[98.670177,12.760932],[98.627696,12.756252],[98.617849,12.766262],[98.617442,12.777411],[98.618988,12.775092],[98.624034,12.77619],[98.634532,12.781195],[98.641775,12.782416],[98.646983,12.785793],[98.651378,12.797309],[98.634288,12.878607],[98.624766,12.884223],[98.601248,12.911038],[98.589854,12.919582],[98.600108,12.941636],[98.606781,12.950629],[98.614024,12.954291],[98.610362,12.959621],[98.59669,12.995917],[98.586192,13.016506],[98.583832,13.026597],[98.580414,13.065375],[98.582042,13.077053],[98.589854,13.084662],[98.583344,13.113959],[98.578461,13.186754],[98.565929,13.201361],[98.553071,13.208075],[98.500499,13.249172],[98.495128,13.285468],[98.489919,13.297838],[98.479991,13.283881],[98.475271,13.292914],[98.47283,13.302924],[98.472423,13.313625],[98.473155,13.324897],[98.46046,13.35578],[98.460134,13.36933],[98.473155,13.379462],[98.47169,13.38642],[98.471202,13.394192],[98.473155,13.413031],[98.464203,13.407701],[98.458995,13.39997],[98.45281,13.379462],[98.453787,13.396389],[98.450938,13.411363],[98.445323,13.424302],[98.439138,13.43476],[98.434418,13.438463],[98.428233,13.441799],[98.422374,13.446601],[98.41863,13.454576],[98.419444,13.462226],[98.42921,13.471177],[98.431651,13.478746],[98.426443,13.490058],[98.403331,13.522447],[98.394054,13.542792],[98.383962,13.551907],[98.370616,13.559516],[98.357188,13.56387],[98.361095,13.576158],[98.356619,13.584866],[98.336111,13.598578],[98.336436,13.619818],[98.298839,13.671047],[98.288259,13.69477],[98.295665,13.687974],[98.302013,13.700995],[98.276703,13.70718],[98.257335,13.706366],[98.244802,13.714057],[98.240489,13.746039],[98.251964,13.782538],[98.254161,13.797797],[98.251964,13.811672],[98.248383,13.82453],[98.247813,13.837592],[98.254161,13.851793],[98.248057,13.862779],[98.233653,13.917304],[98.233653,13.961656],[98.231212,13.97248],[98.227794,13.981269],[98.227224,13.988959],[98.233653,13.996487],[98.233653,14.002631],[98.222423,14.013088],[98.208669,14.029608],[98.197032,14.048163],[98.192149,14.064683],[98.185802,14.064683],[98.184581,14.052558],[98.180024,14.031643],[98.178966,14.019721],[98.18214,14.014309],[98.1963,13.99787],[98.199474,13.992743],[98.198253,13.964911],[98.19337,13.951809],[98.182384,13.937812],[98.180186,13.925035],[98.19516,13.886949],[98.199474,13.869208],[98.197276,13.850328],[98.187999,13.815131],[98.179454,13.732408],[98.193533,13.686265],[98.196056,13.668362],[98.19337,13.651557],[98.185802,13.632758],[98.182384,13.627102],[98.178884,13.622626],[98.175304,13.616604],[98.17156,13.606024],[98.168956,13.59398],[98.168468,13.584296],[98.17156,13.56387],[98.183442,13.551703],[98.18686,13.54385],[98.178966,13.537095],[98.171072,13.537828],[98.163829,13.543524],[98.151052,13.557603],[98.149669,13.550116],[98.145844,13.542914],[98.144298,13.537095],[98.1421,13.548082],[98.142751,13.561713],[98.141368,13.573228],[98.134288,13.578111],[98.129731,13.582343],[98.134776,13.591742],[98.143728,13.601264],[98.151052,13.606024],[98.146983,13.611151],[98.141368,13.621161],[98.137462,13.626532],[98.151866,13.630357],[98.158458,13.64232],[98.158051,13.658189],[98.151052,13.673733],[98.167654,13.673163],[98.168793,13.680813],[98.160411,13.690253],[98.147634,13.69477],[98.12379,13.693508],[98.116384,13.695054],[98.103282,13.700995],[98.1067,13.707017],[98.113455,13.722805],[98.116954,13.728949],[98.092052,13.739691],[98.082774,13.769965],[98.088878,13.795111],[98.110118,13.790351],[98.104015,13.834703],[98.103282,13.87637],[98.109141,13.892483],[98.11085,13.902167],[98.1067,13.90644],[98.101248,13.908026],[98.093028,13.912177],[98.08546,13.917914],[98.082286,13.924465],[98.079275,13.948065],[98.065603,13.989325],[98.061697,14.010077],[98.066254,14.032701],[98.08839,14.063463],[98.096446,14.078355],[98.097423,14.09219],[98.107677,14.110012],[98.110118,14.123033],[98.108572,14.132636],[98.096446,14.167792],[98.110118,14.167792],[98.106456,14.18122],[98.101085,14.19184],[98.095225,14.193793],[98.08961,14.181383],[98.041759,14.242865],[98.014822,14.299506],[97.9935,14.330512],[97.986013,14.352607],[97.981293,14.376451],[97.979747,14.397406],[97.982595,14.419257],[97.995942,14.449693],[98.000255,14.468736],[97.991466,14.460028],[97.984223,14.449652],[97.97641,14.443752],[97.966075,14.44831],[97.962087,14.45775],[97.951834,14.502916],[97.921397,14.557685],[97.913585,14.586737],[97.925059,14.612779],[97.900076,14.630316],[97.885509,14.655951],[97.885509,14.684068],[97.904063,14.70897],[97.943126,14.720201],[97.968516,14.696519],[97.992442,14.663723],[98.027599,14.647528],[97.992442,14.693101],[97.982188,14.715277],[98.000255,14.722073],[97.985362,14.728176],[97.971039,14.735907],[97.96461,14.747056],[97.972911,14.763617],[97.965668,14.769517],[97.958832,14.77851],[97.953868,14.787746],[97.951834,14.794338],[97.94988,14.798896],[97.945323,14.795315],[97.938162,14.784735],[97.939952,14.782416],[97.94337,14.776679],[97.946056,14.76968],[97.945567,14.763617],[97.931163,14.752183],[97.917166,14.758612],[97.906749,14.775946],[97.904063,14.797756],[97.897227,14.797756],[97.894542,14.77969],[97.902192,14.737698],[97.893809,14.729478],[97.888357,14.726955],[97.883067,14.721503],[97.875499,14.716742],[97.863048,14.715806],[97.856212,14.718492],[97.850352,14.723619],[97.845958,14.729926],[97.84254,14.736314],[97.815115,14.850816],[97.794932,14.880154],[97.79477,14.880316],[97.800304,14.890326],[97.802501,14.900946],[97.802257,14.924709],[97.804454,14.935981],[97.813731,14.950181],[97.815929,14.958808],[97.812836,14.983344],[97.804373,14.998684],[97.791189,15.008734],[97.774262,15.017483],[97.779796,15.025784],[97.787446,15.030707],[97.796886,15.032457],[97.80836,15.031155],[97.804373,15.038235],[97.799083,15.051459],[97.79477,15.058498],[97.806814,15.075263],[97.810232,15.09512],[97.80714,15.174954],[97.810883,15.191148],[97.822765,15.209296],[97.794932,15.208808],[97.780284,15.211493],[97.769379,15.223334],[97.743175,15.266832],[97.740896,15.27558],[97.740245,15.291815],[97.742035,15.317939],[97.738292,15.329006],[97.72641,15.339586],[97.729503,15.348944],[97.73406,15.355292],[97.740896,15.358954],[97.750499,15.360093],[97.760753,15.394232],[97.766938,15.38935],[97.775157,15.393134],[97.79477,15.407904],[97.786876,15.41942],[97.761404,15.490546],[97.761892,15.503892],[97.774262,15.531399],[97.767426,15.544013],[97.742931,15.604478],[97.743663,15.610256],[97.747325,15.617743],[97.747325,15.626166],[97.74464,15.634426],[97.740245,15.641262],[97.744477,15.650702],[97.743663,15.664862],[97.738455,15.679918],[97.730235,15.692125],[97.725597,15.701321],[97.727387,15.710028],[97.7317,15.718411],[97.733897,15.726304],[97.730805,15.733954],[97.716807,15.749457],[97.712901,15.75731],[97.714122,15.763373],[97.723399,15.771796],[97.72641,15.777818],[97.727061,15.843207],[97.721365,15.856187],[97.706065,15.860338],[97.71225,15.887681],[97.691417,15.912299],[97.637218,15.949164],[97.609711,15.983873],[97.582286,16.009101],[97.575694,16.017401],[97.575938,16.022162],[97.568858,16.062405],[97.569347,16.072577],[97.571788,16.080024],[97.576996,16.084703],[97.585948,16.08633],[97.600841,16.092475],[97.612153,16.107408],[97.61964,16.125434],[97.639008,16.238349],[97.648204,16.259223],[97.65089,16.271308],[97.649913,16.28384],[97.646739,16.29328],[97.637218,16.312201],[97.626475,16.35163],[97.623057,16.394477],[97.626638,16.437567],[97.637218,16.477362],[97.651866,16.507229],[97.673839,16.533433],[97.703136,16.552069],[97.740082,16.559231],[97.740245,16.559272],[97.735525,16.566799],[97.729503,16.572496],[97.721853,16.57685],[97.712901,16.579779],[97.703543,16.573554],[97.652843,16.539862],[97.630382,16.531968],[97.612966,16.530585],[97.54835,16.538153],[97.52296,16.536444],[97.499848,16.531968],[97.493988,16.528998],[97.489431,16.524482],[97.484141,16.520209],[97.476329,16.518297],[97.470714,16.519232],[97.458751,16.523383],[97.452159,16.524563],[97.423106,16.523424],[97.402599,16.516913],[97.386485,16.503892],[97.370291,16.483547],[97.337413,16.631578],[97.337413,16.655504],[97.329828,16.679847],[97.311194,16.652366],[97.285836,16.658922],[97.255445,16.697869],[97.240276,16.731901],[97.230173,16.769142],[97.230209,16.796646],[97.244802,16.81745],[97.235688,16.829535],[97.233084,16.83983],[97.233409,16.848944],[97.240489,16.874579],[97.233084,16.874579],[97.224294,16.853258],[97.220876,16.840644],[97.219493,16.826158],[97.208995,16.833197],[97.204845,16.845201],[97.2046,16.859809],[97.205821,16.874579],[97.219493,16.901272],[97.211436,16.907864],[97.202403,16.906806],[97.19158,16.901272],[97.183279,16.921536],[97.186697,16.947008],[97.198985,16.997463],[97.198253,17.013495],[97.195079,17.021877],[97.178477,17.038479],[97.17213,17.046576],[97.164561,17.059312],[97.158539,17.073717],[97.157237,17.086859],[97.17449,17.112494],[97.202403,17.106024],[97.233653,17.09516],[97.260997,17.107327],[97.222341,17.125434],[97.202647,17.131578],[97.181895,17.134019],[97.158051,17.129299],[97.14796,17.116889],[97.141938,17.099351],[97.130626,17.079413],[97.114431,17.100328],[97.100271,17.133775],[97.095958,17.165758],[97.10963,17.18244],[97.10963,17.189276],[97.088715,17.193508],[97.081798,17.209784],[97.078624,17.23135],[97.068614,17.25137],[97.048676,17.26081],[97.023611,17.267483],[97.007172,17.278062],[97.013357,17.29914],[96.904552,17.375312],[96.895518,17.38467],[96.889903,17.394721],[96.887055,17.411851],[96.888357,17.444281],[96.883067,17.457424],[96.871593,17.441718],[96.863455,17.403388],[96.855724,17.388495],[96.852061,17.394029],[96.844493,17.402655],[96.842052,17.409003],[96.835704,17.406195],[96.829845,17.402411],[96.82488,17.398383],[96.821544,17.394721],[96.82838,17.388495],[96.851248,17.359565],[96.884613,17.338853],[96.910655,17.317084],[96.910899,17.284857],[96.890473,17.260932],[96.865489,17.240302],[96.849376,17.212958],[96.855724,17.168769],[96.895274,17.101549],[96.910167,17.06684],[96.910899,17.024807],[96.904959,17.010403],[96.886892,16.979397],[96.87908,16.934719],[96.868337,16.928412],[96.835216,16.936021],[96.838064,16.926459],[96.84254,16.91767],[96.848399,16.909329],[96.855724,16.901272],[96.842784,16.902493],[96.820811,16.907538],[96.807872,16.908677],[96.807872,16.901272],[96.821544,16.894355],[96.834321,16.88524],[96.844005,16.873928],[96.848888,16.860297],[96.84669,16.844916],[96.831879,16.821926],[96.825694,16.799384],[96.81129,16.764716],[96.796397,16.762356],[96.789399,16.75609],[96.790863,16.747463],[96.801036,16.737372],[96.783214,16.712348],[96.766124,16.697089],[96.725841,16.669135],[96.716319,16.658352],[96.698416,16.62995],[96.679473,16.574868],[96.640027,16.545373],[96.615943,16.518005],[96.55898,16.496897],[96.497627,16.484187],[96.436261,16.477768],[96.400157,16.504055],[96.377126,16.508124],[96.357107,16.5185],[96.289806,16.56684],[96.273123,16.582099],[96.265961,16.596829],[96.264985,16.621772],[96.261567,16.640692],[96.255626,16.657294],[96.235525,16.697821],[96.229259,16.718736],[96.22641,16.739407],[96.225759,16.761298],[96.234548,16.776923],[96.274913,16.80268],[96.28712,16.813137],[96.257579,16.815904],[96.206554,16.777493],[96.171153,16.771552],[96.176931,16.762274],[96.194102,16.74315],[96.197765,16.734036],[96.2046,16.696479],[96.214854,16.679633],[96.240896,16.650133],[96.246104,16.631293],[96.243826,16.619452],[96.233653,16.597886],[96.231944,16.587226],[96.23463,16.576361],[96.246349,16.554877],[96.294444,16.491523],[96.310069,16.464586],[96.327322,16.453437],[96.336436,16.439439],[96.3213,16.415269],[96.304698,16.406399],[96.285336,16.365993],[96.221818,16.344787],[96.164236,16.332709],[96.144054,16.324897],[96.118988,16.321763],[96.097667,16.328559],[96.088552,16.349799],[96.077403,16.360826],[96.006602,16.387356],[96.06658,16.335639],[96.067556,16.310248],[96.018809,16.256741],[95.979991,16.223131],[95.961925,16.216702],[95.942393,16.219062],[95.941742,16.226549],[95.948578,16.239325],[95.951427,16.257636],[95.933849,16.243109],[95.92213,16.225409],[95.907888,16.211737],[95.883067,16.209174],[95.886241,16.217678],[95.889903,16.243964],[95.818126,16.176011],[95.797699,16.144924],[95.776622,16.140692],[95.755544,16.14525],[95.74586,16.158352],[95.744802,16.174628],[95.741222,16.19481],[95.73463,16.212836],[95.724864,16.222846],[95.73227,16.127265],[95.725271,16.106431],[95.697032,16.065985],[95.690684,16.048489],[95.690684,16.000678],[95.687348,15.988227],[95.664724,15.949205],[95.523448,15.803656],[95.461599,15.760728],[95.431977,15.733629],[95.415782,15.722968],[95.396495,15.716376],[95.374197,15.715033],[95.310557,15.723212],[95.294444,15.727851],[95.287934,15.740139],[95.282563,15.838324],[95.290294,15.846747],[95.302257,15.852484],[95.312673,15.866523],[95.317719,15.884182],[95.313975,15.900702],[95.338552,15.922024],[95.354747,15.951361],[95.364268,15.984565],[95.369151,16.017401],[95.3685,16.038804],[95.363617,16.054511],[95.348643,16.08633],[95.34547,16.104967],[95.34962,16.116929],[95.356619,16.129136],[95.361583,16.148383],[95.355479,16.148383],[95.347911,16.138821],[95.338227,16.129869],[95.330251,16.11994],[95.327485,16.107408],[95.331798,16.091051],[95.345551,16.060858],[95.348643,16.041571],[95.345714,15.996487],[95.341807,15.983873],[95.31186,15.947089],[95.29713,15.902981],[95.27475,15.876451],[95.251638,15.868232],[95.23878,15.893948],[95.246104,15.915229],[95.262706,15.940904],[95.27589,15.970649],[95.27296,16.00373],[95.239024,15.950344],[95.223969,15.918606],[95.217621,15.884263],[95.224376,15.810126],[95.212738,15.786566],[95.173595,15.777818],[95.144542,15.78913],[95.125743,15.817613],[95.116222,15.855292],[95.115245,15.893948],[95.137543,16.006659],[95.128917,16.03852],[95.107758,15.983873],[95.097667,16.025133],[95.110199,16.06745],[95.13795,16.100328],[95.173595,16.113593],[95.207205,16.111558],[95.217621,16.113593],[95.225922,16.11994],[95.222504,16.124172],[95.21225,16.126532],[95.200694,16.127265],[95.193696,16.129381],[95.188813,16.138821],[95.183604,16.140937],[95.178477,16.13996],[95.163097,16.134711],[95.155528,16.134019],[95.148692,16.132025],[95.142426,16.134833],[95.135753,16.148383],[95.128917,16.148383],[95.121593,16.131659],[95.094005,16.093655],[95.070567,16.074856],[95.067882,16.048326],[95.073741,15.997504],[95.072927,15.970649],[95.055024,15.846137],[95.046886,15.822089],[95.033946,15.805732],[95.023774,15.802191],[95.009939,15.799302],[94.997569,15.795315],[94.992442,15.788398],[94.990489,15.781236],[94.986176,15.773342],[94.980724,15.766832],[94.975597,15.764146],[94.949962,15.762641],[94.937755,15.764146],[94.903575,15.777818],[94.858653,15.78262],[94.846853,15.790595],[94.858653,15.808824],[94.869314,15.815497],[94.880544,15.82038],[94.890391,15.827053],[94.896739,15.83926],[94.896332,15.847398],[94.892833,15.856635],[94.887706,15.864203],[94.882579,15.867174],[94.863943,15.844143],[94.853201,15.840277],[94.848399,15.863756],[94.850108,15.895453],[94.848399,15.908149],[94.835948,15.936672],[94.834727,15.949164],[94.83961,15.962063],[94.850352,15.978095],[94.862804,15.991767],[94.872569,15.997504],[94.889496,15.999457],[94.907237,16.006049],[94.920665,16.018622],[94.924083,16.03852],[94.889334,16.017401],[94.884532,16.036038],[94.880219,16.079983],[94.863536,16.112372],[94.863129,16.127753],[94.868419,16.142035],[94.887055,16.170803],[94.900076,16.183783],[94.917328,16.192369],[94.940929,16.195543],[94.959239,16.200873],[94.975108,16.214342],[94.986827,16.232245],[94.992442,16.2508],[94.988048,16.244371],[94.974783,16.231513],[94.971934,16.226549],[94.96697,16.220404],[94.942882,16.216376],[94.924653,16.208808],[94.902517,16.209621],[94.893077,16.205756],[94.868419,16.173896],[94.865733,16.168891],[94.854666,16.160224],[94.849457,16.139797],[94.848399,16.096503],[94.850597,16.085761],[94.859874,16.065416],[94.862071,16.055609],[94.864024,16.049628],[94.867686,16.045315],[94.869395,16.040961],[94.856456,16.0185],[94.855235,16.013983],[94.846202,15.999986],[94.786876,15.962144],[94.774181,15.943345],[94.745372,15.880845],[94.735199,15.868394],[94.721202,15.856676],[94.703868,15.848456],[94.683849,15.846747],[94.658702,15.854478],[94.648936,15.868598],[94.644542,15.887112],[94.635509,15.908149],[94.632823,15.889716],[94.622406,15.891547],[94.610199,15.904975],[94.601329,15.92121],[94.628673,15.939154],[94.665538,15.957913],[94.703136,15.982367],[94.73227,16.017401],[94.74171,16.067288],[94.749034,16.07567],[94.758067,16.083441],[94.76588,16.093166],[94.769786,16.102281],[94.771983,16.110989],[94.772716,16.131008],[94.776622,16.134914],[94.785167,16.139635],[94.792654,16.147895],[94.793712,16.162014],[94.775157,16.151557],[94.765961,16.139472],[94.752208,16.107408],[94.725434,16.06391],[94.718028,16.044664],[94.705333,16.020657],[94.68922,16.00731],[94.671397,15.996568],[94.614757,15.943671],[94.589854,15.931586],[94.56658,15.935492],[94.562348,15.961859],[94.588715,15.996243],[94.642345,16.044664],[94.663341,16.079983],[94.678884,16.121283],[94.686697,16.165351],[94.683849,16.209174],[94.668712,16.240871],[94.665212,16.257636],[94.673595,16.274726],[94.685313,16.291978],[94.704926,16.353217],[94.710704,16.360338],[94.720551,16.362128],[94.73227,16.360663],[94.73227,16.367499],[94.72169,16.378485],[94.705821,16.47309],[94.706228,16.484442],[94.710704,16.497219],[94.717296,16.502916],[94.725434,16.505113],[94.731619,16.510199],[94.73227,16.524563],[94.697276,16.508368],[94.68393,16.51081],[94.677013,16.531968],[94.670177,16.50967],[94.683849,16.422065],[94.683849,16.364081],[94.678477,16.348538],[94.655121,16.322699],[94.64975,16.308824],[94.643728,16.283515],[94.62794,16.260199],[94.6067,16.243109],[94.583995,16.236518],[94.582042,16.243476],[94.592621,16.259223],[94.615001,16.285549],[94.635509,16.326483],[94.629731,16.344184],[94.618175,16.342027],[94.6067,16.325995],[94.598888,16.293647],[94.59254,16.283515],[94.583669,16.274848],[94.573985,16.271308],[94.562022,16.273749],[94.554047,16.279731],[94.547618,16.286566],[94.539887,16.291693],[94.521169,16.295478],[94.515636,16.287258],[94.518809,16.247382],[94.517345,16.223944],[94.513194,16.205146],[94.507009,16.189602],[94.455577,16.105618],[94.428071,16.074164],[94.396495,16.058987],[94.375743,16.056057],[94.360606,16.049262],[94.351329,16.034369],[94.347992,16.007148],[94.340017,15.996243],[94.321462,15.989936],[94.300792,15.989732],[94.286632,15.997504],[94.265636,15.975084],[94.251475,15.968451],[94.239513,15.976304],[94.21461,16.014797],[94.209809,16.028998],[94.209239,16.044501],[94.215099,16.15766],[94.237804,16.273139],[94.235362,16.348375],[94.238129,16.360663],[94.24171,16.366034],[94.25408,16.379462],[94.258637,16.387356],[94.273123,16.466498],[94.268321,16.527493],[94.273123,16.538153],[94.308604,16.527777],[94.331065,16.528632],[94.341319,16.548407],[94.348969,16.578111],[94.346202,16.592434],[94.327647,16.600246],[94.327647,16.606431],[94.352061,16.618598],[94.36199,16.635484],[94.362315,16.685858],[94.364431,16.701117],[94.373383,16.729315],[94.375499,16.74079],[94.379649,16.755357],[94.398448,16.775784],[94.40268,16.788275],[94.400645,16.830634],[94.396495,16.846625],[94.383474,16.872016],[94.378917,16.886949],[94.382335,16.901272],[94.390636,16.906643],[94.400645,16.904446],[94.411876,16.900702],[94.423188,16.901272],[94.435313,16.910142],[94.464692,16.949652],[94.444347,16.949652],[94.453868,16.965237],[94.457774,16.982896],[94.456716,17.050605],[94.457856,17.059556],[94.461925,17.069648],[94.478363,17.093085],[94.484141,17.105699],[94.48878,17.124213],[94.485688,17.141018],[94.457774,17.153754],[94.452647,17.166205],[94.454356,17.18008],[94.464692,17.189276],[94.510916,17.169013],[94.518809,17.172512],[94.522472,17.177802],[94.530447,17.181952],[94.537852,17.187405],[94.539887,17.196723],[94.535004,17.205146],[94.526622,17.209418],[94.517833,17.212551],[94.511974,17.21719],[94.508637,17.230129],[94.511974,17.275214],[94.518891,17.288153],[94.533214,17.290351],[94.545421,17.296088],[94.546153,17.319648],[94.559337,17.316311],[94.57252,17.311103],[94.584483,17.30329],[94.594493,17.292304],[94.576834,17.358344],[94.567719,17.462877],[94.56658,17.47663],[94.570079,17.493964],[94.570323,17.505194],[94.56658,17.518866],[94.559337,17.532904],[94.555431,17.538398],[94.553884,17.543606],[94.553477,17.556383],[94.560313,17.582099],[94.576915,17.576239],[94.597016,17.557766],[94.615001,17.545559],[94.609223,17.559556],[94.590668,17.593248],[94.591075,17.604193],[94.595225,17.615465],[94.589529,17.62641],[94.573985,17.641791],[94.562999,17.661689],[94.556895,17.68244],[94.553477,17.727362],[94.543956,17.748033],[94.50172,17.786607],[94.492198,17.816799],[94.489513,17.876207],[94.483409,17.902289],[94.447439,17.973334],[94.444347,17.988105],[94.450857,18.002427],[94.481781,18.015204],[94.492198,18.025946],[94.494884,18.048814],[94.490571,18.072496],[94.480968,18.094224],[94.461925,18.121772],[94.460623,18.132799],[94.460623,18.144192],[94.457856,18.155707],[94.452322,18.165107],[94.441091,18.176418],[94.436778,18.182359],[94.430186,18.222154],[94.422862,18.242499],[94.406505,18.251288],[94.360606,18.24608],[94.341563,18.247504],[94.327647,18.258734],[94.325857,18.267727],[94.326182,18.281643],[94.327973,18.295111],[94.331065,18.303127],[94.339203,18.305976],[94.350271,18.292914],[94.365896,18.29857],[94.378591,18.287095],[94.389171,18.286038],[94.396983,18.291449],[94.409028,18.308824],[94.417003,18.313951],[94.405284,18.330308],[94.399587,18.348212],[94.389659,18.362698],[94.365489,18.368598],[94.350597,18.37523],[94.344005,18.391262],[94.339203,18.410224],[94.331065,18.425971],[94.279633,18.480211],[94.258962,18.509019],[94.244965,18.539252],[94.258962,18.535712],[94.262218,18.545111],[94.25294,18.627997],[94.24879,18.638861],[94.148936,18.731024],[94.148936,18.738511],[94.156423,18.738511],[94.174571,18.725043],[94.211599,18.725531],[94.279307,18.738511],[94.263682,18.74551],[94.252452,18.752143],[94.228038,18.735541],[94.212413,18.741848],[94.182953,18.785631],[94.153087,18.821031],[94.147309,18.83983],[94.148936,18.868232],[94.138194,18.860093],[94.133556,18.846503],[94.133311,18.831855],[94.135102,18.820461],[94.11964,18.816636],[94.098399,18.821723],[94.078461,18.833075],[94.066905,18.848334],[94.05714,18.843736],[94.053233,18.840888],[94.038097,18.859117],[94.032074,18.888577],[94.036632,18.918036],[94.053233,18.93651],[94.040375,18.971177],[94.039073,18.984931],[94.041189,18.997626],[94.051036,19.014594],[94.053233,19.022162],[94.063487,19.040188],[94.066091,19.042873],[94.064464,19.049384],[94.061697,19.057074],[94.060069,19.063707],[94.086925,19.080512],[94.094249,19.087348],[94.080089,19.087348],[94.056651,19.080959],[94.04656,19.081122],[94.030528,19.087958],[94.029063,19.095404],[94.034434,19.105862],[94.039073,19.122056],[94.037852,19.13227],[94.031912,19.153998],[94.032725,19.169257],[94.037364,19.181871],[94.050548,19.208319],[94.053233,19.221381],[94.045909,19.304674],[94.049978,19.320705],[94.059906,19.329901],[94.069672,19.350898],[94.073904,19.373847],[94.066905,19.388983],[94.056977,19.363349],[94.03061,19.315904],[94.025238,19.286566],[94.033214,19.235093],[94.033376,19.204535],[94.022227,19.190985],[94.010427,19.179999],[93.994395,19.159084],[93.973481,19.146308],[93.947113,19.159654],[93.942638,19.169908],[93.941173,19.194973],[93.937266,19.204657],[93.925466,19.210273],[93.916026,19.203925],[93.910411,19.190985],[93.909923,19.176703],[93.914887,19.169582],[93.947113,19.139146],[93.955414,19.126899],[93.955577,19.118313],[93.952403,19.109849],[93.950206,19.098212],[93.952485,19.03205],[93.957774,19.012193],[93.964529,19.001044],[93.981212,18.980658],[93.984386,18.967841],[93.983409,18.956692],[93.978689,18.941596],[93.97755,18.933417],[93.973888,18.922797],[93.950206,18.895494],[93.947927,18.894232],[93.939301,18.89053],[93.937266,18.88935],[93.937185,18.883775],[93.939138,18.876207],[93.941905,18.869859],[93.944102,18.868232],[93.930431,18.858629],[93.920258,18.867377],[93.9074,18.881781],[93.865733,18.895494],[93.813731,18.943996],[93.793956,18.953925],[93.750255,18.970404],[93.73463,18.981187],[93.726736,18.991767],[93.721202,19.001288],[93.714854,19.010199],[93.703868,19.018459],[93.693533,19.020575],[93.686046,19.018215],[93.678884,19.019599],[93.669688,19.032701],[93.667735,19.043931],[93.670909,19.066881],[93.66627,19.077379],[93.660411,19.085761],[93.65504,19.097073],[93.65089,19.108791],[93.649181,19.118638],[93.642345,19.134223],[93.607432,19.162258],[93.594005,19.176703],[93.567149,19.231106],[93.556407,19.238186],[93.497813,19.31391],[93.487071,19.333726],[93.483246,19.350653],[93.484141,19.392727],[93.490896,19.40762],[93.507823,19.422593],[93.530121,19.432074],[93.552989,19.430569],[93.560395,19.423814],[93.563813,19.41474],[93.568044,19.406724],[93.577159,19.403266],[93.611339,19.403266],[93.631114,19.372301],[93.636974,19.349066],[93.621349,19.334377],[93.665294,19.305609],[93.687511,19.296698],[93.71754,19.293402],[93.722911,19.268459],[93.754649,19.247138],[93.796886,19.235175],[93.834239,19.238186],[93.865489,19.254096],[93.929942,19.29975],[93.950206,19.320705],[93.950938,19.325263],[93.949067,19.337592],[93.950206,19.341783],[93.953136,19.343451],[93.961436,19.346137],[93.963878,19.348049],[93.980968,19.37226],[93.987315,19.386705],[93.988048,19.404934],[93.984386,19.437445],[93.990245,19.449652],[93.991059,19.45718],[93.984386,19.464057],[93.978363,19.463772],[93.947113,19.457913],[93.923839,19.462388],[93.914561,19.472805],[93.9192,19.48428],[93.937266,19.492011],[93.926768,19.497016],[93.916026,19.498928],[93.892426,19.498847],[93.882091,19.501899],[93.855235,19.526801],[93.814708,19.553046],[93.794444,19.571234],[93.785655,19.591295],[93.777192,19.603095],[93.739594,19.617499],[93.731212,19.632554],[93.738455,19.651353],[93.756114,19.661078],[93.778656,19.662502],[93.800059,19.65648],[93.794444,19.67357],[93.802501,19.68887],[93.816173,19.703355],[93.827403,19.718573],[93.813162,19.739488],[93.806814,19.745836],[93.799164,19.717719],[93.783865,19.691107],[93.761078,19.674872],[93.731212,19.677639],[93.720958,19.685289],[93.713145,19.697659],[93.709483,19.713528],[93.711274,19.731635],[93.718761,19.743598],[93.741873,19.754055],[93.751638,19.765692],[93.721934,19.768988],[93.708832,19.753811],[93.702485,19.734361],[93.693533,19.724799],[93.648448,19.725165],[93.636241,19.735012],[93.635509,19.759508],[93.623302,19.733588],[93.615571,19.723863],[93.60141,19.718573],[93.60141,19.783433],[93.606456,19.796129],[93.660655,19.870836],[93.679942,19.883368],[93.703949,19.885199],[93.738048,19.882473],[93.72877,19.893785],[93.725597,19.905585],[93.730479,19.914293],[93.745372,19.916571],[93.740001,19.925116],[93.733653,19.932115],[93.726248,19.936591],[93.71754,19.93769],[93.711681,19.933824],[93.711599,19.919664],[93.70753,19.916571],[93.656505,19.916205],[93.645518,19.913479],[93.638194,19.910305],[93.629161,19.909491],[93.611339,19.910346],[93.608409,19.906643],[93.600841,19.888577],[93.594005,19.882473],[93.58074,19.881334],[93.566742,19.885932],[93.554698,19.893866],[93.546723,19.902899],[93.551606,19.905748],[93.559581,19.912909],[93.565929,19.916571],[93.529063,19.93008],[93.518321,19.939602],[93.531912,19.951361],[93.5171,19.958564],[93.511974,19.970445],[93.516856,19.981187],[93.531912,19.984849],[93.529552,19.992174],[93.525645,19.999172],[93.513682,19.993069],[93.503429,19.986274],[93.49586,19.977362],[93.492198,19.964993],[93.487315,19.970201],[93.475434,19.97956],[93.47047,19.984849],[93.463227,19.961819],[93.457042,19.95425],[93.446544,19.951361],[93.435313,19.95539],[93.423188,19.965318],[93.413585,19.977525],[93.409679,19.988593],[93.40447,20.012926],[93.383962,20.064399],[93.382335,20.088528],[93.374848,20.088528],[93.374522,20.050605],[93.372081,20.030829],[93.361827,20.026435],[93.355968,20.038398],[93.340668,20.1022],[93.333832,20.1022],[93.326508,20.081285],[93.312755,20.065375],[93.293956,20.054185],[93.272472,20.047512],[93.24464,20.049872],[93.21518,20.059312],[93.190278,20.064439],[93.17628,20.053697],[93.161388,20.060614],[93.147472,20.070014],[93.136078,20.081529],[93.128429,20.094672],[93.129893,20.0751],[93.136729,20.059231],[93.155772,20.026435],[93.17628,19.957506],[93.23585,19.847235],[93.238292,19.82099],[93.217621,19.837104],[93.201427,19.862779],[93.17628,19.916571],[93.160655,19.966254],[93.148123,19.99433],[93.131521,20.006578],[93.109141,19.993801],[93.102061,19.964097],[93.10613,19.93065],[93.12436,19.893866],[93.129893,19.862372],[93.134532,19.848293],[93.147309,19.833035],[93.151134,19.830146],[93.155772,19.827826],[93.158946,19.823676],[93.168956,19.809394],[93.168793,19.807318],[93.149181,19.828925],[93.139415,19.831692],[93.134532,19.834052],[93.125011,19.846666],[93.112641,19.874335],[93.059418,19.951117],[93.052745,19.968411],[93.048676,19.994818],[93.038422,20.012926],[93.011729,20.040107],[92.991547,20.067532],[92.980724,20.077948],[92.975922,20.087836],[92.974132,20.117255],[92.970225,20.129462],[92.988292,20.124986],[93.042491,20.129462],[93.054454,20.134752],[93.064708,20.147121],[93.080089,20.170478],[93.082693,20.165025],[93.084972,20.161119],[93.086681,20.156806],[93.086925,20.14997],[93.094249,20.14997],[93.115489,20.202623],[93.120942,20.211982],[93.120942,20.218207],[93.089203,20.210354],[93.047374,20.167955],[93.018565,20.14997],[92.990489,20.154934],[92.987478,20.186672],[93.001231,20.239325],[93.018809,20.256496],[93.04127,20.332017],[93.056163,20.349189],[93.080821,20.358547],[93.091319,20.381008],[93.100434,20.431098],[93.081879,20.416978],[93.07252,20.376614],[93.059581,20.36225],[93.043224,20.364936],[93.03419,20.384223],[93.031016,20.409654],[93.032237,20.431098],[93.070567,20.496161],[93.085623,20.532945],[93.073253,20.554633],[93.068696,20.535712],[93.060313,20.513373],[93.049083,20.491767],[93.035655,20.475165],[93.022634,20.452541],[93.02003,20.424018],[93.024913,20.368476],[93.016287,20.324856],[92.994802,20.286607],[92.936046,20.211982],[92.898448,20.135688],[92.89503,20.133246],[92.889415,20.127997],[92.880544,20.123196],[92.867686,20.122016],[92.860362,20.124945],[92.855235,20.130601],[92.84669,20.143134],[92.78297,20.189846],[92.772146,20.201483],[92.773611,20.216742],[92.778168,20.231635],[92.786632,20.245917],[92.79949,20.259182],[92.864024,20.300767],[92.901215,20.308051],[92.942882,20.321234],[92.93393,20.325914],[92.925304,20.327826],[92.905284,20.32807],[92.893321,20.329535],[92.889659,20.333645],[92.887706,20.340277],[92.880707,20.349189],[92.856619,20.367621],[92.846934,20.377346],[92.840505,20.390123],[92.831554,20.478949],[92.826915,20.495063],[92.815278,20.504706],[92.792654,20.506252],[92.79656,20.483832],[92.78533,20.462958],[92.769298,20.455064],[92.758556,20.472113],[92.773448,20.477281],[92.778982,20.478258],[92.750987,20.498521],[92.74171,20.529283],[92.736583,20.563137],[92.720714,20.592231],[92.699555,20.619534],[92.662852,20.679185],[92.63502,20.697984],[92.659434,20.652818],[92.704438,20.589057],[92.708263,20.578681],[92.71697,20.499986],[92.737478,20.44477],[92.738455,20.428371],[92.731212,20.382717],[92.739268,20.27969],[92.731212,20.259182],[92.723888,20.27143],[92.706309,20.292914],[92.697113,20.308254],[92.653168,20.41828],[92.632579,20.446601],[92.539887,20.527533],[92.529145,20.543402],[92.52003,20.589667],[92.507009,20.60928],[92.470551,20.643378],[92.463227,20.653876],[92.459646,20.662584],[92.453624,20.668524],[92.43922,20.670722],[92.428966,20.673896],[92.408458,20.687974],[92.398204,20.691148],[92.381114,20.700141],[92.37086,20.72134],[92.360688,20.766913],[92.305431,20.917711],[92.288097,20.94359],[92.281016,20.959418],[92.270518,21.049018],[92.265147,21.061103],[92.224272,21.093184],[92.218381,21.108635],[92.211766,21.123518],[92.188305,21.144085],[92.180761,21.157883],[92.174973,21.175608],[92.178383,21.191266],[92.183964,21.220876],[92.185205,21.24041],[92.178073,21.280149],[92.17828,21.299735],[92.183654,21.317201],[92.21156,21.354873],[92.225099,21.397455],[92.236261,21.417092],[92.252901,21.419521],[92.284527,21.419055],[92.322664,21.461895],[92.354703,21.451818],[92.367933,21.435437],[92.37217,21.419055],[92.374237,21.402312],[92.381162,21.384794],[92.389637,21.376526],[92.400282,21.370996],[92.423123,21.363658],[92.465394,21.359834],[92.498674,21.366604],[92.524512,21.361126],[92.543943,21.320922],[92.551591,21.280511],[92.558722,21.25984],[92.570608,21.247283],[92.590865,21.248885],[92.614326,21.263148],[92.633756,21.282216],[92.642851,21.298443],[92.64104,21.308586],[92.639234,21.3187],[92.603267,21.420089],[92.592725,21.470163],[92.590245,21.495537],[92.575568,21.733972],[92.593035,21.886934],[92.590245,21.917165],[92.575879,21.977574]]],[[[98.057465,9.796861],[98.037608,9.790717],[98.018321,9.794908],[98.008067,9.80744],[98.015391,9.826402],[98.030284,9.833401],[98.046072,9.827948],[98.056895,9.814358],[98.057465,9.796861]]],[[[98.228689,10.519965],[98.221853,10.498114],[98.207367,10.483466],[98.192719,10.482408],[98.185313,10.501166],[98.189708,10.51557],[98.201996,10.524319],[98.217947,10.528551],[98.233653,10.529364],[98.232432,10.526923],[98.229828,10.522406],[98.228689,10.519965]]],[[[98.429535,10.977729],[98.432872,10.993598],[98.442556,11.002997],[98.451427,11.001939],[98.452891,10.986274],[98.448009,10.974311],[98.440278,10.965562],[98.432953,10.965033],[98.429535,10.977729]]],[[[97.464529,11.782457],[97.459239,11.7862],[97.444347,11.800238],[97.462901,11.799791],[97.476899,11.788235],[97.479666,11.777981],[97.464529,11.782457]]],[[[97.836925,12.772447],[97.835297,12.792792],[97.841807,12.805813],[97.852794,12.806545],[97.864594,12.790229],[97.868012,12.774807],[97.863536,12.766832],[97.85255,12.766262],[97.836925,12.772447]]],[[[98.295665,10.048896],[98.28004,10.051011],[98.273936,10.048041],[98.273692,10.042182],[98.275157,10.035834],[98.281016,10.028388],[98.289399,10.024319],[98.294119,10.01911],[98.288259,10.007961],[98.269216,10.00259],[98.258149,9.985989],[98.251231,9.968329],[98.243907,9.96011],[98.227794,9.954006],[98.193533,9.931464],[98.178966,9.932807],[98.175466,9.921454],[98.170909,9.912258],[98.168468,9.904608],[98.17156,9.898098],[98.145763,9.856838],[98.133474,9.845608],[98.131196,9.864488],[98.120616,9.861314],[98.117198,9.882025],[98.118175,9.908515],[98.120372,9.922553],[98.124278,9.931383],[98.127452,9.96011],[98.140636,9.963284],[98.148204,9.970364],[98.151866,9.977444],[98.15447,9.980618],[98.160167,9.984117],[98.164317,9.992255],[98.167817,10.00141],[98.17156,10.007961],[98.178966,10.014106],[98.20574,10.028998],[98.23463,10.054185],[98.254405,10.06269],[98.275157,10.05565],[98.279633,10.058661],[98.282481,10.059394],[98.295665,10.05565],[98.295665,10.048896]]],[[[98.185802,10.121161],[98.183604,10.127021],[98.173839,10.140123],[98.17156,10.148139],[98.175304,10.15941],[98.181895,10.168606],[98.185232,10.176825],[98.178966,10.185452],[98.178966,10.192857],[98.196056,10.193183],[98.222179,10.177924],[98.240489,10.172349],[98.240896,10.167792],[98.239513,10.16649],[98.236827,10.166409],[98.233653,10.165513],[98.230724,10.159573],[98.227794,10.15526],[98.227712,10.150824],[98.233653,10.144477],[98.218435,10.136176],[98.207774,10.128648],[98.201427,10.118069],[98.195323,10.070502],[98.185802,10.04206],[98.185802,10.121161]]],[[[97.911469,10.494534],[97.902599,10.479315],[97.908702,10.473456],[97.919444,10.47309],[97.925059,10.474066],[97.930675,10.468166],[97.935313,10.461168],[97.943533,10.443793],[97.938487,10.437812],[97.93336,10.433743],[97.926768,10.432034],[97.917735,10.433051],[97.926931,10.417182],[97.931895,10.412014],[97.910167,10.401923],[97.893809,10.405992],[97.889415,10.419989],[97.904063,10.439276],[97.897797,10.452094],[97.893403,10.470771],[97.896251,10.487535],[97.911469,10.494534]]],[[[98.493663,10.891099],[98.518809,10.879096],[98.542247,10.860053],[98.553233,10.832831],[98.541515,10.79621],[98.52711,10.786933],[98.509532,10.786607],[98.498383,10.793606],[98.504161,10.806098],[98.51295,10.809556],[98.520681,10.809272],[98.526378,10.810858],[98.528494,10.820054],[98.525564,10.82685],[98.518321,10.829495],[98.509125,10.828315],[98.500499,10.823472],[98.500499,10.837144],[98.494884,10.851264],[98.491466,10.866685],[98.490896,10.880805],[98.493663,10.891099]]],[[[97.890391,10.884955],[97.896332,10.913275],[97.911957,10.924262],[97.931977,10.924058],[97.951834,10.919094],[97.941254,10.891547],[97.927745,10.871975],[97.90919,10.857245],[97.883556,10.84455],[97.890636,10.854722],[97.894542,10.864244],[97.894542,10.873969],[97.890391,10.884955]]],[[[98.267751,10.837144],[98.270681,10.818671],[98.270763,10.798896],[98.276378,10.784491],[98.295665,10.781928],[98.286876,10.768948],[98.28297,10.756537],[98.28533,10.745063],[98.295665,10.734687],[98.290538,10.735256],[98.289236,10.733588],[98.289317,10.730618],[98.288259,10.727281],[98.276622,10.705146],[98.267833,10.696519],[98.250743,10.693101],[98.236827,10.697333],[98.232188,10.708319],[98.233653,10.740953],[98.237804,10.738186],[98.240489,10.734687],[98.255544,10.746405],[98.251638,10.756008],[98.233653,10.768256],[98.233897,10.782864],[98.241954,10.814399],[98.240489,10.830959],[98.236583,10.833645],[98.222911,10.837795],[98.219981,10.840888],[98.219493,10.84984],[98.218516,10.855618],[98.216319,10.859849],[98.198741,10.881659],[98.178966,10.898586],[98.176768,10.894029],[98.17335,10.889309],[98.17156,10.884955],[98.165294,10.919094],[98.155772,10.923977],[98.146739,10.924506],[98.140147,10.919908],[98.137462,10.909125],[98.131033,10.902899],[98.100271,10.882025],[98.08961,10.878119],[98.077403,10.888088],[98.086192,10.903957],[98.110118,10.929348],[98.112966,10.934027],[98.126313,10.942206],[98.131196,10.946357],[98.133311,10.952948],[98.136729,10.970649],[98.14088,10.977444],[98.153494,10.981147],[98.171886,10.978664],[98.191173,10.971177],[98.20574,10.960028],[98.215587,10.944525],[98.222016,10.926663],[98.225597,10.907416],[98.226817,10.888088],[98.231781,10.870266],[98.243663,10.85928],[98.257335,10.849921],[98.267751,10.837144]]],[[[98.528494,10.974311],[98.518809,10.971096],[98.512055,10.965237],[98.508474,10.956855],[98.507986,10.946357],[98.48585,10.955878],[98.477061,10.9737],[98.478363,10.993354],[98.486827,11.00845],[98.503184,11.021145],[98.509532,11.027737],[98.514171,11.035793],[98.51588,11.045356],[98.513438,11.063056],[98.514171,11.069892],[98.524669,11.086656],[98.531912,11.083808],[98.53712,11.068915],[98.544607,11.031195],[98.545177,11.015937],[98.541515,10.987982],[98.543142,10.96011],[98.541515,10.953803],[98.533946,10.950832],[98.53004,10.95718],[98.528494,10.966946],[98.528494,10.974311]]],[[[98.275157,11.248033],[98.281016,11.245836],[98.29005,11.248114],[98.29835,11.248603],[98.302013,11.241197],[98.295095,11.231147],[98.279552,11.223212],[98.247325,11.214504],[98.247325,11.227525],[98.243175,11.242987],[98.232188,11.253811],[98.221853,11.261908],[98.219981,11.26911],[98.2317,11.273912],[98.252452,11.276068],[98.281423,11.275946],[98.274669,11.256293],[98.275157,11.248033]]],[[[98.278331,11.799791],[98.29184,11.798896],[98.306651,11.777411],[98.318207,11.749986],[98.323009,11.731269],[98.320079,11.72191],[98.313487,11.718695],[98.306407,11.717475],[98.302013,11.714179],[98.300304,11.704779],[98.302013,11.673245],[98.29005,11.631659],[98.287852,11.610907],[98.295665,11.591254],[98.282563,11.566352],[98.283539,11.509426],[98.275157,11.48078],[98.267751,11.488227],[98.26588,11.483059],[98.26352,11.478827],[98.261567,11.474189],[98.260916,11.46776],[98.25172,11.476508],[98.237641,11.493801],[98.233653,11.501899],[98.226736,11.494289],[98.223481,11.488837],[98.223643,11.482978],[98.226817,11.473944],[98.210134,11.472724],[98.201996,11.466254],[98.2046,11.458482],[98.219981,11.453518],[98.210297,11.44892],[98.198904,11.446479],[98.187022,11.446438],[98.176524,11.449164],[98.165294,11.453518],[98.164887,11.458482],[98.165294,11.473944],[98.175059,11.470893],[98.184093,11.472642],[98.192231,11.478664],[98.199474,11.488227],[98.196462,11.497056],[98.192638,11.518012],[98.188975,11.525824],[98.187511,11.53498],[98.196462,11.542385],[98.20753,11.548407],[98.213145,11.553412],[98.210948,11.561469],[98.206309,11.564765],[98.201671,11.569078],[98.199474,11.580471],[98.202647,11.589179],[98.216807,11.598944],[98.222911,11.61758],[98.229747,11.620998],[98.236583,11.62226],[98.240489,11.624823],[98.240896,11.636176],[98.23463,11.655585],[98.233653,11.666409],[98.238455,11.687079],[98.267751,11.741441],[98.272472,11.786078],[98.278331,11.799791]]],[[[98.53533,11.803616],[98.543712,11.798977],[98.549001,11.791571],[98.552419,11.781643],[98.555186,11.769436],[98.556407,11.758734],[98.555512,11.728095],[98.546072,11.699205],[98.549001,11.621731],[98.545746,11.609036],[98.531586,11.593329],[98.528494,11.580471],[98.529552,11.566799],[98.53419,11.542629],[98.53533,11.529242],[98.524181,11.537014],[98.508556,11.555894],[98.500499,11.563381],[98.489757,11.567206],[98.476817,11.570258],[98.46518,11.574897],[98.458995,11.583808],[98.441905,11.564114],[98.432384,11.566718],[98.42921,11.583157],[98.431651,11.604926],[98.423839,11.599066],[98.419119,11.599555],[98.415701,11.604438],[98.411632,11.611762],[98.41863,11.63227],[98.410411,11.646064],[98.397716,11.655463],[98.391287,11.662991],[98.379405,11.691107],[98.382091,11.704169],[98.405528,11.707953],[98.399262,11.716132],[98.381358,11.73135],[98.377615,11.738023],[98.379893,11.750922],[98.38559,11.75552],[98.392426,11.75731],[98.398123,11.761949],[98.402599,11.763902],[98.410411,11.768622],[98.413097,11.773383],[98.401703,11.77558],[98.39088,11.775377],[98.382091,11.77619],[98.375336,11.780097],[98.370779,11.789252],[98.393728,11.794013],[98.438243,11.787055],[98.45281,11.789252],[98.449474,11.79328],[98.447602,11.796088],[98.445323,11.803616],[98.458344,11.803371],[98.486827,11.796088],[98.498871,11.798041],[98.522146,11.804755],[98.53533,11.803616]]],[[[98.055431,11.701117],[98.063487,11.697252],[98.067719,11.691067],[98.067556,11.682929],[98.061697,11.673245],[98.079112,11.653795],[98.085297,11.644924],[98.08961,11.63227],[98.065115,11.646389],[98.057384,11.653144],[98.055431,11.659573],[98.049327,11.6647],[98.034353,11.686835],[98.016612,11.697496],[98.011729,11.704739],[98.024425,11.707953],[98.028331,11.71719],[98.028575,11.737006],[98.022472,11.755805],[98.007091,11.761949],[98.011892,11.787258],[97.999766,11.841783],[98.013927,11.864976],[98.011974,11.827379],[98.013927,11.816596],[98.019298,11.810492],[98.044932,11.789252],[98.052257,11.776028],[98.052419,11.749416],[98.057953,11.729071],[98.082286,11.734687],[98.08074,11.722642],[98.074718,11.713365],[98.065684,11.706366],[98.055431,11.701117]]],[[[97.664399,11.905951],[97.67449,11.897447],[97.678477,11.887885],[97.67628,11.877834],[97.668224,11.868109],[97.666677,11.86343],[97.671886,11.837714],[97.667735,11.838284],[97.65089,11.84455],[97.642833,11.867662],[97.643565,11.880357],[97.664399,11.905951]]],[[[98.254161,11.85814],[98.253917,11.883857],[98.256521,11.902533],[98.265391,11.908515],[98.284841,11.896064],[98.289073,11.882392],[98.28419,11.865465],[98.273692,11.853339],[98.261485,11.853909],[98.254161,11.85814]]],[[[98.267751,11.933905],[98.261567,11.926174],[98.253754,11.923082],[98.246104,11.925442],[98.227061,11.953925],[98.23585,11.968329],[98.252208,11.974758],[98.260916,11.971137],[98.262706,11.961656],[98.268728,11.942288],[98.267751,11.933905]]],[[[98.603526,11.967434],[98.642345,11.957506],[98.65919,11.948676],[98.658214,11.933905],[98.658214,11.940131],[98.631358,11.932115],[98.572602,11.931627],[98.552013,11.923326],[98.535655,11.908881],[98.51588,11.895901],[98.495779,11.888495],[98.478038,11.890937],[98.46339,11.920803],[98.459727,11.933661],[98.458995,11.947577],[98.461681,11.955512],[98.471202,11.970282],[98.473155,11.977973],[98.470958,11.988105],[98.465831,11.992662],[98.459158,11.996161],[98.448253,12.007717],[98.443696,12.010688],[98.440278,12.015367],[98.439138,12.025784],[98.439138,12.056789],[98.431163,12.087633],[98.430919,12.100653],[98.439138,12.112006],[98.445567,12.101386],[98.473155,12.077297],[98.493663,12.049302],[98.509532,12.016791],[98.519867,12.007025],[98.541515,11.995307],[98.559581,12.0008],[98.574718,11.992987],[98.603526,11.967434]]],[[[98.096446,12.187161],[98.105805,12.192206],[98.119477,12.197577],[98.131847,12.198554],[98.137462,12.190579],[98.140147,12.148383],[98.137462,12.138739],[98.129649,12.153713],[98.11671,12.165473],[98.100352,12.169013],[98.082286,12.159166],[98.076671,12.161933],[98.074718,12.163398],[98.07309,12.164944],[98.059337,12.187974],[98.039399,12.207343],[98.034353,12.221259],[98.03712,12.239407],[98.046153,12.26203],[98.059093,12.281399],[98.07252,12.289537],[98.091807,12.288642],[98.108246,12.284654],[98.119477,12.27558],[98.12379,12.259467],[98.123302,12.249661],[98.119884,12.230129],[98.116954,12.221259],[98.111501,12.213935],[98.104259,12.207343],[98.098155,12.199286],[98.096446,12.187161]]],[[[98.065278,12.365302],[98.064464,12.359809],[98.048025,12.330512],[98.039561,12.322496],[98.02947,12.315985],[98.018891,12.311672],[98.010509,12.310045],[98.008311,12.304389],[98.000255,12.269029],[97.990977,12.286526],[97.986583,12.289537],[97.982432,12.306383],[97.969493,12.308051],[97.955089,12.305487],[97.945567,12.310045],[97.948416,12.323798],[97.960948,12.334377],[97.971039,12.344875],[97.966075,12.358466],[97.952973,12.348944],[97.948985,12.344306],[97.945567,12.337958],[97.938162,12.337958],[97.939952,12.366278],[97.9546,12.377753],[97.975759,12.383857],[98.007009,12.401597],[98.017833,12.402655],[98.023448,12.398749],[98.017589,12.389146],[98.007823,12.380113],[98.003591,12.373725],[98.005382,12.367336],[98.013927,12.358466],[98.02711,12.361029],[98.032481,12.360541],[98.041759,12.358466],[98.041352,12.369127],[98.042247,12.380276],[98.045584,12.389065],[98.06365,12.397773],[98.069347,12.409369],[98.07252,12.42121],[98.075938,12.427395],[98.090587,12.422309],[98.101248,12.404771],[98.104503,12.383043],[98.096446,12.365302],[98.087738,12.360053],[98.081554,12.360582],[98.074718,12.363511],[98.065278,12.365302]]],[[[98.514171,12.495592],[98.516856,12.479438],[98.514171,12.423651],[98.508556,12.410305],[98.495616,12.405829],[98.482107,12.41059],[98.474294,12.424994],[98.488536,12.493313],[98.499848,12.513088],[98.514171,12.495592]]],[[[98.254161,12.567613],[98.256847,12.574205],[98.262462,12.568793],[98.267345,12.560248],[98.267751,12.557074],[98.289887,12.526313],[98.282888,12.503852],[98.260509,12.495266],[98.236827,12.50609],[98.230235,12.516995],[98.229747,12.527411],[98.233653,12.553656],[98.236827,12.556871],[98.243907,12.557807],[98.250824,12.560207],[98.254161,12.567613]]],[[[97.822765,12.58747],[97.826996,12.590725],[97.836274,12.595404],[97.845714,12.597968],[97.849946,12.594631],[97.854015,12.578192],[97.860525,12.570014],[97.861827,12.559801],[97.849946,12.537258],[97.84962,12.541815],[97.84783,12.54442],[97.845225,12.54678],[97.84254,12.550238],[97.840831,12.556871],[97.839041,12.55801],[97.83546,12.558051],[97.829438,12.557074],[97.829438,12.564521],[97.833995,12.570746],[97.831065,12.574205],[97.825694,12.578599],[97.822765,12.58747]]],[[[98.466319,12.583726],[98.470714,12.555976],[98.470225,12.517524],[98.465343,12.480658],[98.455821,12.45775],[98.391287,12.361518],[98.349946,12.325914],[98.302013,12.337958],[98.31129,12.359768],[98.315603,12.365302],[98.319021,12.386379],[98.333018,12.427395],[98.336111,12.450914],[98.334239,12.460028],[98.325531,12.474066],[98.321137,12.487047],[98.31658,12.490424],[98.315603,12.495592],[98.319509,12.501451],[98.327403,12.506741],[98.333832,12.512356],[98.333018,12.519232],[98.314138,12.55329],[98.302745,12.598578],[98.302013,12.646308],[98.315603,12.687445],[98.333018,12.67121],[98.387462,12.65766],[98.405528,12.638983],[98.405528,12.630032],[98.398123,12.58747],[98.401215,12.571682],[98.425466,12.529731],[98.42921,12.555487],[98.438162,12.587388],[98.450938,12.60399],[98.466319,12.583726]]],[[[98.295665,13.084662],[98.303477,13.082994],[98.310395,13.088039],[98.318533,13.091376],[98.329845,13.084662],[98.336436,13.073879],[98.334239,13.067125],[98.323009,13.057318],[98.31658,13.048814],[98.311046,13.044827],[98.306326,13.040107],[98.302013,13.029446],[98.300548,13.019965],[98.302013,12.988471],[98.313324,12.94595],[98.314301,12.925523],[98.302013,12.913316],[98.30128,12.933539],[98.287852,12.957343],[98.288259,12.974799],[98.281098,12.994127],[98.267751,13.057318],[98.245128,13.11872],[98.240489,13.139309],[98.239024,13.158759],[98.242035,13.203925],[98.247325,13.215033],[98.261485,13.214342],[98.268809,13.19892],[98.28891,13.0987],[98.295665,13.084662]]],[[[97.931895,13.85928],[97.938162,13.851793],[97.932384,13.840399],[97.928477,13.821112],[97.925059,13.783596],[97.917735,13.783596],[97.91505,13.800116],[97.914317,13.828437],[97.918712,13.853258],[97.931895,13.85928]]],[[[93.396007,14.140448],[93.400157,14.095649],[93.394786,14.076361],[93.374848,14.064683],[93.383311,14.138373],[93.385997,14.150865],[93.39031,14.153754],[93.396007,14.140448]]],[[[93.675792,14.859198],[93.686697,14.872056],[93.693614,14.888861],[93.703868,14.904446],[93.724376,14.913804],[93.724376,14.90762],[93.716156,14.890082],[93.704438,14.870998],[93.69044,14.8581],[93.675792,14.859198]]],[[[97.664399,15.565579],[97.671641,15.549994],[97.672374,15.533352],[97.669119,15.517401],[97.664399,15.504096],[97.657481,15.523871],[97.65089,15.592231],[97.656261,15.58633],[97.660167,15.58039],[97.662852,15.573676],[97.664399,15.565579]]],[[[94.827973,15.932034],[94.829845,15.916449],[94.839366,15.890082],[94.841563,15.877427],[94.837413,15.864407],[94.819102,15.834703],[94.803722,15.796576],[94.777843,15.791571],[94.747895,15.799465],[94.724864,15.811957],[94.724864,15.818793],[94.744802,15.832709],[94.759288,15.85224],[94.78004,15.893948],[94.806814,15.931098],[94.823253,15.945787],[94.827973,15.932156],[94.827973,15.932034]]],[[[94.66212,16.221869],[94.667491,16.171942],[94.654633,16.121975],[94.629649,16.075181],[94.5796,16.013251],[94.569591,16.005194],[94.553477,15.997504],[94.499034,15.98017],[94.484141,15.971259],[94.478038,15.966132],[94.478038,15.958157],[94.479259,15.949042],[94.478363,15.942328],[94.468272,15.930162],[94.446462,15.912909],[94.436778,15.900702],[94.440929,15.885403],[94.433116,15.869615],[94.410167,15.83926],[94.40268,15.83926],[94.40268,15.846747],[94.417247,15.871772],[94.40919,15.907457],[94.382335,15.969631],[94.389659,16.000922],[94.417247,16.018459],[94.452973,16.033881],[94.485362,16.058987],[94.495942,16.075588],[94.510997,16.107652],[94.518809,16.120429],[94.549327,16.148993],[94.611583,16.221747],[94.642833,16.24551],[94.66212,16.221869]]],[[[97.589366,16.415269],[97.588552,16.399848],[97.591319,16.361151],[97.589366,16.340155],[97.583832,16.329047],[97.577403,16.32095],[97.571788,16.312079],[97.568858,16.29857],[97.57016,16.290025],[97.566354,16.25372],[97.571364,16.222693],[97.547461,16.199928],[97.516857,16.209823],[97.510509,16.254218],[97.499278,16.269517],[97.459269,16.301362],[97.469249,16.332709],[97.482758,16.342027],[97.484874,16.363918],[97.480154,16.389106],[97.472667,16.408433],[97.46046,16.425971],[97.454763,16.436916],[97.452159,16.449408],[97.455821,16.456204],[97.462657,16.461005],[97.466156,16.467027],[97.459646,16.477362],[97.469981,16.490465],[97.486013,16.500963],[97.50408,16.508002],[97.520518,16.510891],[97.56186,16.492377],[97.585216,16.486029],[97.606293,16.483547],[97.609786,16.464153],[97.610606,16.446234],[97.589366,16.415269]]],[[[93.745372,18.799994],[93.748057,18.787909],[93.757091,18.765204],[93.759044,18.755561],[93.756033,18.731513],[93.746837,18.708808],[93.731944,18.689683],[93.711274,18.676459],[93.693126,18.673774],[93.667735,18.674872],[93.645274,18.679348],[93.635509,18.686672],[93.630382,18.699205],[93.6185,18.711493],[93.594005,18.731024],[93.497813,18.840888],[93.493175,18.849311],[93.484141,18.874986],[93.577159,18.881903],[93.599864,18.890448],[93.611095,18.90526],[93.621755,18.910346],[93.641775,18.88935],[93.663341,18.873196],[93.673025,18.87051],[93.683604,18.868964],[93.70753,18.868232],[93.742442,18.872301],[93.749522,18.86518],[93.751638,18.840888],[93.74586,18.810981],[93.745372,18.799994]]],[[[93.970714,19.416938],[93.973643,19.402737],[93.972341,19.381822],[93.965831,19.363023],[93.953949,19.354885],[93.940196,19.348619],[93.917166,19.318305],[93.90089,19.305406],[93.898936,19.30329],[93.895518,19.301174],[93.889415,19.299628],[93.883556,19.3015],[93.881033,19.306871],[93.879161,19.312201],[93.875173,19.31391],[93.862804,19.307766],[93.862804,19.29975],[93.866384,19.291083],[93.864919,19.282864],[93.856944,19.278876],[93.845551,19.278022],[93.823578,19.27912],[93.802745,19.276679],[93.796886,19.27851],[93.785655,19.286566],[93.773774,19.298774],[93.749848,19.333319],[93.745372,19.344916],[93.743175,19.355455],[93.733409,19.367865],[93.731212,19.379055],[93.729991,19.381741],[93.727794,19.383734],[93.725352,19.386868],[93.724376,19.392727],[93.726736,19.396674],[93.731944,19.39643],[93.736664,19.396959],[93.738048,19.403266],[93.730479,19.419257],[93.716319,19.427395],[93.68336,19.437445],[93.669119,19.446479],[93.658946,19.457506],[93.641775,19.492011],[93.652192,19.493313],[93.656586,19.497382],[93.655528,19.504096],[93.649181,19.513129],[93.688162,19.559475],[93.696951,19.560289],[93.704926,19.558295],[93.723643,19.556383],[93.731212,19.554104],[93.740489,19.546698],[93.745372,19.539211],[93.749278,19.531317],[93.755382,19.523017],[93.803071,19.487372],[93.819998,19.471503],[93.836599,19.479397],[93.858084,19.482489],[93.880219,19.479193],[93.899262,19.46776],[93.917735,19.454006],[93.956228,19.432522],[93.970714,19.416938]]],[[[93.505219,19.807318],[93.516856,19.777167],[93.518321,19.761949],[93.511974,19.745836],[93.456798,19.788764],[93.440684,19.81094],[93.406749,19.920478],[93.402843,19.95307],[93.422048,19.951361],[93.442638,19.938137],[93.45338,19.928453],[93.461192,19.919501],[93.464122,19.913479],[93.470551,19.905219],[93.484711,19.897162],[93.49879,19.88703],[93.505219,19.872219],[93.50115,19.825385],[93.505219,19.807318]]],[[[92.964041,20.036689],[92.96754,20.022203],[93.014659,19.905585],[93.021983,19.870185],[93.024913,19.827826],[93.018565,19.827826],[93.013194,19.846503],[93.008556,19.889879],[93.001231,19.906643],[92.987478,19.925198],[92.925792,20.033759],[92.922374,20.050605],[92.91977,20.055732],[92.914317,20.059638],[92.909434,20.06509],[92.908702,20.074856],[92.911957,20.084703],[92.91684,20.088935],[92.922699,20.087633],[92.92921,20.081041],[92.946462,20.070502],[92.952891,20.063056],[92.958507,20.054877],[92.962576,20.046088],[92.964041,20.036689]]]]}},{"type":"Feature","properties":{"name":"Nauru","iso3":"NRU"},"geometry":{"type":"Polygon","coordinates":[[[166.938813,-0.490411],[166.955577,-0.497979],[166.958263,-0.517673],[166.951345,-0.539158],[166.938813,-0.551853],[166.916352,-0.54754],[166.906993,-0.524835],[166.913422,-0.500177],[166.938813,-0.490411]]]}},{"type":"Feature","properties":{"name":"North Macedonia","iso3":"MKD"},"geometry":{"type":"Polygon","coordinates":[[[20.567147,41.873182],[20.590298,41.854733],[20.602391,41.849876],[20.61872,41.850522],[20.626162,41.855198],[20.637014,41.870365],[20.643422,41.873647],[20.652827,41.86928],[20.671844,41.849307],[20.681456,41.84401],[20.702953,41.849591],[20.714398,41.859163],[20.723313,41.866619],[20.739953,41.888039],[20.750495,41.906797],[20.751052,41.910218],[20.754423,41.930904],[20.751439,41.940338],[20.741814,41.970773],[20.743054,41.993484],[20.755353,42.042784],[20.765378,42.064333],[20.784912,42.082032],[20.810543,42.092936],[20.90417,42.116668],[20.975145,42.134658],[21.003916,42.141951],[21.029238,42.151408],[21.04094,42.15997],[21.074403,42.184455],[21.098484,42.195953],[21.106236,42.195798],[21.112954,42.194402],[21.12639,42.188925],[21.164423,42.16704],[21.199873,42.14115],[21.216203,42.121151],[21.225402,42.106785],[21.229298,42.103822],[21.237804,42.097354],[21.245727,42.096167],[21.28886,42.089706],[21.299299,42.091411],[21.300796,42.098425],[21.301263,42.10061],[21.300332,42.120893],[21.298782,42.129419],[21.295785,42.134794],[21.293718,42.140168],[21.294958,42.148979],[21.353766,42.215977],[21.360602,42.220114],[21.366788,42.223858],[21.384255,42.224943],[21.419085,42.215021],[21.429834,42.215848],[21.428697,42.222566],[21.421462,42.231351],[21.419912,42.240058],[21.436345,42.24688],[21.44792,42.244141],[21.457222,42.237035],[21.467557,42.235123],[21.471973,42.23913],[21.48151,42.247784],[21.499287,42.238663],[21.519854,42.239025],[21.561815,42.247164],[21.564066,42.246289],[21.575044,42.242022],[21.624654,42.242772],[21.65969,42.235563],[21.676886,42.234945],[21.69204,42.242022],[21.706509,42.25507],[21.719521,42.260957],[21.8172,42.305145],[21.837354,42.308556],[21.877352,42.30822],[21.88438,42.309512],[21.918279,42.331345],[21.929028,42.335117],[21.941534,42.333102],[21.994967,42.312612],[22.027627,42.303956],[22.045407,42.302424],[22.060906,42.301088],[22.095529,42.305817],[22.233402,42.348889],[22.259757,42.369095],[22.268852,42.370335],[22.273296,42.365477],[22.27402,42.348476],[22.276914,42.341241],[22.29159,42.328399],[22.307609,42.31933],[22.325283,42.314318],[22.345023,42.313439],[22.443622,42.214427],[22.481449,42.193317],[22.494678,42.164559],[22.506939,42.148927],[22.510181,42.144793],[22.531058,42.129109],[22.617771,42.082704],[22.627177,42.079127],[22.675856,42.060612],[22.705725,42.055935],[22.710272,42.05299],[22.713993,42.048623],[22.718437,42.044463],[22.725052,42.042474],[22.77063,42.043998],[22.780862,42.043171],[22.785306,42.039141],[22.787684,42.032578],[22.791094,42.025808],[22.798949,42.021235],[22.805977,42.02139],[22.821273,42.025369],[22.826958,42.025085],[22.838223,42.019478],[22.843701,42.014465],[22.845621,42.007408],[22.845768,42.006869],[22.846595,41.993639],[22.846905,41.993484],[22.85476,41.982632],[22.857137,41.971884],[22.858894,41.94788],[22.866335,41.924884],[22.877084,41.902043],[22.878634,41.895015],[22.878221,41.880261],[22.880804,41.872691],[22.882088,41.871618],[22.885042,41.869151],[22.896721,41.864448],[22.901372,41.860418],[22.907676,41.848584],[22.918322,41.814348],[22.939716,41.776702],[22.945917,41.769338],[22.956872,41.765669],[22.98054,41.764739],[22.991185,41.760992],[23.008859,41.739934],[23.009582,41.71637],[22.998627,41.693115],[22.985435,41.677198],[22.976613,41.666553],[22.970101,41.652032],[22.967001,41.647046],[22.961523,41.644488],[22.945813,41.641077],[22.940852,41.63764],[22.936098,41.626168],[22.932998,41.612345],[22.932068,41.597953],[22.933721,41.584595],[22.936925,41.57891],[22.946434,41.567748],[22.948707,41.560978],[22.94788,41.555139],[22.943023,41.538551],[22.943599,41.523201],[22.946227,41.453233],[22.94757,41.448376],[22.953358,41.438195],[22.954598,41.432408],[22.952118,41.427705],[22.940542,41.416905],[22.937339,41.410755],[22.939406,41.389413],[22.94447,41.368432],[22.940852,41.349829],[22.916978,41.335773],[22.826027,41.340992],[22.796818,41.337039],[22.780966,41.334894],[22.762293,41.3225],[22.751303,41.315205],[22.742003,41.28703],[22.740865,41.283579],[22.736731,41.204411],[22.727222,41.165809],[22.71575,41.145603],[22.704898,41.139661],[22.691875,41.14457],[22.674099,41.15661],[22.666347,41.164517],[22.661903,41.172268],[22.657185,41.176986],[22.656115,41.178056],[22.64454,41.180227],[22.629347,41.177074],[22.625936,41.169788],[22.626763,41.160796],[22.624489,41.152631],[22.607333,41.135992],[22.590176,41.125139],[22.586634,41.124085],[22.571263,41.119507],[22.549248,41.118525],[22.516589,41.122246],[22.500673,41.122142],[22.481449,41.11775],[22.467496,41.115011],[22.451477,41.113667],[22.421814,41.114649],[22.410446,41.117905],[22.389258,41.128343],[22.380163,41.131702],[22.367658,41.132374],[22.342336,41.128964],[22.323422,41.128498],[22.315051,41.124416],[22.308746,41.124984],[22.306679,41.128447],[22.305232,41.141624],[22.302649,41.1455],[22.29345,41.147515],[22.262961,41.150461],[22.225134,41.159608],[22.213637,41.160684],[22.205807,41.161416],[22.183173,41.159918],[22.160332,41.151908],[22.124365,41.127207],[22.103384,41.121522],[22.095943,41.123641],[22.062767,41.13718],[22.060286,41.140022],[22.058632,41.145087],[22.055532,41.149892],[22.048194,41.151856],[22.04406,41.149944],[22.033828,41.141263],[22.029074,41.138575],[21.965098,41.124364],[21.934712,41.11191],[21.925545,41.106754],[21.909081,41.097493],[21.901226,41.090775],[21.897195,41.081266],[21.896333,41.064705],[21.896162,41.061422],[21.894301,41.053826],[21.880659,41.038426],[21.845002,41.012381],[21.831463,40.993726],[21.831359,40.993623],[21.831256,40.99352],[21.793636,40.973572],[21.783714,40.964167],[21.781853,40.955899],[21.78175,40.945099],[21.778133,40.93373],[21.765524,40.923911],[21.757091,40.922506],[21.736998,40.919157],[21.685115,40.927994],[21.6569,40.918227],[21.654833,40.9143],[21.652662,40.901381],[21.648838,40.895799],[21.643877,40.894456],[21.629511,40.895076],[21.623724,40.894404],[21.613698,40.888306],[21.590341,40.870685],[21.581556,40.866292],[21.55365,40.870426],[21.509519,40.900502],[21.505731,40.900903],[21.42942,40.908977],[21.404926,40.908615],[21.381258,40.900502],[21.344878,40.873062],[21.329271,40.866292],[21.295372,40.860866],[21.260955,40.860815],[21.245824,40.863226],[21.209072,40.869083],[21.183027,40.870168],[21.112127,40.853942],[20.965262,40.849394],[20.964849,40.875956],[20.956684,40.894766],[20.939941,40.907065],[20.890228,40.918279],[20.837415,40.924066],[20.836544,40.923904],[20.816951,40.920242],[20.783672,40.899055],[20.766102,40.893732],[20.740883,40.89797],[20.730573,40.904611],[20.717216,40.913214],[20.702746,40.936314],[20.683419,40.99383],[20.664092,41.059149],[20.65386,41.075272],[20.643008,41.081576],[20.634129,41.082576],[20.631536,41.082868],[20.618927,41.082403],[20.605284,41.083488],[20.597419,41.086273],[20.576966,41.093513],[20.569938,41.107104],[20.570558,41.124829],[20.565494,41.147412],[20.549681,41.170615],[20.51268,41.210147],[20.500071,41.23552],[20.483121,41.289471],[20.477747,41.319598],[20.478108,41.321585],[20.481674,41.341199],[20.49604,41.337788],[20.510407,41.344403],[20.523429,41.356805],[20.532937,41.370447],[20.539965,41.387139],[20.540172,41.400678],[20.539049,41.402944],[20.534074,41.412977],[20.522189,41.42569],[20.514644,41.429462],[20.498004,41.431477],[20.490873,41.436025],[20.488909,41.441451],[20.486842,41.457781],[20.483535,41.46548],[20.481597,41.468269],[20.470822,41.483774],[20.463174,41.489768],[20.452012,41.493592],[20.444984,41.508475],[20.447878,41.53545],[20.444157,41.549661],[20.49294,41.557671],[20.507409,41.56227],[20.520845,41.568368],[20.52932,41.574879],[20.534694,41.585266],[20.53467,41.587324],[20.534591,41.594026],[20.513404,41.640405],[20.508339,41.661748],[20.500381,41.734095],[20.503275,41.744637],[20.511337,41.757943],[20.521155,41.767658],[20.54441,41.784763],[20.550921,41.793522],[20.550136,41.80006],[20.54844,41.814193],[20.540482,41.839437],[20.540786,41.844865],[20.541722,41.86158],[20.567147,41.873182]]]}},{"type":"Feature","properties":{"name":"Palau","iso3":"PLW"},"geometry":{"type":"MultiPolygon","coordinates":[[[[134.271495,7.07453],[134.279307,7.07274],[134.283214,7.068752],[134.284434,7.062649],[134.285004,7.054633],[134.280935,7.049628],[134.271495,7.033596],[134.279959,7.020494],[134.276052,7.016913],[134.266449,7.016425],[134.257823,7.013088],[134.243337,6.992825],[134.234386,6.98432],[134.230479,6.989203],[134.235688,7.00849],[134.271495,7.07453]]],[[[134.463878,7.294257],[134.449229,7.290025],[134.450938,7.281643],[134.458995,7.271877],[134.463878,7.263577],[134.458344,7.256741],[134.446137,7.253811],[134.425955,7.253323],[134.416515,7.247952],[134.392914,7.224514],[134.37794,7.219143],[134.364919,7.221503],[134.355235,7.228013],[134.349132,7.237779],[134.347179,7.249905],[134.347911,7.267808],[134.350841,7.271186],[134.382579,7.237942],[134.389008,7.238918],[134.401703,7.246487],[134.43686,7.277899],[134.443858,7.287421],[134.444591,7.299221],[134.441417,7.310248],[134.441091,7.316718],[134.449474,7.314765],[134.454845,7.311591],[134.458995,7.307685],[134.462169,7.302151],[134.463878,7.294257]]],[[[134.471365,7.362494],[134.488617,7.357856],[134.511892,7.347317],[134.527354,7.331529],[134.522227,7.311347],[134.511892,7.30858],[134.503266,7.319322],[134.496593,7.333808],[134.491222,7.342678],[134.477794,7.346869],[134.468028,7.343817],[134.449474,7.328355],[134.447765,7.343207],[134.449555,7.355414],[134.456879,7.362698],[134.471365,7.362494]]],[[[134.648204,7.719428],[134.660167,7.686021],[134.663341,7.638577],[134.658214,7.591051],[134.645356,7.55744],[134.625743,7.530504],[134.624848,7.523912],[134.635997,7.509467],[134.635997,7.50316],[134.631358,7.498684],[134.622895,7.472805],[134.59962,7.442572],[134.594249,7.421129],[134.601085,7.383612],[134.596202,7.36994],[134.591645,7.366889],[134.586681,7.368598],[134.574962,7.369574],[134.565603,7.375312],[134.559337,7.376166],[134.554698,7.372545],[134.5442,7.358547],[134.538829,7.355699],[134.528005,7.357571],[134.523774,7.361029],[134.522309,7.367011],[134.513438,7.391791],[134.50587,7.424018],[134.499278,7.438218],[134.491222,7.444566],[134.485525,7.444159],[134.482921,7.445787],[134.484386,7.458726],[134.487559,7.469916],[134.493337,7.480129],[134.501313,7.488349],[134.511567,7.493476],[134.515473,7.480536],[134.524425,7.478827],[134.533865,7.485989],[134.538829,7.499701],[134.536143,7.507961],[134.528331,7.516099],[134.511567,7.527655],[134.519298,7.534857],[134.532725,7.553697],[134.54477,7.561835],[134.546397,7.561184],[134.547211,7.566718],[134.54713,7.58039],[134.546397,7.58161],[134.556977,7.601142],[134.569102,7.613715],[134.586111,7.620551],[134.611176,7.622545],[134.63502,7.62934],[134.640961,7.645982],[134.632986,7.698188],[134.623709,7.717963],[134.62143,7.729682],[134.625336,7.734076],[134.634288,7.732164],[134.643321,7.726467],[134.648204,7.719428]]],[[[131.1421,3.047309],[131.160899,3.058783],[131.183604,3.060289],[131.192068,3.048814],[131.180431,3.033271],[131.160492,3.022773],[131.138438,3.018948],[131.131114,3.029486],[131.1421,3.047309]]],[[[132.220388,5.292222],[132.213878,5.307115],[132.220225,5.310248],[132.226736,5.304348],[132.220388,5.292222]]],[[[134.159679,6.884467],[134.145274,6.899156],[134.136729,6.919094],[134.139659,6.934272],[134.159841,6.935004],[134.173188,6.924872],[134.177745,6.909166],[134.17335,6.893744],[134.159679,6.884467]]],[[[131.791515,2.977729],[131.806407,2.97427],[131.812999,2.960435],[131.795177,2.949042],[131.778819,2.952826],[131.775401,2.964057],[131.785004,2.974066],[131.791515,2.977729]]],[[[134.709676,8.096618],[134.722248,8.096466],[134.727343,8.082879],[134.718108,8.058676],[134.701245,8.050245],[134.692525,8.060799],[134.692814,8.075539],[134.709676,8.096618]]]]}},{"type":"Feature","properties":{"name":"Palestine","iso3":"PSE"},"geometry":{"type":"MultiPolygon","coordinates":[[[[34.481204,31.583141],[34.520126,31.558327],[34.556032,31.539825],[34.528259,31.520144],[34.495703,31.494409],[34.495496,31.494409],[34.480407,31.485624],[34.367339,31.392814],[34.345841,31.357725],[34.345531,31.340724],[34.353799,31.306359],[34.350905,31.289254],[34.315869,31.256905],[34.264399,31.224193],[34.248351,31.211449],[34.230396,31.25923],[34.224608,31.275715],[34.200269,31.314267],[34.222667,31.326646],[34.236664,31.342353],[34.281423,31.376695],[34.301606,31.407701],[34.348399,31.437649],[34.368175,31.468166],[34.44337,31.534573],[34.47877,31.578274],[34.481204,31.583141]]],[[[34.986695,31.967228],[34.997837,31.978779],[34.998827,31.993899],[34.996775,32.011102],[35.007245,32.020772],[34.984217,32.089584],[34.986943,32.123991],[34.97704,32.149987],[34.96268,32.173462],[34.958223,32.186454],[34.961411,32.201576],[35.000271,32.232013],[35.007609,32.24439],[35.011123,32.257102],[35.009366,32.267644],[35.002442,32.275137],[34.989936,32.27847],[34.993037,32.29157],[34.996551,32.323041],[35.000685,32.335728],[35.004509,32.338053],[35.017841,32.342213],[35.021562,32.34459],[35.028797,32.365157],[35.03273,32.3822],[35.044713,32.43412],[35.06435,32.463136],[35.090705,32.479233],[35.120678,32.491325],[35.151683,32.507914],[35.176798,32.532692],[35.190751,32.54171],[35.208631,32.54264],[35.210359,32.541868],[35.22372,32.535896],[35.252246,32.515949],[35.270436,32.510471],[35.333378,32.513081],[35.363143,32.51011],[35.392909,32.494478],[35.401797,32.470965],[35.401384,32.440011],[35.406862,32.414793],[35.432803,32.408256],[35.456678,32.40761],[35.480139,32.402416],[35.560961,32.384717],[35.563958,32.377043],[35.565612,32.367948],[35.55941,32.367948],[35.55941,32.374821],[35.551969,32.374821],[35.551969,32.367948],[35.557343,32.358207],[35.556517,32.328209],[35.565612,32.313352],[35.561167,32.301699],[35.560857,32.28263],[35.564578,32.263587],[35.572536,32.251908],[35.567575,32.249506],[35.563751,32.246818],[35.561064,32.243149],[35.55941,32.237594],[35.572536,32.237594],[35.559562,32.190371],[35.555173,32.174394],[35.55941,32.162534],[35.55941,32.155093],[35.551246,32.151527],[35.546698,32.147031],[35.546698,32.141605],[35.551969,32.135197],[35.535226,32.110806],[35.534606,32.09923],[35.545148,32.086828],[35.528301,32.075098],[35.522824,32.057838],[35.524684,32.011691],[35.535536,31.988229],[35.537706,31.977584],[35.538326,31.963942],[35.53998,31.955622],[35.545871,31.944563],[35.545148,31.936605],[35.5406,31.932006],[35.533676,31.9303],[35.527474,31.927355],[35.524684,31.919241],[35.549075,31.839195],[35.538326,31.826741],[35.538326,31.819299],[35.55941,31.765349],[35.527578,31.735067],[35.502479,31.68536],[35.480139,31.641119],[35.464222,31.568565],[35.458745,31.494409],[35.459055,31.492808],[35.459158,31.491877],[35.458745,31.491567],[35.458125,31.491929],[35.390118,31.487071],[35.332344,31.458804],[35.223307,31.381031],[35.164913,31.362273],[35.040166,31.363203],[34.980324,31.356175],[34.9549,31.34863],[34.927408,31.34491],[34.900949,31.348475],[34.878832,31.362841],[34.867153,31.396431],[34.881726,31.429866],[34.926788,31.494409],[34.932472,31.526966],[34.932885,31.554923],[34.93733,31.582001],[34.953176,31.60832],[34.955313,31.61187],[34.973606,31.63037],[35.059226,31.676797],[35.093387,31.702416],[35.114231,31.717685],[35.125742,31.733103],[35.148952,31.737349],[35.154355,31.733426],[35.166733,31.732052],[35.179423,31.720103],[35.205255,31.723187],[35.219389,31.715115],[35.224148,31.719163],[35.228,31.717428],[35.231399,31.712609],[35.23797,31.709332],[35.242417,31.71085],[35.244315,31.719356],[35.249215,31.723572],[35.252472,31.738051],[35.258122,31.742423],[35.262811,31.748625],[35.259724,31.756935],[35.253152,31.762522],[35.252699,31.76965],[35.258137,31.783713],[35.262896,31.789684],[35.25995,31.792573],[35.258817,31.800662],[35.255871,31.812216],[35.26063,31.818763],[35.264935,31.826272],[35.260177,31.828774],[35.253605,31.829352],[35.251566,31.831277],[35.257231,31.838593],[35.253747,31.841456],[35.24998,31.844368],[35.244768,31.845138],[35.233353,31.842611],[35.227462,31.850311],[35.225649,31.85724],[35.226555,31.867247],[35.222023,31.879178],[35.212053,31.881487],[35.205255,31.877254],[35.204802,31.871096],[35.209334,31.863398],[35.212959,31.85339],[35.216132,31.839146],[35.216132,31.823745],[35.215764,31.82011],[35.213271,31.818763],[35.196644,31.82644],[35.189931,31.826657],[35.183587,31.825116],[35.182227,31.819918],[35.185768,31.814117],[35.186167,31.80874],[35.173922,31.807551],[35.136957,31.814293],[35.121392,31.824845],[35.112472,31.823963],[35.097585,31.831266],[35.088091,31.848132],[35.07632,31.854158],[35.064436,31.854579],[35.056018,31.853317],[35.04562,31.84827],[35.027492,31.832731],[35.012939,31.82934],[35.00155,31.828499],[34.98031,31.831317],[34.977433,31.833366],[34.97874,31.837333],[34.989761,31.845584],[34.99854,31.853835],[35.006572,31.856056],[35.030107,31.857008],[35.034323,31.861114],[35.039006,31.908637],[35.029902,31.92443],[35.016354,31.926586],[35.005424,31.933769],[35.003776,31.939211],[35.007734,31.944922],[35.001223,31.949619],[34.986695,31.967228]]]]}},{"type":"Feature","properties":{"name":"Saint Kitts and Nevis","iso3":"KNA"},"geometry":{"type":"MultiPolygon","coordinates":[[[[-62.599233,17.202948],[-62.57844,17.202541],[-62.560374,17.196723],[-62.546498,17.183783],[-62.538442,17.161933],[-62.537262,17.152899],[-62.536773,17.129706],[-62.538442,17.120998],[-62.543568,17.108873],[-62.547597,17.104641],[-62.565745,17.100531],[-62.612172,17.104153],[-62.626373,17.140692],[-62.618642,17.182807],[-62.599233,17.202948]]],[[[-62.650461,17.265611],[-62.63683,17.258205],[-62.624827,17.241848],[-62.624745,17.225287],[-62.647043,17.21719],[-62.659739,17.225491],[-62.670481,17.26317],[-62.690297,17.27497],[-62.703359,17.28913],[-62.712554,17.292304],[-62.744049,17.290595],[-62.756947,17.292304],[-62.788726,17.304674],[-62.831614,17.330146],[-62.861073,17.362291],[-62.853139,17.394721],[-62.849233,17.398139],[-62.846547,17.39997],[-62.843577,17.401068],[-62.838857,17.402167],[-62.82665,17.407172],[-62.822336,17.410102],[-62.819569,17.415839],[-62.71996,17.358547],[-62.695465,17.333238],[-62.678131,17.292222],[-62.66686,17.273505],[-62.650461,17.265611]]]]}},{"type":"Feature","properties":{"name":"Saint Lucia","iso3":"LCA"},"geometry":{"type":"Polygon","coordinates":[[[-60.88679,14.010077],[-60.882965,13.980618],[-60.883046,13.954413],[-60.89509,13.877346],[-60.892201,13.833197],[-60.904612,13.784247],[-60.907297,13.77733],[-60.910308,13.776109],[-60.922841,13.772691],[-60.927113,13.769924],[-60.931752,13.760321],[-60.940785,13.722113],[-60.947011,13.716295],[-60.950103,13.714667],[-60.955068,13.714667],[-60.973378,13.739],[-61.048166,13.76732],[-61.064931,13.786933],[-61.068105,13.792182],[-61.074208,13.798733],[-61.078114,13.806301],[-61.071156,13.821967],[-61.070058,13.832099],[-61.071156,13.851793],[-61.072743,13.858222],[-61.075592,13.863267],[-61.078114,13.869615],[-61.078521,13.879788],[-61.075917,13.890367],[-61.066884,13.909003],[-61.064931,13.917304],[-61.059478,13.93122],[-61.035553,13.964911],[-61.026601,13.987372],[-61.002268,14.023139],[-60.99706,14.027167],[-60.987294,14.032538],[-60.98233,14.03734],[-60.97997,14.043524],[-60.976064,14.061184],[-60.972076,14.068101],[-60.947621,14.102281],[-60.933461,14.111884],[-60.914133,14.105699],[-60.918609,14.088446],[-60.911936,14.079495],[-60.901031,14.073391],[-60.892974,14.064683],[-60.890207,14.052232],[-60.88679,14.010077]]]}},{"type":"Feature","properties":{"name":"Saint Vincent and the Grenadines","iso3":"VCT"},"geometry":{"type":"MultiPolygon","coordinates":[[[[-61.194,13.036851],[-61.208323,13.023261],[-61.22643,12.99315],[-61.242421,12.982245],[-61.234975,12.982245],[-61.242421,12.974799],[-61.247548,12.982123],[-61.255483,12.986721],[-61.265614,12.988715],[-61.277211,12.988471],[-61.277211,12.995917],[-61.262318,12.99136],[-61.239613,12.995795],[-61.239573,13.003852],[-61.246205,13.011217],[-61.249257,13.016343],[-61.240956,13.024237],[-61.213124,13.041815],[-61.201487,13.051174],[-61.200063,13.047309],[-61.199615,13.043687],[-61.198232,13.040229],[-61.194,13.036851]]],[[[-61.167348,13.146064],[-61.185211,13.132514],[-61.210194,13.144192],[-61.271352,13.18651],[-61.279368,13.215888],[-61.276682,13.249905],[-61.262929,13.276435],[-61.265533,13.280219],[-61.270375,13.290107],[-61.243398,13.294379],[-61.231842,13.316962],[-61.224965,13.345771],[-61.212026,13.368883],[-61.199127,13.377021],[-61.187123,13.380439],[-61.176381,13.380764],[-61.151235,13.376776],[-61.144032,13.374091],[-61.140045,13.367377],[-61.133778,13.352769],[-61.123931,13.308254],[-61.12442,13.246975],[-61.13801,13.186916],[-61.167348,13.146064]]],[[[-61.441396,12.607896],[-61.429351,12.600491],[-61.426625,12.591864],[-61.432729,12.587836],[-61.443227,12.58515],[-61.455922,12.586086],[-61.459828,12.591457],[-61.455678,12.596584],[-61.454661,12.600775],[-61.456776,12.604438],[-61.455556,12.607082],[-61.448313,12.609931],[-61.441396,12.607896]]],[[[-61.319407,12.733791],[-61.316314,12.730048],[-61.314361,12.720893],[-61.319692,12.713935],[-61.32551,12.708197],[-61.328359,12.699449],[-61.333892,12.69359],[-61.344106,12.693061],[-61.353098,12.696479],[-61.350657,12.69953],[-61.339263,12.701972],[-61.333974,12.708564],[-61.335846,12.717434],[-61.335357,12.7272],[-61.326324,12.73314],[-61.319407,12.733791]]],[[[-61.191762,12.868232],[-61.183176,12.88349],[-61.174957,12.881781],[-61.183583,12.862006],[-61.187611,12.856391],[-61.190826,12.855862],[-61.191762,12.868232]]]]}},{"type":"Feature","properties":{"name":"Samoa","iso3":"WSM"},"geometry":{"type":"MultiPolygon","coordinates":[[[[-172.201039,-13.592543],[-172.197581,-13.603123],[-172.195668,-13.613865],[-172.194895,-13.636895],[-172.190256,-13.65602],[-172.181386,-13.667657],[-172.175649,-13.680271],[-172.180613,-13.702407],[-172.190663,-13.71795],[-172.202138,-13.730157],[-172.211497,-13.744561],[-172.215321,-13.767673],[-172.212351,-13.790623],[-172.212961,-13.800958],[-172.219065,-13.805352],[-172.242787,-13.805108],[-172.253245,-13.802911],[-172.263783,-13.798028],[-172.27953,-13.784845],[-172.287709,-13.774998],[-172.297556,-13.769789],[-172.31843,-13.771254],[-172.368642,-13.788995],[-172.523183,-13.805352],[-172.532908,-13.798598],[-172.543162,-13.785252],[-172.551137,-13.77752],[-172.567372,-13.768813],[-172.575144,-13.762791],[-172.578481,-13.754002],[-172.580556,-13.744806],[-172.589955,-13.724786],[-172.592112,-13.71266],[-172.597117,-13.700616],[-172.608957,-13.693048],[-172.622548,-13.687758],[-172.633046,-13.681899],[-172.65453,-13.649184],[-172.66747,-13.633884],[-172.693349,-13.624119],[-172.703481,-13.616632],[-172.718739,-13.602797],[-172.721873,-13.597833],[-172.723012,-13.587335],[-172.725575,-13.581964],[-172.731272,-13.578871],[-172.744496,-13.580011],[-172.749745,-13.578302],[-172.761179,-13.565037],[-172.776479,-13.542087],[-172.782582,-13.520278],[-172.76655,-13.510512],[-172.732371,-13.510512],[-172.695139,-13.524184],[-172.661204,-13.52516],[-172.638987,-13.522068],[-172.615346,-13.509373],[-172.603993,-13.506443],[-172.581858,-13.50449],[-172.569203,-13.501397],[-172.542226,-13.487888],[-172.530629,-13.483982],[-172.451853,-13.483982],[-172.431467,-13.48089],[-172.389231,-13.466974],[-172.36616,-13.462823],[-172.344431,-13.462986],[-172.322377,-13.466892],[-172.300771,-13.476495],[-172.280507,-13.493585],[-172.222768,-13.558364],[-172.221873,-13.562595],[-172.223582,-13.573907],[-172.222768,-13.578302],[-172.217519,-13.582778],[-172.205312,-13.58766],[-172.201039,-13.592543]]],[[[-171.56428,-13.949395],[-171.51948,-13.944757],[-171.46935,-13.969415],[-171.437693,-14.006117],[-171.448191,-14.03753],[-171.445302,-14.041436],[-171.440745,-14.051853],[-171.466176,-14.05283],[-171.536936,-14.045668],[-171.579213,-14.049493],[-171.598826,-14.047784],[-171.619496,-14.03753],[-171.635813,-14.046157],[-171.652415,-14.04518],[-171.684031,-14.03753],[-171.700144,-14.038995],[-171.742991,-14.051853],[-171.753285,-14.051528],[-171.762034,-14.048761],[-171.768056,-14.043227],[-171.770334,-14.034845],[-171.774526,-14.0263],[-171.784373,-14.022231],[-171.804433,-14.017755],[-171.822214,-14.008477],[-171.837961,-14.003188],[-171.854075,-14.001886],[-171.893503,-14.007013],[-171.911122,-14.006443],[-171.926625,-14.001153],[-171.940989,-13.990411],[-171.961903,-13.958103],[-171.972401,-13.946222],[-171.982004,-13.949395],[-171.98884,-13.949395],[-172.006296,-13.924981],[-172.018015,-13.917901],[-172.040639,-13.915216],[-172.061025,-13.906183],[-172.063669,-13.885024],[-172.055613,-13.861912],[-172.044057,-13.846368],[-171.965199,-13.818536],[-171.880198,-13.805352],[-171.834543,-13.807387],[-171.792307,-13.816502],[-171.650217,-13.87127],[-171.606923,-13.876153],[-171.585154,-13.883884],[-171.567576,-13.896742],[-171.557444,-13.915216],[-171.559071,-13.925388],[-171.565745,-13.93141],[-171.570017,-13.938165],[-171.56428,-13.949395]]]]}},{"type":"Feature","properties":{"name":"San Marino","iso3":"SMR"},"geometry":{"type":"Polygon","coordinates":[[[12.42945,43.892056],[12.399581,43.903218],[12.385629,43.924534],[12.395654,43.948409],[12.411049,43.959661],[12.421389,43.967219],[12.453325,43.979053],[12.48216,43.982567],[12.489188,43.97311],[12.492392,43.956419],[12.490325,43.939159],[12.483094,43.929205],[12.48216,43.927919],[12.479576,43.9258],[12.478026,43.923216],[12.477494,43.920051],[12.478287,43.917038],[12.460456,43.895259],[12.42945,43.892056]]]}},{"type":"Feature","properties":{"name":"Sao Tome and Principe","iso3":"STP"},"geometry":{"type":"MultiPolygon","coordinates":[[[[6.681407,0.407131],[6.703868,0.391832],[6.727061,0.366929],[6.746104,0.33808],[6.756521,0.310858],[6.760916,0.284166],[6.760509,0.268297],[6.756521,0.250067],[6.748546,0.230699],[6.740082,0.218573],[6.715587,0.195461],[6.703136,0.180406],[6.674571,0.133368],[6.668468,0.131008],[6.65919,0.128852],[6.653331,0.124579],[6.660004,0.107327],[6.652599,0.103217],[6.641449,0.10102],[6.633637,0.098578],[6.618175,0.081204],[6.616222,0.078111],[6.582856,0.077338],[6.57838,0.078111],[6.567719,0.042141],[6.557302,0.028266],[6.5442,0.043931],[6.536957,0.026435],[6.526622,0.024115],[6.516368,0.033637],[6.510102,0.051418],[6.511729,0.05272],[6.516612,0.069973],[6.516938,0.078111],[6.513682,0.088284],[6.509613,0.092678],[6.505707,0.094875],[6.502696,0.098578],[6.467296,0.21247],[6.461681,0.222154],[6.466319,0.231024],[6.46811,0.239814],[6.468516,0.259955],[6.470876,0.26789],[6.490245,0.290961],[6.494314,0.299994],[6.495372,0.306383],[6.497813,0.31269],[6.533051,0.348131],[6.540782,0.351874],[6.578298,0.364569],[6.609548,0.390367],[6.641856,0.410793],[6.681407,0.407131]]],[[[7.462738,1.674547],[7.457367,1.669989],[7.446137,1.665473],[7.434825,1.658881],[7.428722,1.647854],[7.443533,1.645453],[7.456716,1.638332],[7.461762,1.630805],[7.452647,1.627346],[7.438243,1.623928],[7.434418,1.61522],[7.435557,1.592597],[7.430512,1.57274],[7.425548,1.56273],[7.418224,1.558498],[7.405772,1.556464],[7.40211,1.550727],[7.402517,1.54206],[7.401378,1.531195],[7.398774,1.53498],[7.395681,1.542385],[7.394054,1.545396],[7.38738,1.542467],[7.381033,1.537991],[7.372244,1.554145],[7.358409,1.558905],[7.343761,1.559882],[7.33253,1.565334],[7.329356,1.596259],[7.330089,1.614651],[7.339366,1.613105],[7.355968,1.620022],[7.364024,1.629381],[7.366466,1.641791],[7.366547,1.658108],[7.371837,1.677191],[7.385265,1.692328],[7.403005,1.699774],[7.421235,1.695705],[7.448741,1.693183],[7.459727,1.6883],[7.462738,1.674547]]]]}},{"type":"Feature","properties":{"name":"Serbia","iso3":"SRB"},"geometry":{"type":"Polygon","coordinates":[[[20.242826,46.108091],[20.305665,46.053572],[20.317653,46.038586],[20.338634,45.992801],[20.35393,45.976678],[20.370984,45.96779],[20.410258,45.955594],[20.429068,45.946706],[20.481674,45.912703],[20.499865,45.906656],[20.538002,45.903711],[20.556709,45.89844],[20.572108,45.887691],[20.605284,45.846143],[20.612312,45.841492],[20.629676,45.833276],[20.636704,45.827023],[20.640114,45.818703],[20.642285,45.798343],[20.64349,45.795141],[20.645902,45.788731],[20.655617,45.77731],[20.678562,45.75664],[20.68807,45.7431],[20.700059,45.735401],[20.713392,45.733334],[20.726827,45.736176],[20.739436,45.743411],[20.745328,45.754986],[20.754113,45.763564],[20.765171,45.766768],[20.77747,45.762324],[20.785739,45.752557],[20.785532,45.743411],[20.781604,45.733954],[20.779124,45.72367],[20.779951,45.671684],[20.777264,45.657524],[20.773233,45.648894],[20.762174,45.630601],[20.754423,45.605589],[20.75804,45.58926],[20.787392,45.553655],[20.800208,45.530504],[20.797624,45.516499],[20.783155,45.506061],[20.760727,45.493348],[20.767135,45.479344],[20.781604,45.472574],[20.799484,45.468544],[20.816021,45.462859],[20.830387,45.452524],[20.863047,45.418728],[20.927642,45.37749],[20.966193,45.341575],[20.981489,45.33279],[21.016668,45.321482],[21.063964,45.30628],[21.0743,45.300544],[21.082775,45.293671],[21.09156,45.288089],[21.103342,45.286074],[21.113057,45.28933],[21.12918,45.301887],[21.139412,45.303696],[21.155638,45.295169],[21.189745,45.259564],[21.206075,45.245922],[21.239251,45.229385],[21.257131,45.224114],[21.299299,45.223184],[21.405546,45.199671],[21.433761,45.188819],[21.459393,45.17404],[21.484388,45.152702],[21.493292,45.145101],[21.49784,45.131872],[21.494119,45.119314],[21.48151,45.111563],[21.469004,45.111046],[21.458566,45.107325],[21.449987,45.101021],[21.442443,45.092908],[21.443786,45.091461],[21.444406,45.08526],[21.444406,45.07787],[21.443786,45.072909],[21.440996,45.068723],[21.432521,45.061488],[21.429524,45.057303],[21.425596,45.043247],[21.425079,45.036219],[21.421875,45.031413],[21.409266,45.023971],[21.398828,45.021387],[21.3733,45.020096],[21.363378,45.01653],[21.356143,45.008572],[21.351389,44.998236],[21.353456,44.989813],[21.366995,44.987281],[21.383945,44.986661],[21.387046,44.981545],[21.384565,44.97493],[21.385185,44.969504],[21.40844,44.958342],[21.456499,44.952348],[21.48151,44.943563],[21.51634,44.933899],[21.531016,44.924649],[21.539078,44.908474],[21.536287,44.889302],[21.522128,44.880776],[21.48151,44.872611],[21.453398,44.869562],[21.395314,44.871629],[21.368545,44.86486],[21.355523,44.856591],[21.346428,44.845636],[21.342811,44.831942],[21.3598,44.826657],[21.360587,44.826412],[21.378571,44.816645],[21.395934,44.790239],[21.41216,44.784813],[21.49722,44.778043],[21.558405,44.78166],[21.578042,44.777681],[21.595612,44.765951],[21.604293,44.749983],[21.610288,44.731948],[21.619693,44.713913],[21.65628,44.687661],[21.705166,44.677067],[21.756842,44.677274],[21.801697,44.683889],[21.838284,44.695206],[21.855441,44.698461],[21.871977,44.695981],[21.962411,44.662288],[21.994347,44.658567],[22.004269,44.651539],[22.032174,44.603325],[22.034243,44.596168],[22.036174,44.589489],[22.039822,44.576867],[22.045197,44.569219],[22.055739,44.562139],[22.067107,44.55723],[22.076306,44.550718],[22.086951,44.52178],[22.104314,44.509636],[22.126639,44.502659],[22.148239,44.500902],[22.172114,44.505347],[22.185136,44.515113],[22.299031,44.661668],[22.304922,44.677377],[22.319702,44.685336],[22.361146,44.692054],[22.38068,44.700528],[22.41551,44.727814],[22.426052,44.733653],[22.450547,44.732981],[22.468943,44.730191],[22.483723,44.72399],[22.553279,44.669161],[22.587489,44.649369],[22.621182,44.637432],[22.700144,44.63061],[22.714716,44.623065],[22.765153,44.58281],[22.759262,44.564671],[22.741692,44.551855],[22.719367,44.544362],[22.700144,44.54183],[22.678543,44.545551],[22.642163,44.563121],[22.621182,44.569219],[22.600305,44.569787],[22.580461,44.565498],[22.565578,44.555421],[22.55979,44.538781],[22.55669,44.52147],[22.548422,44.511703],[22.535503,44.507517],[22.500363,44.50638],[22.491061,44.50421],[22.484136,44.499766],[22.479795,44.490412],[22.477212,44.476976],[22.477005,44.463954],[22.480002,44.455789],[22.500983,44.44194],[22.505427,44.435015],[22.506357,44.427522],[22.50398,44.411709],[22.505117,44.404061],[22.522687,44.37507],[22.549352,44.348974],[22.582838,44.328406],[22.621182,44.315901],[22.662523,44.311663],[22.68154,44.305307],[22.689498,44.291716],[22.685364,44.243657],[22.690739,44.228878],[22.69164,44.228435],[22.648777,44.213995],[22.639992,44.207329],[22.624799,44.189397],[22.608573,44.175858],[22.606196,44.174566],[22.604852,44.168468],[22.605989,44.163145],[22.607953,44.159993],[22.6094,44.159941],[22.599065,44.130331],[22.597101,44.119065],[22.598134,44.109298],[22.604646,44.088163],[22.604749,44.079378],[22.592967,44.063926],[22.57519,44.061394],[22.554623,44.062428],[22.534159,44.057157],[22.522583,44.044703],[22.514935,44.030285],[22.50367,44.019898],[22.481449,44.019433],[22.465885,44.017624],[22.43432,44.013955],[22.411789,44.006927],[22.399594,43.993336],[22.39732,43.980934],[22.396803,43.951944],[22.394529,43.936337],[22.391945,43.931867],[22.382024,43.918561],[22.379026,43.913496],[22.377063,43.883524],[22.367554,43.852751],[22.354738,43.829703],[22.349467,43.807921],[22.362593,43.780843],[22.388535,43.758286],[22.389568,43.750509],[22.385848,43.733817],[22.386054,43.725498],[22.390498,43.712449],[22.396906,43.699401],[22.404865,43.687179],[22.41396,43.676663],[22.426465,43.668214],[22.455921,43.656406],[22.466256,43.64912],[22.472871,43.635942],[22.473801,43.612998],[22.481449,43.600647],[22.481759,43.599975],[22.481966,43.599459],[22.481759,43.598942],[22.481449,43.598529],[22.478142,43.594911],[22.477108,43.591294],[22.478142,43.587573],[22.481449,43.584137],[22.482689,43.581734],[22.483103,43.579279],[22.482689,43.576695],[22.481449,43.574111],[22.478658,43.569176],[22.477625,43.564164],[22.478452,43.559229],[22.490647,43.540883],[22.509354,43.493341],[22.518863,43.474247],[22.532609,43.464842],[22.565785,43.453344],[22.57271,43.44815],[22.586766,43.43443],[22.596274,43.429159],[22.606919,43.427402],[22.62852,43.428255],[22.637822,43.426369],[22.645367,43.420297],[22.656529,43.403192],[22.658926,43.401295],[22.664694,43.396732],[22.674202,43.394148],[22.693219,43.394872],[22.702934,43.394045],[22.719367,43.388671],[22.724343,43.38606],[22.73301,43.381513],[22.80453,43.328984],[22.817139,43.315497],[22.820756,43.307539],[22.823857,43.289297],[22.826958,43.28139],[22.833159,43.274647],[22.857343,43.256947],[22.883802,43.230592],[22.897754,43.220335],[22.915531,43.212247],[22.964727,43.204418],[22.981367,43.198992],[22.982902,43.187318],[22.984571,43.174627],[22.974029,43.141192],[22.955632,43.108274],[22.935271,43.085562],[22.927107,43.081144],[22.910157,43.075279],[22.901682,43.069749],[22.896721,43.062721],[22.889486,43.044376],[22.884215,43.036651],[22.842254,43.007505],[22.829025,42.993656],[22.829025,42.993501],[22.828921,42.993449],[22.828818,42.993449],[22.815796,42.989703],[22.788097,42.984897],[22.776418,42.979729],[22.76939,42.97128],[22.763189,42.958645],[22.745516,42.910069],[22.739579,42.898858],[22.738798,42.897383],[22.727015,42.886892],[22.69663,42.87741],[22.666244,42.871932],[22.5909,42.886892],[22.563615,42.884283],[22.549972,42.877358],[22.544785,42.871706],[22.544494,42.871389],[22.53757,42.868341],[22.519793,42.870356],[22.506047,42.870123],[22.497055,42.864413],[22.481449,42.84674],[22.470907,42.840125],[22.445482,42.830178],[22.436801,42.824286],[22.430446,42.817077],[22.427395,42.813615],[22.425845,42.809843],[22.429359,42.806122],[22.45313,42.763592],[22.466566,42.748529],[22.481449,42.739821],[22.482586,42.736824],[22.482896,42.733775],[22.482586,42.730675],[22.481449,42.727677],[22.468116,42.718324],[22.442072,42.681685],[22.449203,42.667965],[22.444552,42.64329],[22.441318,42.632891],[22.428842,42.592776],[22.425328,42.572855],[22.429669,42.571408],[22.481449,42.535622],[22.512145,42.519189],[22.524857,42.507665],[22.532505,42.493557],[22.532505,42.493402],[22.536536,42.47839],[22.533125,42.45759],[22.519483,42.420926],[22.508838,42.404932],[22.497572,42.399196],[22.485066,42.397155],[22.46977,42.391703],[22.454371,42.376768],[22.438454,42.340052],[22.423985,42.325893],[22.405795,42.321552],[22.364144,42.320984],[22.345023,42.313439],[22.325283,42.314318],[22.307609,42.31933],[22.29159,42.328399],[22.276914,42.341241],[22.27402,42.348476],[22.273296,42.365477],[22.268852,42.370335],[22.259757,42.369095],[22.233402,42.348889],[22.095529,42.305817],[22.060906,42.301088],[22.045407,42.302424],[22.027627,42.303956],[21.994967,42.312612],[21.941534,42.333102],[21.929028,42.335117],[21.918279,42.331345],[21.88438,42.309512],[21.877352,42.30822],[21.837354,42.308556],[21.8172,42.305145],[21.719521,42.260957],[21.706509,42.25507],[21.69204,42.242022],[21.676886,42.234945],[21.65969,42.235563],[21.624654,42.242772],[21.575044,42.242022],[21.564066,42.246289],[21.553857,42.273984],[21.514893,42.317832],[21.51603,42.341939],[21.537321,42.35863],[21.596645,42.372092],[21.617419,42.386639],[21.621863,42.402167],[21.616902,42.433923],[21.618969,42.449245],[21.627858,42.460381],[21.667855,42.490095],[21.717671,42.551151],[21.727697,42.574147],[21.726766,42.577945],[21.719738,42.586678],[21.718291,42.591019],[21.720152,42.593887],[21.726973,42.596393],[21.728833,42.598305],[21.730074,42.601018],[21.735551,42.621276],[21.734725,42.624247],[21.744543,42.629647],[21.756532,42.633626],[21.767074,42.638716],[21.772758,42.647501],[21.764387,42.669619],[21.74425,42.679425],[21.738652,42.68215],[21.708886,42.687189],[21.687389,42.686827],[21.644084,42.672306],[21.629408,42.672203],[21.612665,42.680393],[21.580522,42.710211],[21.565226,42.720184],[21.542488,42.725817],[21.441823,42.736101],[21.4178,42.73557],[21.405546,42.7353],[21.388699,42.739046],[21.378674,42.744136],[21.379191,42.747004],[21.383945,42.749976],[21.387149,42.754962],[21.39056,42.770414],[21.404099,42.803978],[21.408336,42.820747],[21.408419,42.841743],[21.40844,42.846998],[21.398931,42.854569],[21.378777,42.855292],[21.346738,42.860847],[21.336403,42.865473],[21.316972,42.877616],[21.306327,42.882448],[21.294958,42.884386],[21.2716,42.884283],[21.260542,42.886556],[21.23243,42.910896],[21.226745,42.942522],[21.225298,42.973554],[21.209795,42.995878],[21.193052,42.997893],[21.17941,42.990581],[21.165354,42.985103],[21.147887,42.992622],[21.139309,43.005826],[21.124012,43.058277],[21.10851,43.081558],[21.092593,43.090678],[21.025827,43.093366],[21.005157,43.099128],[20.993431,43.104148],[20.912494,43.138805],[20.838552,43.170467],[20.832041,43.178606],[20.836071,43.179433],[20.839069,43.192455],[20.840619,43.206976],[20.839999,43.212092],[20.851471,43.219818],[20.8616,43.217518],[20.8647,43.217337],[20.855088,43.231445],[20.848474,43.238137],[20.838449,43.245863],[20.819432,43.257412],[20.809717,43.25961],[20.79442,43.263071],[20.769512,43.260849],[20.745328,43.252865],[20.666986,43.209663],[20.644869,43.203307],[20.612312,43.202274],[20.604044,43.197959],[20.597533,43.184962],[20.600117,43.173826],[20.612106,43.154938],[20.620581,43.133337],[20.626058,43.123725],[20.632053,43.117266],[20.640941,43.115276],[20.65169,43.11631],[20.661818,43.115948],[20.669157,43.109799],[20.664919,43.085407],[20.643835,43.052257],[20.617273,43.02213],[20.596396,43.007092],[20.584304,43.006911],[20.572832,43.00934],[20.562393,43.009495],[20.553401,43.002596],[20.543893,42.987248],[20.538415,42.980659],[20.530457,42.975156],[20.51113,42.970195],[20.493457,42.970195],[20.476403,42.966371],[20.459454,42.950015],[20.450979,42.922032],[20.466688,42.909501],[20.488909,42.899191],[20.494367,42.887467],[20.498831,42.877875],[20.4763,42.855525],[20.428034,42.840642],[20.345352,42.827439],[20.355171,42.86617],[20.35362,42.890975],[20.337084,42.906969],[20.275589,42.929887],[20.223189,42.957663],[20.19456,42.966836],[20.14092,42.970815],[20.129464,42.973605],[20.116942,42.976654],[20.056344,43.020796],[20.054388,43.022221],[20.019894,43.047348],[19.959742,43.07856],[19.949821,43.085924],[19.942276,43.095639],[19.936591,43.105897],[19.92915,43.113907],[19.916644,43.117059],[19.907136,43.113261],[19.883778,43.095691],[19.872203,43.090368],[19.838303,43.088353],[19.805127,43.089955],[19.781769,43.096466],[19.761202,43.108739],[19.742805,43.126516],[19.713556,43.165609],[19.705494,43.166178],[19.69733,43.160209],[19.684617,43.156721],[19.663016,43.158504],[19.618678,43.168245],[19.598111,43.176203],[19.580851,43.187804],[19.549948,43.217518],[19.547845,43.218815],[19.512431,43.240643],[19.502303,43.251935],[19.485146,43.280098],[19.473054,43.293276],[19.414039,43.338389],[19.372285,43.384226],[19.355645,43.393063],[19.218392,43.438202],[19.192244,43.454532],[19.175914,43.480887],[19.175191,43.509619],[19.195345,43.532796],[19.217462,43.532796],[19.229451,43.549746],[19.238856,43.572122],[19.252706,43.588633],[19.263661,43.590958],[19.289189,43.587935],[19.300868,43.588297],[19.31265,43.593154],[19.335801,43.606513],[19.34655,43.608838],[19.363396,43.601577],[19.38045,43.585584],[19.394609,43.566463],[19.402877,43.549643],[19.410732,43.540754],[19.41931,43.549255],[19.431816,43.57114],[19.443908,43.571864],[19.481735,43.560831],[19.48959,43.564448],[19.491761,43.568608],[19.48897,43.573181],[19.481735,43.578116],[19.476878,43.588684],[19.475638,43.602559],[19.477498,43.616977],[19.481735,43.628914],[19.507367,43.647182],[19.505713,43.67364],[19.481735,43.729218],[19.461685,43.762136],[19.359469,43.842209],[19.305932,43.904737],[19.275443,43.933263],[19.241027,43.952357],[19.229348,43.95768],[19.240717,43.965741],[19.242887,43.972821],[19.238133,43.985378],[19.238029,43.99251],[19.243507,44.002018],[19.252085,44.007496],[19.272756,44.012405],[19.287329,44.013025],[19.300558,44.009511],[19.325879,43.996592],[19.351718,43.979125],[19.364637,43.973286],[19.379106,43.973854],[19.393989,43.977058],[19.447112,43.979797],[19.50406,43.975663],[19.528554,43.977213],[19.552222,43.983415],[19.593357,44.005584],[19.61041,44.019278],[19.618885,44.035711],[19.611443,44.054521],[19.598938,44.062583],[19.589946,44.060309],[19.583848,44.054315],[19.580231,44.051524],[19.570929,44.056898],[19.554599,44.071265],[19.522043,44.08501],[19.516189,44.091194],[19.498169,44.110229],[19.482666,44.120667],[19.476361,44.127023],[19.474191,44.144903],[19.465716,44.15281],[19.459721,44.152707],[19.448456,44.144438],[19.442565,44.143198],[19.435537,44.146092],[19.424891,44.153792],[19.381173,44.177098],[19.362363,44.191206],[19.356058,44.204021],[19.353991,44.22433],[19.341589,44.245828],[19.324329,44.263966],[19.307379,44.274198],[19.295907,44.2758],[19.263661,44.270167],[19.249502,44.270736],[19.240717,44.272699],[19.220046,44.280244],[19.177155,44.286962],[19.157001,44.293577],[19.138914,44.309338],[19.116693,44.343703],[19.108942,44.36365],[19.107185,44.382718],[19.115763,44.403596],[19.129612,44.416153],[19.141394,44.430829],[19.143358,44.458218],[19.127339,44.502556],[19.129922,44.518317],[19.165269,44.526689],[19.173124,44.531443],[19.179635,44.538264],[19.185319,44.546223],[19.187283,44.553302],[19.18625,44.569322],[19.188317,44.57604],[19.193278,44.580587],[19.20413,44.585135],[19.208677,44.588391],[19.255703,44.645648],[19.270069,44.67562],[19.277614,44.684871],[19.288259,44.693035],[19.308413,44.705128],[19.318025,44.715463],[19.32836,44.733963],[19.363707,44.854628],[19.367841,44.859278],[19.373112,44.86026],[19.376626,44.862999],[19.375695,44.873128],[19.372802,44.881448],[19.368667,44.887132],[19.362776,44.891111],[19.356982,44.895877],[19.353165,44.899018],[19.352958,44.898087],[19.350271,44.897002],[19.340142,44.896227],[19.33022,44.898708],[19.31017,44.91235],[19.301281,44.91235],[19.293013,44.909405],[19.283815,44.908371],[19.239476,44.915141],[19.229554,44.913745],[19.211881,44.908371],[19.201856,44.908371],[19.196895,44.913177],[19.193174,44.921549],[19.18687,44.927543],[19.174261,44.925424],[19.08455,44.878967],[19.068427,44.874833],[19.047757,44.872714],[19.015821,44.865635],[18.994323,44.894832],[18.991429,44.914934],[19.018405,44.925683],[19.031944,44.922634],[19.052098,44.906976],[19.06667,44.905684],[19.078659,44.910852],[19.087858,44.919326],[19.103567,44.93824],[19.113076,44.942426],[19.124548,44.94594],[19.131679,44.953175],[19.127649,44.968419],[19.118554,44.97555],[19.09809,44.970021],[19.087238,44.977101],[19.085171,44.987281],[19.088478,44.999477],[19.093232,45.011517],[19.095402,45.020922],[19.094266,45.031413],[19.085997,45.06092],[19.082277,45.084949],[19.079176,45.094613],[19.071528,45.107067],[19.064087,45.113578],[19.054165,45.120606],[19.046207,45.128358],[19.044863,45.137246],[19.060056,45.146858],[19.116073,45.142879],[19.137674,45.146031],[19.141705,45.162154],[19.128785,45.181068],[19.121861,45.195795],[19.143875,45.199516],[19.155761,45.194969],[19.174571,45.175797],[19.185319,45.168045],[19.204543,45.162878],[19.225937,45.161947],[19.267795,45.165823],[19.272756,45.168355],[19.275753,45.172851],[19.279474,45.177244],[19.286709,45.179517],[19.291359,45.177709],[19.299421,45.168975],[19.304279,45.166547],[19.390682,45.169337],[19.393929,45.171624],[19.405358,45.179672],[19.407838,45.203133],[19.397296,45.223287],[19.378073,45.229592],[19.28975,45.23631],[19.259907,45.242973],[19.197179,45.264923],[19.158482,45.276171],[19.104147,45.298726],[19.098813,45.319871],[19.096229,45.329121],[19.082956,45.339224],[19.067199,45.343425],[19.052943,45.345395],[19.03024,45.345137],[19.014162,45.353423],[19.007523,45.359534],[18.996434,45.362088],[18.995688,45.36226],[18.977491,45.371209],[18.975527,45.39113],[18.997352,45.399775],[19.02262,45.402392],[19.031319,45.416201],[19.016433,45.433558],[19.002282,45.443686],[18.997144,45.455517],[18.99639,45.473815],[19.00962,45.498671],[19.017926,45.497807],[19.077212,45.491643],[19.106255,45.511642],[19.095092,45.526059],[19.082277,45.531175],[19.067807,45.533398],[19.050961,45.538927],[19.040936,45.545025],[19.036491,45.549469],[19.033391,45.554637],[19.02719,45.562595],[19.018095,45.567401],[19.009206,45.565489],[19.000628,45.561199],[18.983161,45.55474],[18.973136,45.546265],[18.960217,45.539134],[18.941717,45.538927],[18.932002,45.545541],[18.912054,45.568227],[18.90358,45.573085],[18.90699,45.581663],[18.90823,45.600422],[18.912365,45.619232],[18.924457,45.627707],[18.935412,45.633391],[18.962904,45.660108],[18.968485,45.668738],[18.962697,45.683052],[18.948125,45.692044],[18.931071,45.698917],[18.917325,45.706565],[18.908954,45.719433],[18.90482,45.749767],[18.900169,45.764908],[18.871127,45.789971],[18.863995,45.798549],[18.848699,45.809556],[18.844978,45.815706],[18.846735,45.819995],[18.850353,45.824232],[18.85242,45.830072],[18.855314,45.857357],[18.887146,45.859476],[18.899755,45.861388],[18.90699,45.867951],[18.903993,45.875702],[18.893451,45.883867],[18.872884,45.895236],[18.881979,45.902626],[18.889834,45.907897],[18.90699,45.9157],[18.901306,45.931203],[18.962697,45.927947],[18.981818,45.921849],[18.987502,45.923813],[18.988742,45.927017],[18.986469,45.931254],[18.97882,45.939781],[18.977684,45.943502],[18.978717,45.947171],[18.981818,45.950788],[19.005589,45.96257],[19.03091,45.960038],[19.048584,45.963449],[19.049721,45.993111],[19.06543,46.012025],[19.088478,46.018846],[19.111009,46.012955],[19.125788,45.993266],[19.125788,45.993111],[19.148009,45.984068],[19.235652,45.977711],[19.263454,45.981432],[19.274823,45.991612],[19.279474,46.003808],[19.286915,46.016159],[19.298315,46.022123],[19.306966,46.026649],[19.325156,46.029491],[19.362156,46.029646],[19.378899,46.033677],[19.389131,46.041532],[19.396573,46.051557],[19.404738,46.060239],[19.417243,46.064321],[19.428302,46.06551],[19.43688,46.06799],[19.453727,46.07755],[19.460858,46.084475],[19.465922,46.091968],[19.47295,46.098686],[19.499305,46.108608],[19.496722,46.116876],[19.48928,46.126023],[19.487523,46.134239],[19.501993,46.145608],[19.525247,46.156409],[19.549948,46.16416],[19.568449,46.166434],[19.589739,46.165969],[19.647824,46.173875],[19.669321,46.1731],[19.690095,46.168398],[19.711889,46.15871],[19.772984,46.131552],[19.79045,46.129072],[19.873649,46.152992],[19.888946,46.15739],[19.92915,46.16354],[19.993125,46.159406],[20.034983,46.142973],[20.063405,46.145298],[20.088623,46.154135],[20.098442,46.154962],[20.114772,46.152223],[20.120146,46.149226],[20.130378,46.139355],[20.138026,46.136461],[20.145364,46.137082],[20.170479,46.145505],[20.188462,46.140389],[20.242826,46.108091]]]}},{"type":"Feature","properties":{"name":"Seychelles","iso3":"SYC"},"geometry":{"type":"MultiPolygon","coordinates":[[[[46.509776,-9.719985],[46.507579,-9.731866],[46.500662,-9.746515],[46.490489,-9.755548],[46.479666,-9.751072],[46.478526,-9.740411],[46.48699,-9.730157],[46.49936,-9.722752],[46.509776,-9.719985]]],[[[47.507335,-9.713067],[47.507335,-9.698175],[47.51295,-9.694431],[47.515798,-9.700128],[47.507335,-9.713067]]],[[[53.333995,-5.42018],[53.341645,-5.429946],[53.344086,-5.434747],[53.344737,-5.441013],[53.340505,-5.436212],[53.337901,-5.431248],[53.333995,-5.42018]]],[[[55.659679,-3.791111],[55.665863,-3.811782],[55.658539,-3.8117],[55.651866,-3.801202],[55.659679,-3.791111]]],[[[46.495453,-9.357599],[46.515961,-9.371759],[46.525157,-9.38128],[46.52003,-9.385512],[46.507091,-9.39072],[46.472911,-9.416436],[46.4546,-9.426446],[46.380707,-9.424574],[46.299815,-9.449314],[46.234386,-9.452325],[46.207367,-9.385512],[46.230479,-9.41367],[46.274099,-9.426365],[46.320486,-9.423761],[46.351573,-9.405938],[46.368988,-9.406834],[46.396007,-9.39837],[46.42156,-9.386895],[46.434581,-9.378106],[46.440766,-9.385512],[46.447765,-9.378106],[46.457693,-9.382989],[46.468761,-9.385512],[46.468761,-9.378106],[46.458751,-9.371677],[46.45281,-9.3624],[46.449555,-9.350844],[46.447765,-9.33766],[46.495453,-9.357599]]],[[[46.283865,-9.351332],[46.282074,-9.348077],[46.282563,-9.345798],[46.281749,-9.344496],[46.276378,-9.343927],[46.276134,-9.339288],[46.278005,-9.338474],[46.280935,-9.3388],[46.315196,-9.32643],[46.353689,-9.328871],[46.393077,-9.33587],[46.427094,-9.33766],[46.410655,-9.353285],[46.379405,-9.357029],[46.347992,-9.352634],[46.331065,-9.343927],[46.31837,-9.350844],[46.295665,-9.347589],[46.283865,-9.351332]]],[[[56.247081,-7.192641],[56.2588,-7.140232],[56.269379,-7.119806],[56.287446,-7.11004],[56.28297,-7.131931],[56.272472,-7.153578],[56.247081,-7.192641]]],[[[55.401702,-4.660534],[55.394427,-4.657864],[55.394897,-4.65386],[55.40008,-4.652941],[55.397527,-4.649841],[55.389504,-4.647288],[55.379657,-4.649476],[55.37127,-4.646924],[55.365617,-4.64273],[55.367258,-4.639265],[55.374917,-4.639995],[55.377652,-4.637806],[55.374734,-4.632701],[55.38841,-4.619572],[55.394609,-4.617019],[55.406851,-4.616065],[55.417618,-4.611384],[55.422298,-4.603427],[55.426117,-4.595473],[55.431651,-4.591567],[55.434337,-4.579522],[55.433698,-4.562545],[55.440614,-4.560511],[55.447529,-4.561121],[55.454897,-4.562234],[55.46386,-4.571384],[55.467221,-4.583427],[55.463113,-4.587908],[55.459937,-4.598546],[55.459937,-4.606479],[55.458846,-4.618115],[55.461767,-4.622548],[55.45719,-4.624],[55.456682,-4.625802],[55.464412,-4.625395],[55.475661,-4.639938],[55.497661,-4.655385],[55.516384,-4.668023],[55.528555,-4.680193],[55.521533,-4.707811],[55.525278,-4.713896],[55.528087,-4.736832],[55.519661,-4.739173],[55.516852,-4.750407],[55.525746,-4.770066],[55.527192,-4.783787],[55.53464,-4.789726],[55.537916,-4.803769],[55.519661,-4.803769],[55.504214,-4.795811],[55.491108,-4.772875],[55.486895,-4.762109],[55.478001,-4.758832],[55.47098,-4.763513],[55.46349,-4.759768],[55.468171,-4.741513],[55.484778,-4.741602],[55.491576,-4.736364],[55.485022,-4.72747],[55.480341,-4.721385],[55.481746,-4.71296],[55.478001,-4.706406],[55.468171,-4.70547],[55.458341,-4.690959],[55.448979,-4.677853],[55.435405,-4.676449],[55.418086,-4.666151],[55.409197,-4.660782],[55.401702,-4.660534]]],[[[55.260265,-4.500095],[55.241954,-4.504002],[55.228038,-4.487481],[55.221446,-4.463474],[55.225434,-4.44492],[55.242035,-4.450372],[55.259939,-4.462986],[55.269216,-4.480157],[55.260265,-4.500095]]],[[[55.717635,-4.330116],[55.704102,-4.32786],[55.692008,-4.326297],[55.684571,-4.31886],[55.683767,-4.31155],[55.677175,-4.296413],[55.690114,-4.291774],[55.69695,-4.290553],[55.704437,-4.290228],[55.718679,-4.303249],[55.732151,-4.308818],[55.74667,-4.311423],[55.754479,-4.321092],[55.764519,-4.316629],[55.777162,-4.318489],[55.787038,-4.330592],[55.770925,-4.331325],[55.768239,-4.339626],[55.767995,-4.350286],[55.759125,-4.358425],[55.746755,-4.358099],[55.732757,-4.35224],[55.723317,-4.342555],[55.717635,-4.330116]]],[[[52.741873,-6.994317],[52.747244,-7.00506],[52.743419,-7.004083],[52.742198,-7.001723],[52.742198,-6.998468],[52.741873,-6.994317]]],[[[55.382823,-5.853936],[55.381847,-5.865492],[55.380056,-5.869073],[55.379893,-5.864923],[55.382823,-5.853936]]],[[[55.3627,-4.659323],[55.366164,-4.660599],[55.37054,-4.663881],[55.373822,-4.666434],[55.372911,-4.667893],[55.369811,-4.666616],[55.364888,-4.665887],[55.36197,-4.663699],[55.360512,-4.661329],[55.3627,-4.659323]]],[[[55.398986,-4.668622],[55.401174,-4.669534],[55.404821,-4.671722],[55.406826,-4.675004],[55.405915,-4.678104],[55.405368,-4.679927],[55.404091,-4.680292],[55.40008,-4.675734],[55.397527,-4.673363],[55.397709,-4.671357],[55.396433,-4.669716],[55.397162,-4.66844],[55.398986,-4.668622]]],[[[55.501589,-4.628853],[55.504069,-4.629729],[55.506841,-4.636876],[55.50582,-4.639648],[55.502611,-4.63994],[55.498526,-4.638481],[55.495609,-4.635709],[55.491962,-4.634251],[55.49167,-4.629875],[55.493712,-4.627978],[55.497213,-4.628124],[55.499693,-4.629875],[55.501589,-4.628853]]],[[[55.504215,-4.621414],[55.505674,-4.621706],[55.508154,-4.623894],[55.511509,-4.624769],[55.512822,-4.627249],[55.511071,-4.629583],[55.508446,-4.628416],[55.50509,-4.626228],[55.50334,-4.623602],[55.504215,-4.621414]]],[[[55.497943,-4.600846],[55.499401,-4.599679],[55.503778,-4.598366],[55.508446,-4.599387],[55.51253,-4.599387],[55.514426,-4.600554],[55.51253,-4.604638],[55.509321,-4.609015],[55.502756,-4.61164],[55.498672,-4.614412],[55.496776,-4.614704],[55.496338,-4.611786],[55.497359,-4.606535],[55.496776,-4.603034],[55.497943,-4.600846]]],[[[55.712087,-4.280369],[55.715063,-4.276841],[55.722128,-4.276841],[55.738489,-4.277957],[55.742951,-4.278329],[55.741464,-4.283163],[55.732168,-4.283163],[55.733283,-4.289112],[55.732911,-4.292459],[55.72073,-4.288271],[55.712087,-4.280369]]],[[[55.663004,-4.328157],[55.66635,-4.329272],[55.665607,-4.334106],[55.660401,-4.33485],[55.660029,-4.330388],[55.663004,-4.328157]]],[[[55.647014,-4.346749],[55.648873,-4.348608],[55.651105,-4.353442],[55.64813,-4.353442],[55.643668,-4.349352],[55.647014,-4.346749]]],[[[55.666722,-4.209909],[55.670441,-4.210652],[55.675275,-4.21214],[55.671928,-4.214743],[55.664491,-4.213999],[55.659285,-4.212883],[55.660401,-4.21028],[55.666722,-4.209909]]],[[[55.831823,-4.337453],[55.844094,-4.342659],[55.850788,-4.355302],[55.857109,-4.36497],[55.850416,-4.368316],[55.844094,-4.374266],[55.841491,-4.382819],[55.834426,-4.380959],[55.825502,-4.372035],[55.823271,-4.359764],[55.828477,-4.347493],[55.831823,-4.337453]]],[[[55.868636,-4.317373],[55.873471,-4.318489],[55.883139,-4.3289],[55.884626,-4.336709],[55.878676,-4.338197],[55.873471,-4.332619],[55.866777,-4.323323],[55.868636,-4.317373]]],[[[55.866405,-4.283163],[55.869752,-4.283535],[55.870868,-4.289856],[55.873842,-4.296178],[55.870124,-4.296549],[55.866405,-4.288741],[55.866405,-4.283163]]],[[[55.919952,-4.334106],[55.924786,-4.337081],[55.92367,-4.343031],[55.922555,-4.349724],[55.918836,-4.347865],[55.917721,-4.340428],[55.919952,-4.334106]]],[[[55.940074,-4.578657],[55.944354,-4.579916],[55.949389,-4.586461],[55.950144,-4.590993],[55.944857,-4.592755],[55.939067,-4.592252],[55.933025,-4.58621],[55.932521,-4.582433],[55.935794,-4.579916],[55.940074,-4.578657]]]]}},{"type":"Feature","properties":{"name":"Singapore","iso3":"SGP"},"geometry":{"type":"Polygon","coordinates":[[[103.960785,1.391099],[103.985688,1.385443],[103.999522,1.380316],[104.003429,1.374172],[103.991873,1.354926],[103.974864,1.334459],[103.954356,1.318101],[103.931895,1.311469],[103.907237,1.308743],[103.887706,1.301256],[103.852712,1.277289],[103.846934,1.271918],[103.844086,1.2685],[103.838878,1.266262],[103.82602,1.264309],[103.801606,1.264797],[103.789561,1.26789],[103.784434,1.273871],[103.77589,1.287584],[103.755138,1.297105],[103.730154,1.302924],[103.708751,1.305243],[103.665294,1.304104],[103.647634,1.308417],[103.640391,1.322252],[103.644705,1.338039],[103.674571,1.380316],[103.678884,1.399237],[103.683849,1.409898],[103.695079,1.421332],[103.708344,1.429389],[103.717947,1.430976],[103.739757,1.428127],[103.762218,1.430976],[103.79005,1.444281],[103.804942,1.448635],[103.831554,1.447089],[103.857188,1.438707],[103.932465,1.401109],[103.960785,1.391099]]]}},{"type":"Feature","properties":{"name":"Tonga","iso3":"TON"},"geometry":{"type":"MultiPolygon","coordinates":[[[[-173.95637,-18.567315],[-173.941274,-18.572849],[-173.934275,-18.579278],[-173.927968,-18.586684],[-173.915395,-18.59531],[-173.914255,-18.606134],[-173.915151,-18.626886],[-173.922963,-18.636977],[-173.942087,-18.615818],[-173.952952,-18.620701],[-173.958608,-18.626723],[-173.957631,-18.63421],[-173.948964,-18.643162],[-173.957224,-18.653009],[-173.962595,-18.663507],[-173.976633,-18.660577],[-173.985951,-18.670994],[-173.99059,-18.688084],[-173.990549,-18.705173],[-174.003041,-18.6985],[-174.009958,-18.687107],[-174.017201,-18.663507],[-174.001169,-18.657403],[-174.000356,-18.645685],[-174.006459,-18.634373],[-174.010976,-18.62949],[-174.022328,-18.638849],[-174.025624,-18.653741],[-174.030141,-18.663344],[-174.045155,-18.656834],[-174.046132,-18.662367],[-174.049062,-18.663507],[-174.053578,-18.663181],[-174.059438,-18.663507],[-174.072499,-18.633966],[-174.053578,-18.619073],[-174.025461,-18.604913],[-174.010976,-18.577895],[-174.00414,-18.570977],[-173.988108,-18.567315],[-173.969838,-18.566176],[-173.95637,-18.567315]]],[[[-174.914744,-21.292169],[-174.908518,-21.32936],[-174.909047,-21.344496],[-174.914744,-21.381443],[-174.91393,-21.444106],[-174.920277,-21.454197],[-174.935862,-21.445489],[-174.942209,-21.430271],[-174.954905,-21.418064],[-174.983632,-21.397719],[-174.983632,-21.390883],[-174.979685,-21.389418],[-174.96996,-21.383966],[-174.975819,-21.373142],[-174.976877,-21.359552],[-174.97175,-21.347914],[-174.951853,-21.339776],[-174.945505,-21.332127],[-174.935862,-21.315688],[-174.933542,-21.309503],[-174.926137,-21.29461],[-174.918406,-21.284438],[-174.914744,-21.292169]]],[[[-175.065541,-21.123956],[-175.054636,-21.131524],[-175.050893,-21.139337],[-175.051869,-21.154962],[-175.060496,-21.163751],[-175.11738,-21.203058],[-175.120961,-21.211684],[-175.119333,-21.222345],[-175.115915,-21.233575],[-175.113962,-21.244073],[-175.117624,-21.255955],[-175.126536,-21.262791],[-175.137807,-21.266209],[-175.148752,-21.267999],[-175.170359,-21.26336],[-175.180491,-21.25506],[-175.196523,-21.226332],[-175.209665,-21.214451],[-175.257314,-21.192153],[-175.264841,-21.19964],[-175.289622,-21.185968],[-175.303782,-21.180759],[-175.316274,-21.178643],[-175.325754,-21.173598],[-175.350453,-21.141046],[-175.364817,-21.113946],[-175.355295,-21.089614],[-175.332143,-21.071222],[-175.305776,-21.062595],[-175.318227,-21.076837],[-175.334055,-21.089614],[-175.34081,-21.102634],[-175.326243,-21.11712],[-175.315419,-21.121352],[-175.306508,-21.121677],[-175.249827,-21.111261],[-175.24059,-21.113702],[-175.233103,-21.119317],[-175.225209,-21.123793],[-175.218861,-21.13006],[-175.216379,-21.141046],[-175.231313,-21.150079],[-175.23823,-21.15838],[-175.23408,-21.168634],[-175.223582,-21.17254],[-175.213572,-21.16839],[-175.203562,-21.161554],[-175.193105,-21.158136],[-175.180776,-21.160089],[-175.163075,-21.169366],[-175.154978,-21.171808],[-175.140126,-21.16839],[-175.134226,-21.157892],[-175.128407,-21.144138],[-175.113962,-21.130792],[-175.103708,-21.126235],[-175.09081,-21.122735],[-175.077382,-21.121515],[-175.065541,-21.123956]]],[[[-174.361073,-19.801365],[-174.347524,-19.796808],[-174.336985,-19.787774],[-174.329661,-19.774998],[-174.325673,-19.759698],[-174.320749,-19.760675],[-174.309804,-19.764744],[-174.305857,-19.767185],[-174.313791,-19.784763],[-174.315134,-19.804457],[-174.32018,-19.819268],[-174.339345,-19.821873],[-174.346995,-19.818129],[-174.353139,-19.813735],[-174.357859,-19.808364],[-174.361073,-19.801365]]],[[[-175.069285,-19.712009],[-175.053334,-19.72381],[-175.04601,-19.751153],[-175.047841,-19.781183],[-175.059316,-19.801365],[-175.059316,-19.793878],[-175.065541,-19.801365],[-175.070505,-19.795587],[-175.075754,-19.79225],[-175.08727,-19.787693],[-175.086497,-19.787286],[-175.087636,-19.784763],[-175.08727,-19.780857],[-175.099477,-19.74977],[-175.100331,-19.739841],[-175.096669,-19.720798],[-175.090647,-19.71266],[-175.081654,-19.711358],[-175.069285,-19.712009]]],[[[-174.305816,-19.733005],[-174.288197,-19.723728],[-174.278188,-19.710626],[-174.269968,-19.696873],[-174.257436,-19.684666],[-174.252187,-19.699314],[-174.255198,-19.712172],[-174.261057,-19.724298],[-174.264272,-19.736423],[-174.271677,-19.749119],[-174.287546,-19.750584],[-174.302195,-19.744073],[-174.305816,-19.733005]]],[[[-174.260854,-19.630548],[-174.247996,-19.635919],[-174.244008,-19.646254],[-174.249257,-19.653741],[-174.264272,-19.650486],[-174.275217,-19.635675],[-174.288442,-19.611098],[-174.29304,-19.592706],[-174.277903,-19.59588],[-174.272776,-19.604262],[-174.267771,-19.626153],[-174.260854,-19.630548]]],[[[-175.631337,-15.559503],[-175.61262,-15.573337],[-175.617787,-15.601495],[-175.63915,-15.624282],[-175.668894,-15.621515],[-175.686269,-15.602309],[-175.683339,-15.582127],[-175.663767,-15.566013],[-175.631337,-15.559503]]],[[[-176.21349,-22.323907],[-176.204213,-22.326918],[-176.19811,-22.331964],[-176.201853,-22.336114],[-176.207021,-22.3388],[-176.210194,-22.3388],[-176.215891,-22.335138],[-176.219309,-22.329848],[-176.218251,-22.324884],[-176.21349,-22.323907]]],[[[-174.653798,-18.817478],[-174.664133,-18.801365],[-174.661244,-18.786879],[-174.649607,-18.779555],[-174.63386,-18.785333],[-174.62682,-18.79754],[-174.630238,-18.809015],[-174.640452,-18.816583],[-174.653798,-18.817478]]]]}},{"type":"Feature","properties":{"name":"Tuvalu","iso3":"TUV"},"geometry":{"type":"MultiPolygon","coordinates":[[[[179.191254,-8.542087],[179.200043,-8.529555],[179.204112,-8.518976],[179.202322,-8.509698],[179.19809,-8.497817],[179.19752,-8.481541],[179.199392,-8.460626],[179.206391,-8.474054],[179.207205,-8.498468],[179.215505,-8.511326],[179.21754,-8.520603],[179.209727,-8.529962],[179.191254,-8.542087]]],[[[178.380544,-8.070001],[178.373302,-8.069024],[178.375499,-8.056085],[178.383149,-8.039239],[178.390636,-8.026544],[178.380544,-8.070001]]],[[[177.152599,-7.197361],[177.152354,-7.195082],[177.150401,-7.190362],[177.150076,-7.188165],[177.153005,-7.195001],[177.153331,-7.199151],[177.152599,-7.200291],[177.152599,-7.197361]]],[[[176.314301,-6.302341],[176.319184,-6.289239],[176.322927,-6.288832],[176.322439,-6.295099],[176.314301,-6.302341]]],[[[177.344086,-6.121026],[177.339854,-6.114516],[177.338145,-6.111017],[177.337169,-6.108168],[177.348806,-6.110528],[177.356619,-6.114516],[177.356293,-6.118748],[177.344086,-6.121026]]],[[[176.135265,-5.692804],[176.125255,-5.679132],[176.129893,-5.677504],[176.140391,-5.687188],[176.148448,-5.70672],[176.135265,-5.692804]]],[[[179.906749,-9.399347],[179.906098,-9.418634],[179.905284,-9.420668],[179.904063,-9.400486],[179.898611,-9.386814],[179.901215,-9.387953],[179.906749,-9.399347]]],[[[179.867849,-9.343194],[179.873302,-9.346856],[179.878429,-9.360772],[179.876964,-9.36297],[179.871755,-9.350193],[179.867442,-9.344334],[179.867849,-9.343194]]],[[[178.682791,-7.491469],[178.667979,-7.463637],[178.665212,-7.454034],[178.688324,-7.474379],[178.691091,-7.475356],[178.69337,-7.483982],[178.694102,-7.493829],[178.691417,-7.49863],[178.682791,-7.491469]]]]}},{"type":"Feature","properties":{"name":"Vatican City","iso3":"VAT"},"geometry":{"type":"Polygon","coordinates":[[[12.453137,41.902752],[12.452714,41.903016],[12.452767,41.903439],[12.453031,41.903915],[12.453983,41.903862],[12.454035,41.902752],[12.453137,41.902752]]]}}]}
